name,risk,alpha,beta,r2,stddev,sharpe, 
Quant Liquid Mn IDCW-P,–,47.34,15.57,4.03,5.99,8.63
Quant Liquid Mn IDCW-R,–,47.34,15.57,4.03,5.99,8.63
Quant Liquid Dir Mn IDCW-P,–,15.06,26.05,5.33,8.7,2.51
Quant Liquid Dir Mn IDCW-R,–,15.06,26.05,5.33,8.7,2.51
DSP Credit Risk Fund Dir IDCW-P,High,14.52,-0.16,–,28.26,0.51
DSP Credit Risk Fund Dir IDCW-R,High,14.52,-0.16,–,28.26,0.51
DSP Credit Risk Fund Reg IDCW-P,High,13.5,-0.12,–,27.28,0.49
DSP Credit Risk Fund Reg IDCW-R,High,13.5,-0.12,–,27.28,0.49
Franklin India Opportunities Dir IDCW-P,–,13.18,0.91,61.67,16.81,1.41
Franklin India Opportunities Dir IDCW-R,–,13.18,0.91,61.67,16.81,1.41
Quant Liquid Dir Dl IDCW-R,–,12.88,31.9,9.42,8.01,2.65
Franklin India Opportunities Dir Gr,–,12.79,1,78.46,16.43,1.49
Mirae Asset NYSE FANG+ ETF FoF Dir Gr,–,12.72,0.75,57.15,25.62,1.46
ICICI Pru Infrastructure Dir Gr,Average,12.5,0.98,85.91,15.32,1.54
Franklin India Technology Dir Gr,–,12.35,0.81,80.83,17.2,0.82
HDFC Infrastructure Dir Gr,High,12.34,1.11,84.96,17.44,1.43
Mirae Asset NYSE FANG+ ETF FoF Reg Gr,–,12.34,0.75,57.18,25.62,1.45
Motilal Oswal Large & Midcap Dir Gr,High,12.33,1.08,64.21,19.24,1.25
HDFC Infrastructure Dir IDCW-P,Above Average,12.31,1.11,84.97,17.45,1.43
HDFC Infrastructure Dir IDCW-R,Above Average,12.31,1.11,84.97,17.45,1.43
ICICI Pru Infrastructure Dir IDCW-P,Average,12.18,0.98,86.06,15.32,1.52
ICICI Pru Infrastructure Dir IDCW-R,Average,12.18,0.98,86.06,15.32,1.52
Franklin India Opportunities IDCW-P,–,12.14,0.91,62.31,16.75,1.35
Franklin India Opportunities IDCW-R,–,12.14,0.91,62.31,16.75,1.35
Quant Liquid Dir Wk IDCW-P,–,12.09,20.56,5.04,7.07,2.47
Quant Liquid Dir Wk IDCW-R,–,12.09,20.56,5.04,7.07,2.47
Quant Liquid Dl IDCW-R,–,11.92,34.76,10.55,8.24,2.54
Motilal Oswal Large & Midcap Dir IDCW-P,High,11.92,1.08,64.04,19.21,1.23
Motilal Oswal Large & Midcap Dir IDCW-R,High,11.92,1.08,64.04,19.21,1.23
ICICI Pru Infrastructure Gr,Average,11.83,0.98,85.94,15.31,1.5
Franklin India Opportunities Gr,–,11.73,1,78.48,16.41,1.42
Franklin India Technology Dir IDCW-P,–,11.71,0.71,65.14,16.9,0.78
Franklin India Technology Dir IDCW-R,–,11.71,0.71,65.14,16.9,0.78
HDFC Infrastructure Gr,Above Average,11.48,1.11,84.93,17.44,1.38
HDFC Infrastructure IDCW-P,Above Average,11.48,1.11,84.94,17.45,1.38
HDFC Infrastructure IDCW-R,Above Average,11.48,1.11,84.94,17.45,1.38
Franklin Build India Dir Gr,Average,11.44,1.04,83.56,16.45,1.41
Franklin India Technology Gr,–,11.29,0.81,80.86,17.18,0.76
ICICI Pru Infrastructure IDCW-P,Average,11.15,0.98,86.08,15.3,1.45
ICICI Pru Infrastructure IDCW-R,Average,11.15,0.98,86.08,15.3,1.45
LIC MF Infrastructure Dir Gr,Above Average,11.04,1.14,66.61,20.35,1.18
LIC MF Infrastructure Dir IDCW-P,Above Average,10.94,1.14,66.6,20.35,1.18
LIC MF Infrastructure Dir IDCW-R,Above Average,10.94,1.14,66.6,20.35,1.18
Motilal Oswal Large & Midcap Reg IDCW-R,High,10.94,1.08,64.08,19.14,1.18
Motilal Oswal Large & Midcap Reg IDCW-P,High,10.94,1.08,64.08,19.14,1.18
Motilal Oswal Large & Midcap Reg Gr,High,10.94,1.08,64.21,19.22,1.18
JM Aggressive Hybrid Dir Qt Bns Princ,–,10.83,0.98,65.21,12.63,1.04
JM Aggressive Hybrid Dir HY Bns Princ,–,10.83,0.98,65.21,12.63,1.04
JM Aggressive Hybrid Dir Bns Princ,–,10.83,0.98,65.21,12.63,1.04
Franklin Build India Dir IDCW-P,Average,10.77,1.04,82.97,16.5,1.36
Franklin Build India Dir IDCW-R,Average,10.77,1.04,82.97,16.5,1.36
Franklin India Technology IDCW-P,–,10.68,0.71,65.6,16.87,0.72
Franklin India Technology IDCW-R,–,10.68,0.71,65.6,16.87,0.72
Bandhan Infrastructure Dir Gr,High,10.51,1.24,78.24,20.36,1.21
Franklin Build India Gr,Average,10.38,1.03,83.58,16.43,1.35
Bandhan Infrastructure Dir IDCW-P,High,10.3,1.23,78.2,20.24,1.2
Bandhan Infrastructure Dir IDCW-R,High,10.3,1.23,78.2,20.24,1.2
Motilal Oswal ELSS Tax Saver Dir Gr,High,10.11,1.13,66.11,19.75,1.13
Canara Robeco Infrastructure Dir Gr,Average,9.92,1.12,76.91,18.59,1.22
Quant Liquid Wk IDCW-R,–,9.9,42.38,13.15,8.99,2.32
Canara Robeco Infrastructure Dir IDCW-P,Average,9.86,1.11,74.73,18.72,1.2
Canara Robeco Infrastructure Dir IDCW-R,Average,9.86,1.11,74.73,18.72,1.2
LIC MF Infrastructure IDCW-P,Above Average,9.85,1.14,66.62,20.34,1.12
LIC MF Infrastructure Gr,Above Average,9.85,1.14,66.62,20.34,1.12
LIC MF Infrastructure IDCW-R,Above Average,9.85,1.14,66.62,20.34,1.12
DSP India T.I.G.E.R. Dir Gr,Above Average,9.77,1.12,77.15,18.56,1.21
Franklin Build India IDCW-P,Average,9.74,1.03,83.02,16.49,1.3
Franklin Build India IDCW-R,Average,9.74,1.03,83.02,16.49,1.3
SBI Technology Opportunities Dir IDCW-P,–,9.53,0.78,92.99,15.43,0.72
SBI Technology Opportunities Dir Gr,–,9.53,0.78,92.99,15.42,0.72
SBI Technology Opportunities Dir IDCW-R,–,9.53,0.78,92.99,15.43,0.72
JM Aggressive Hybrid Bns Princ,–,9.49,0.98,65.34,12.59,0.93
JM Aggressive Hybrid Qt Bns Princ,–,9.49,0.98,65.34,12.59,0.93
JM Aggressive Hybrid HY Bns Princ,–,9.49,0.98,65.34,12.59,0.93
JM Aggressive Hybrid Ann Bns princ,–,9.49,0.98,65.34,12.59,0.93
Invesco India Financial Serv Dir Gr,Below Average,9.34,0.88,78.19,14.8,1.17
Invesco India Financial Serv Dir IDCW-P,Below Average,9.31,0.88,78.2,14.81,1.17
Invesco India Financial Serv Dir IDCW-R,Below Average,9.31,0.88,78.2,14.81,1.17
DSP Credit Risk Fund Dir Mly IDCW-P,Above Average,9.3,-0.72,0.4,9.14,0.94
DSP India T.I.G.E.R. Dir IDCW-P,Above Average,9.3,1.13,77.2,18.62,1.19
DSP India T.I.G.E.R. Dir IDCW-R,Above Average,9.3,1.13,77.2,18.62,1.19
DSP Credit Risk Fund Dir Mly IDCW-R,Above Average,9.3,-0.72,0.4,9.14,0.94
ICICI Pru India Opports Dir Gr,–,9.28,0.8,89.57,12.33,1.51
Bandhan Infrastructure Gr,High,9.25,1.24,78.25,20.33,1.15
Invesco India Infrastructure Dir Gr,Average,9.25,1.19,75.85,19.92,1.14
HDFC Focused 30 Dir IDCW-P,Average,9.24,0.76,94.43,11.28,1.58
HDFC Focused 30 Dir IDCW-R,Average,9.24,0.76,94.43,11.28,1.58
HDFC Focused 30 Dir Gr,Average,9.23,0.76,94.45,11.28,1.58
Nippon India Multi Cap Dir Gr,Above Average,9.2,0.91,83.56,14.43,1.35
Nippon India Multi Cap Dir Bns,Above Average,9.2,0.91,83.56,14.43,1.35
SBI Long Term Equity Fund Dir Gr,Average,9.13,0.95,91.05,14.17,1.37
SBI Long Term Equity Fund Dir IDCW-P,Average,9.13,0.95,91.05,14.17,1.37
SBI Long Term Equity Fund Dir IDCW-R,Average,9.13,0.95,91.05,14.17,1.37
DSP Credit Risk Fund Dir Qt IDCW-P,High,9.08,-0.57,0.1,14.18,0.6
DSP Credit Risk Fund Dir Qt IDCW-R,High,9.08,-0.57,0.1,14.18,0.6
Bandhan Infrastructure IDCW-P,High,9.05,1.23,78.2,20.22,1.14
Bandhan Infrastructure IDCW-R,High,9.05,1.23,78.2,20.22,1.14
Invesco India Infrastructure Dir IDCW-P,Above Average,8.9,1.2,75.54,20.14,1.12
Invesco India Infrastructure Dir IDCW-R,Above Average,8.9,1.2,75.54,20.14,1.12
Motilal Oswal ELSS Tax Saver Reg Gr,High,8.89,1.13,66.12,19.73,1.07
Bandhan Core Equity Dir Gr,Above Average,8.89,0.95,88.38,14.43,1.33
Kotak India Growth Ser 4 Dir Gr,–,8.88,0.9,79.8,13.46,–
DSP India T.I.G.E.R. Reg Gr,Above Average,8.85,1.12,77.14,18.55,1.16
JM Value Dir Gr,Above Average,8.8,1,76.92,16.59,1.22
JM Value Dir IDCW-P,Above Average,8.8,1,76.92,16.59,1.22
JM Value Dir IDCW-R,Above Average,8.8,1,76.92,16.59,1.22
Kotak India Growth Ser 4 Dir IDCW,–,8.76,0.9,80.06,13.34,–
ICICI Pru Dividend Yield Eq Dir Gr,–,8.75,0.84,87.95,13.04,1.4
Nippon India Multi Cap Dir IDCW-P,High,8.69,0.91,83.09,14.55,1.31
Nippon India Multi Cap Dir IDCW-R,High,8.69,0.91,83.09,14.55,1.31
Canara Robeco Infrastructure Reg Gr,Below Average,8.67,1.12,76.92,18.57,1.15
Canara Robeco Infrastructure IDCW-P,Average,8.64,1.11,74.75,18.71,1.14
Canara Robeco Infrastructure IDCW-R,Average,8.64,1.11,74.75,18.71,1.14
Tata Nifty India Dgtl ETF FoF Dir IDCW-P,–,8.64,0.77,74.2,17.11,0.6
Tata Nifty India Dgtl ETF FoF Dir IDCW-R,–,8.64,0.77,74.2,17.11,0.6
Tata Nifty India Dgtl ETF FoF Dir Gr,–,8.64,0.77,74.2,17.11,0.6
ICICI Pru India Opports Dir IDCW-P,–,8.61,0.8,88.81,12.31,1.45
ICICI Pru India Opports Dir IDCW-R,–,8.61,0.8,88.81,12.31,1.45
Motilal Oswal ELSS Tax Saver Dir IDCW-P,High,8.53,1.07,63.33,19.22,1.05
Sundaram Fin Services Opp Dir Gr,Average,8.48,0.91,86.18,14.66,1.14
Bandhan Core Equity Dir IDCW-P,Average,8.47,0.94,87.86,14.33,1.3
Bandhan Core Equity Dir IDCW-R,Average,8.47,0.94,87.86,14.33,1.3
SBI Long Term Equity Fund Reg Gr,Average,8.46,0.95,91.08,14.16,1.32
SBI Long Term Equity Fund Reg IDCW-P,Average,8.46,0.95,91.08,14.16,1.32
SBI Long Term Equity Fund Reg IDCW-R,Average,8.46,0.95,91.08,14.16,1.32
Nippon India Multi Cap Bns,Above Average,8.43,0.91,83.55,14.43,1.3
Nippon India Multi Cap Gr,Above Average,8.43,0.91,83.55,14.43,1.3
SBI Technology Opportunities Reg Gr,–,8.42,0.78,92.99,15.4,0.65
SBI Technology Opportunities Reg IDCW-P,–,8.42,0.78,92.99,15.4,0.65
SBI Technology Opportunities Reg IDCW-R,–,8.42,0.78,92.99,15.4,0.65
Invesco India large& mid cap Dir Gr,Average,8.4,0.98,82.27,15.46,1.23
HSBC Infrastructure Fund Dir Gr,Average,8.39,1.11,74.2,18.69,1.12
Bank of India Manfactrg &Infra Dir Gr,Below Average,8.37,1.09,84.63,17.14,1.21
Bank of India Manfactrg&InfraDirQtIDCWP,Below Average,8.37,1.08,84.63,17.13,1.21
Bank of IndiaManfactrg&InfraDirRegIDCWP,Below Average,8.37,1.08,84.57,17.13,1.21
Bank of India Manfactrg&InfraDirQtIDCWR,Below Average,8.37,1.08,84.63,17.13,1.21
Bank of IndiaManfactrg&InfraDirRegIDCWR,Below Average,8.37,1.08,84.57,17.13,1.21
DSP India T.I.G.E.R. Reg IDCW-P,Above Average,8.36,1.13,77.2,18.61,1.14
DSP India T.I.G.E.R. Reg IDCW-R,Above Average,8.36,1.13,77.2,18.61,1.14
Invesco India Focused Dir Gr,Above Average,8.36,0.96,80.34,15.59,1.24
JM Aggressive Hybrid Dir Gr,High,8.32,1.01,63.24,12.18,1.32
JM Aggressive Hybrid Dir IDCW-P,High,8.32,1.01,63.24,12.18,1.32
JM Aggressive Hybrid Dir Ann IDCW-P,High,8.32,1.01,63.23,12.17,1.32
JM Aggressive Hybrid Dir HY IDCW-P,High,8.32,1.01,63.24,12.18,1.32
JM Aggressive Hybrid Dir Mn IDCW-P,High,8.32,1.01,63.24,12.18,1.32
JM Aggressive Hybrid Dir Qt IDCW-P,High,8.32,1.01,63.24,12.18,1.32
JM Aggressive Hybrid Dir Ann Bns,High,8.32,1.01,63.23,12.18,1.32
JM Aggressive Hybrid Dir HY IDCW-R,High,8.32,1.01,63.24,12.18,1.32
JM Aggressive Hybrid Dir IDCW-R,High,8.32,1.01,63.24,12.18,1.32
JM Aggressive Hybrid Dir Mn IDCW-R,High,8.32,1.01,63.24,12.18,1.32
JM Aggressive Hybrid Dir Ann IDCW-R,High,8.32,1.01,63.23,12.17,1.32
JM Aggressive Hybrid Dir Qt IDCW-R,High,8.32,1.01,63.24,12.18,1.32
DSP Credit Risk Fund Reg Qt IDCW-P,High,8.28,-0.56,0.1,14.03,0.55
DSP Credit Risk Fund Reg Qt IDCW-R,High,8.28,-0.56,0.1,14.03,0.55
DSP Credit Risk Fund Reg Mly IDCW-P,Above Average,8.26,-0.51,0.23,8.52,0.91
DSP Credit Risk Fund Reg Mly IDCW-R,Above Average,8.26,-0.51,0.23,8.52,0.91
Invesco India large& mid cap Dir IDCW-P,Average,8.25,0.98,82.01,15.38,1.22
Invesco India large& mid cap Dir IDCW-R,Average,8.25,0.98,82.01,15.38,1.22
SBI Infrastructure Dir Gr,Below Average,8.22,0.98,85.99,15.27,1.26
SBI Infrastructure Dir IDCW-P,Below Average,8.22,0.98,85.99,15.27,1.26
SBI Infrastructure Dir IDCW-R,Below Average,8.22,0.98,85.99,15.27,1.26
Motilal Oswal Midcap Dir Gr,High,8.19,0.86,66.78,18.22,1.32
Tata Nifty India Dgtl ETF FoF Reg IDCW-R,–,8.18,0.77,74.17,17.12,0.57
ICICI Pru India Opports Reg Gr,–,8.18,0.8,89.57,12.31,1.42
Tata Nifty India Dgtl ETF FoF Reg Gr,–,8.18,0.77,74.17,17.12,0.57
Tata Nifty India Dgtl ETF FoF Reg IDCW-P,–,8.18,0.77,74.17,17.12,0.57
Quant Quantamental Dir IDCW-P,–,8.08,1.02,79.28,16.47,1.16
Quant Quantamental Dir IDCW-R,–,8.08,1.02,79.28,16.47,1.16
ICICI Pru Dividend Yield Eq Dir IDCW-P,–,8.07,0.84,87.82,12.97,1.35
ICICI Pru Dividend Yield Eq Dir IDCW-R,–,8.07,0.84,87.82,12.97,1.35
Aditya BSL Infrastructure Dir Gr,Above Average,8.04,1.09,80.54,17.66,1.16
HDFC Focused 30 IDCW-P,Average,8.02,0.75,94.46,11.27,1.47
HDFC Focused 30 IDCW-R,Average,8.02,0.75,94.46,11.27,1.47
Invesco India Financial Serv IDCW-P,Below Average,7.99,0.88,78.26,14.8,1.08
Invesco India Financial Serv Gr,Below Average,7.99,0.88,78.24,14.79,1.08
HDFC Focused 30 Gr,Below Average,7.99,0.76,94.45,11.27,1.47
Invesco India Financial Serv IDCW-R,Below Average,7.99,0.88,78.26,14.8,1.08
HDFC Flexi Cap Dir Gr,Above Average,7.98,0.83,94.54,12.4,1.4
HDFC Flexi Cap Dir IDCW-P,Above Average,7.97,0.83,94.52,12.4,1.4
HDFC Flexi Cap Dir IDCW-R,Above Average,7.97,0.83,94.52,12.4,1.4
Kotak Infra & Econ Reform Dir Gr,Above Average,7.96,1.09,72.22,18.66,1.09
Kotak Infra & Econ Reform Dir IDCW-P,Average,7.96,1.09,72.22,18.66,1.09
Kotak Infra & Econ Reform Dir IDCW-R,Average,7.96,1.09,72.22,18.66,1.09
JM Flexicap Dir IDCW-P,Above Average,7.94,0.98,83.46,15.57,1.22
JM Flexicap Dir Gr,Above Average,7.94,0.98,83.46,15.57,1.22
JM Flexicap Dir IDCW-R,Above Average,7.94,0.98,83.46,15.57,1.22
Sundaram Fin Services Opp Dir IDCW-P,Average,7.93,0.92,86.04,14.74,1.1
Sundaram Fin Services Opp Dir IDCW-R,Average,7.93,0.92,86.04,14.74,1.1
Sundaram Fin Services Opp Dir IDCW-T,Average,7.93,0.92,86.04,14.74,1.1
Invesco India Focused Dir IDCW-R,High,7.93,0.97,80.46,15.75,1.2
Quant Quantamental Dir Gr,–,7.93,1.02,79.22,16.43,1.15
Invesco India Focused Dir IDCW-P,High,7.93,0.97,80.46,15.75,1.2
ICICI Pru ESG Exclsnry Strtgy Dir Gr,Below Average,7.89,0.84,88.1,12.82,1.18
Invesco India Infrastructure Gr,Average,7.84,1.19,75.81,19.9,1.07
JM Value IDCW-P,Above Average,7.82,1,76.87,16.58,1.16
JM Value Gr,Above Average,7.82,1,76.87,16.58,1.16
JM Value IDCW-R,Above Average,7.82,1,76.87,16.58,1.16
Kotak India Growth Ser 4 Reg Gr,–,7.8,0.9,80.05,13.33,–
Kotak India Growth Ser 4 Reg IDCW,–,7.8,0.9,80.06,13.33,–
Kotak Multicap Dir IDCW-R,High,7.77,1.06,91.68,16.14,1.23
Kotak Multicap Dir Gr,High,7.77,1.06,91.69,16.14,1.23
Kotak Multicap Dir IDCW-P,High,7.77,1.06,91.68,16.14,1.23
Motilal Oswal Midcap Dir IDCW-P,High,7.76,0.86,66.56,18.24,1.29
Motilal Oswal Midcap Dir IDCW-R,High,7.76,0.86,66.56,18.24,1.29
HSBC Infrastructure Fund Dir IDCW-P,Average,7.75,1.11,74.16,18.76,1.09
HSBC Infrastructure Fund Dir IDCW-R,Average,7.75,1.11,74.16,18.76,1.09
Tata Banking & Financial Svcs Dir IDCW-P,Below Average,7.74,0.9,85.73,14.59,1.09
Tata Banking & Financial Svcs Dir Gr,Below Average,7.74,0.9,85.73,14.59,1.09
Tata Banking & Financial Svcs Dir IDCW-R,Below Average,7.74,0.9,85.73,14.59,1.09
Bandhan Core Equity Gr,Average,7.7,0.95,88.38,14.41,1.25
Aditya BSL Infrastructure Dir IDCW-P,Above Average,7.67,1.1,80.88,17.75,1.13
Aditya BSL Infrastructure Dir IDCW-R,Above Average,7.67,1.1,80.88,17.75,1.13
Nippon India Banking & Fin Srvs Dir Bns,Above Average,7.65,0.86,86.39,13.86,1.12
Nippon India Banking & Fin Srvs Dir Gr,Above Average,7.65,0.86,86.39,13.86,1.12
Nippon India Multi Cap IDCW-P,Above Average,7.65,0.92,82.96,14.58,1.24
Nippon India Multi Cap IDCW-R,Above Average,7.65,0.92,82.96,14.58,1.24
HSBC Value Dir Gr,Above Average,7.62,0.99,88.75,15.32,1.23
Bandhan Small Cap Dir Gr,Above Average,7.61,0.88,93.93,18.21,1.36
Motilal Oswal Flexicap Dir Gr,Above Average,7.6,0.9,66.93,16.02,1.11
SBI Infrastructure Reg IDCW-P,Below Average,7.59,0.98,85.89,15.28,1.22
SBI Infrastructure Reg Gr,Below Average,7.59,0.98,85.89,15.28,1.22
SBI Infrastructure Reg IDCW-R,Below Average,7.59,0.98,85.89,15.28,1.22
ICICI Pru ESG Exclsnry Strtgy Dir IDCW-P,Below Average,7.46,0.84,87,12.85,1.14
ICICI Pru ESG Exclsnry Strtgy Dir IDCW-R,Below Average,7.46,0.84,87,12.85,1.14
ICICI Pru Large & Mid Cap Dir Gr,Below Average,7.45,0.85,91.84,12.59,1.32
Tata Digital India Dir IDCW-P,–,7.43,0.9,96.41,17.47,0.53
Tata Digital India Dir Gr,–,7.43,0.9,96.41,17.47,0.53
Tata Digital India Dir IDCW-R,–,7.43,0.9,96.41,17.47,0.53
DSP Credit Risk Fund Dir Gr,Above Average,7.42,0.94,1.24,6.77,1.24
HDFC ELSS TaxSaver Dir IDCW-P,Average,7.41,0.85,95.53,12.39,1.34
HDFC ELSS TaxSaver Dir IDCW-R,Average,7.41,0.85,95.53,12.39,1.34
HDFC ELSS TaxSaver Dir Gr,Average,7.4,0.85,95.52,12.39,1.34
ICICI Pru India Opports Reg IDCW-R,–,7.37,0.8,88.62,12.3,1.35
ICICI Pru India Opports Reg IDCW-P,–,7.37,0.8,88.62,12.3,1.35
Invesco India Infrastructure IDCW-P,Average,7.36,1.21,75.35,20.21,1.04
Invesco India Infrastructure IDCW-R,Average,7.36,1.21,75.35,20.21,1.04
HSBC Infrastructure Fund Gr,Average,7.33,1.11,74.24,18.67,1.07
ICICI Pru Dividend Yield Eq Gr,–,7.32,0.84,88.04,13.05,1.29
HDFC Flexi Cap Gr,Above Average,7.32,0.83,94.56,12.4,1.35
Bandhan Core Equity IDCW-P,Average,7.31,0.94,87.86,14.32,1.22
Bandhan Core Equity IDCW-R,Average,7.31,0.94,87.86,14.32,1.22
SBI Banking & Financial Svcs Dir Gr,Below Average,7.3,0.83,85.17,13.47,1.11
SBI Banking & Financial Svcs Dir IDCW-P,Below Average,7.3,0.83,85.17,13.47,1.11
SBI Banking & Financial Svcs Dir IDCW-R,Below Average,7.3,0.83,85.17,13.47,1.11
Nippon India Power & Infra Dir Gr,–,7.29,1.07,85.12,18.9,1.3
Nippon India Power & Infra Dir Bns,–,7.29,1.07,85.12,18.9,1.3
HDFC Flexi Cap IDCW-P,Above Average,7.29,0.83,94.53,12.39,1.35
HDFC Flexi Cap IDCW-R,Above Average,7.29,0.83,94.53,12.39,1.35
SBI Long Term Advnt Fd Series V Dir IDCW,–,7.26,0.89,77.61,14.43,1.17
SBI Long Term Advnt Fd Series V Dir Gr,–,7.26,0.89,77.61,14.43,1.17
Bandhan Small Cap Dir IDCW-P,Above Average,7.26,0.88,86.16,18.95,1.28
DSP Credit Risk Fund Dir Wly IDCW-P,Above Average,7.26,0.96,1.28,6.79,1.21
Bandhan Small Cap Dir IDCW-T,Above Average,7.26,0.88,86.16,18.95,1.28
DSP Credit Risk Fund Dir Dl IDCW-R,Above Average,7.25,0.94,1.24,6.76,1.21
Nippon India Banking & Fin SrvsDir IDCWP,Above Average,7.21,0.87,86.14,13.95,1.08
Nippon India Banking & Fin SrvsDir IDCWR,Above Average,7.21,0.87,86.14,13.95,1.08
Invesco India large& mid cap Gr,Average,7.19,0.98,82.28,15.45,1.15
ICICI Pru Large & Mid Cap Dir IDCW-P,Below Average,7.19,0.84,91.67,12.56,1.3
ICICI Pru Large & Mid Cap Dir IDCW-R,Below Average,7.19,0.84,91.67,12.56,1.3
Motilal Oswal Flexicap Dir IDCW-P,Above Average,7.17,0.9,66.7,16,1.09
Motilal Oswal Flexicap Dir IDCW-R,Above Average,7.17,0.9,66.7,16,1.09
Aditya BSL Infrastructure Plan A Gr,Above Average,7.16,1.09,80.55,17.64,1.11
ITI ELSS Tax Saver Dir Gr,Above Average,7.14,1,82.5,15.74,1.14
ITI ELSS Tax Saver Dir IDCW-P,Above Average,7.14,1,82.5,15.74,1.14
Invesco India Flexi Cap Dir IDCW-R,Above Average,7.13,0.94,85.48,14.82,1.2
Invesco India Flexi Cap Dir Gr,Above Average,7.13,0.94,85.66,14.81,1.2
Invesco India Flexi Cap Dir IDCW-P,Above Average,7.13,0.94,85.48,14.82,1.2
SBI Contra Dir Gr,–,7.12,0.86,93.28,12.89,1.31
SBI Contra Dir IDCW-P,–,7.12,0.86,93.28,12.89,1.31
SBI Contra Dir IDCW-R,–,7.12,0.86,93.28,12.89,1.31
ITI Small Cap Dir Gr,Above Average,7.12,0.81,89.14,17.23,1.33
ITI Small Cap Dir IDCW-P,Above Average,7.12,0.81,89.14,17.23,1.33
ITI Small Cap Dir IDCW-R,Above Average,7.12,0.81,89.14,17.23,1.33
Motilal Oswal Midcap Reg Gr,High,7.09,0.86,66.79,18.2,1.26
SBI Magnum Children's Bnf - IP Dir Gr,–,7.06,1.08,55.52,13.87,1.1
Parag Parikh Flexi Cap Dir Gr,Low,7.04,0.61,79.16,10,1.4
Sundaram Fin Services Opp Reg Gr,Below Average,7.03,0.91,86.22,14.66,1.05
Invesco India large& mid cap IDCW-P,Average,6.98,0.97,81.89,15.34,1.14
Bank of India Manfactrg & Infra Gr,Below Average,6.98,1.08,84.63,17.13,1.13
Bank of India Manfactrg & Infra IDCWP,Below Average,6.98,1.08,84.55,17.12,1.13
Invesco India large& mid cap IDCW-R,Average,6.98,0.97,81.89,15.34,1.14
Bank of India Manfactrg & Infra IDCWR,Below Average,6.98,1.08,84.55,17.12,1.13
Motilal Oswal ELSS Tax Saver Reg IDCW-P,High,6.97,1.06,62.03,19.14,0.96
Bank of India Manfactrg & Infra QtIDCWP,Below Average,6.96,1.08,84.66,17.12,1.12
Bank of India Manfactrg & Infra QtIDCWR,Below Average,6.96,1.08,84.66,17.12,1.12
Invesco India Focused Reg Gr,Above Average,6.94,0.96,80.29,15.57,1.15
HDFC Multi Cap Dir Gr,Above Average,6.92,1,91.4,15.13,1.2
HDFC Multi Cap Dir IDCW-R,Above Average,6.92,1,91.41,15.13,1.2
HDFC Multi Cap Dir IDCW-P,Above Average,6.92,1,91.41,15.13,1.2
ICICI Pru Business Cycle Dir Gr,–,6.89,0.85,89.37,12.99,1.28
SBI Long Term Advnt Fd Series V Reg IDCW,–,6.88,0.89,77.61,14.43,1.14
SBI Long Term Advnt Fd Series V Reg Gr,–,6.88,0.89,77.61,14.43,1.14
HSBC Value Dir IDCW-P,Above Average,6.88,1,88.97,15.48,1.18
HSBC Value Dir IDCW-R,Above Average,6.88,1,88.97,15.48,1.18
JM Aggressive Hybrid IDCW-P,High,6.87,1.01,63.24,12.16,1.2
JM Aggressive Hybrid Ann IDCW-P,High,6.87,1.01,63.24,12.16,1.2
JM Aggressive Hybrid Gr,High,6.87,1.01,63.24,12.16,1.2
JM Aggressive Hybrid Qt IDCW-P,High,6.87,1.01,63.24,12.16,1.2
JM Aggressive Hybrid Mn IDCW-P,High,6.87,1.01,63.24,12.16,1.2
JM Aggressive Hybrid HY IDCW-P,High,6.87,1.01,63.24,12.16,1.2
JM Aggressive Hybrid Qt IDCW-R,High,6.87,1.01,63.24,12.16,1.2
ICICI Pru Thematic Advtg(FOF) Dir Gr,–,6.87,0.73,90.29,11.08,1.34
JM Aggressive Hybrid Mn IDCW-R,High,6.87,1.01,63.24,12.16,1.2
JM Aggressive Hybrid IDCW-R,High,6.87,1.01,63.24,12.16,1.2
JM Aggressive Hybrid HY IDCW-R,High,6.87,1.01,63.24,12.16,1.2
JM Aggressive Hybrid Ann IDCW-R,High,6.87,1.01,63.24,12.16,1.2
ICICI Pru Focused Equity Dir Gr,Below Average,6.85,0.92,92.14,13.94,1.24
ICICI Pru Value Discovery Dir Gr,Low,6.84,0.77,87.64,12,1.3
Axis Multicap Dir Gr,Average,6.84,0.96,87.87,14.87,1.19
Edelweiss Aggressive Hybrid B IDCW-P,Average,6.83,1.05,92.28,10.47,1.42
Edelweiss Aggressive Hybrid B IDCW-R,Average,6.83,1.05,92.28,10.47,1.42
Nippon India Banking & Fin Srvs Gr,Average,6.81,0.86,86.38,13.85,1.06
Nippon India Banking & Fin Srvs Bns,Average,6.81,0.86,86.38,13.85,1.06
Axis Multicap Dir IDCW-P,Average,6.81,0.96,87.95,14.89,1.19
Axis Multicap Dir IDCW-R,Average,6.81,0.96,87.95,14.89,1.19
HDFC ELSS TaxSaver IDCW-P,Below Average,6.79,0.85,95.54,12.39,1.29
HDFC ELSS TaxSaver IDCW-R,Below Average,6.79,0.85,95.54,12.39,1.29
HDFC ELSS TaxSaver Gr,Below Average,6.78,0.85,95.53,12.39,1.29
Sundaram Fin Services Opp Instl Gr,–,6.76,0.9,84.33,14.52,0.89
Motilal Oswal Flexicap Reg Gr,Above Average,6.74,0.9,66.95,16.01,1.06
Axis Value Dir Gr,Above Average,6.74,1,92.26,15.08,1.2
JM Flexicap IDCW-P,Above Average,6.73,0.98,83.49,15.55,1.15
JM Flexicap Gr,Above Average,6.73,0.98,83.49,15.55,1.15
JM Flexicap IDCW-R,Above Average,6.73,0.98,83.49,15.55,1.15
HSBC Infrastructure Fund IDCW-P,Average,6.72,1.11,74.2,18.74,1.03
HSBC Infrastructure Fund IDCW-R,Average,6.72,1.11,74.2,18.74,1.03
ICICI Pru Value Discovery Dir IDCW-P,Low,6.7,0.77,87.5,12,1.29
ICICI Pru Value Discovery Dir IDCW-R,Low,6.7,0.77,87.5,12,1.29
Aditya BSL Infrastructure Plan A IDCW-P,Above Average,6.67,1.09,80.56,17.69,1.08
Aditya BSL Infrastructure Plan A IDCW-R,Above Average,6.67,1.09,80.56,17.69,1.08
HSBC Value Gr,Average,6.65,0.99,88.77,15.31,1.17
ICICI Pru Focused Equity Dir IDCW-P,Below Average,6.62,0.92,91.94,13.95,1.22
DSP Credit Risk Fund Reg Gr,Above Average,6.62,0.94,1.24,6.77,1.12
ICICI Pru Focused Equity Dir IDCW-R,Below Average,6.62,0.92,91.94,13.95,1.22
Sundaram Services Dir Gr,–,6.62,0.91,84.85,13.51,1.03
ICICI Pru ESG Exclsnry Strtgy Reg Gr,Below Average,6.62,0.84,88.05,12.84,1.08
ICICI Pru Large & Mid Cap Gr,Below Average,6.56,0.85,91.88,12.58,1.25
Nippon India Power & Infra Bns,–,6.55,1.07,85.1,18.9,1.26
Nippon India Power & Infra Gr,–,6.55,1.07,85.1,18.9,1.26
Kotak Infra & Econ Reform Reg Gr,Average,6.54,1.09,72.28,18.64,1.01
Kotak Infra & Econ Reform Reg IDCW-P,Above Average,6.54,1.09,72.27,18.64,1.01
Kotak Infra & Econ Reform Reg IDCW-R,Above Average,6.54,1.09,72.27,18.64,1.01
UTI Large & Mid Cap Dir Gr,Average,6.53,0.94,91.61,14.07,1.19
UTI Large & Mid Cap Dir IDCW-P,Average,6.53,0.94,91.61,14.07,1.19
UTI Large & Mid Cap Dir IDCW-R,Average,6.53,0.94,91.61,14.07,1.19
Nippon India Power & Infra Dir IDCW-P,–,6.5,1.08,84.73,19.15,1.25
Nippon India Power & Infra Dir IDCW-R,–,6.5,1.08,84.73,19.15,1.25
Axis Value Dir IDCW-P,Above Average,6.5,1,91.94,15.18,1.18
Axis Value Dir IDCW-R,Above Average,6.5,1,91.94,15.18,1.18
Sundaram Fin Services Opp Reg IDCW-P,Below Average,6.48,0.92,86.09,14.74,1.01
Aditya BSL Digital India Dir Gr,–,6.48,0.86,95.44,16.92,0.49
DSP Credit Risk Fund Reg Wly IDCW-R,Above Average,6.48,0.94,1.23,6.79,1.1
Sundaram Fin Services Opp Reg IDCW-R,Below Average,6.48,0.92,86.09,14.74,1.01
Sundaram Fin Services Opp Reg IDCW-T,Below Average,6.48,0.92,86.09,14.74,1.01
DSP Credit Risk Fund Reg Dl IDCW-R,Above Average,6.46,0.93,1.22,6.76,1.1
Invesco India Focused Reg IDCW-R,High,6.44,0.97,80.48,15.78,1.11
Quant Quantamental Reg IDCW-R,–,6.44,1.02,79.28,16.42,1.06
Quant Quantamental Reg IDCW-P,–,6.44,1.02,79.28,16.42,1.06
Invesco India Focused Reg IDCW-P,High,6.44,0.97,80.48,15.78,1.11
Quant Value Dir Gr,High,6.43,1.16,76.56,19.34,1.02
Quant Quantamental Reg Gr,–,6.42,1.02,79.25,16.42,1.06
HDFC Banking & Financial Svcs Dir IDCW-R,Below Average,6.39,0.9,87.37,14.35,1.02
HDFC Banking & Financial Svcs Dir IDCW-P,Below Average,6.39,0.9,87.37,14.35,1.02
HDFC Banking & Financial Svcs Dir Gr,Below Average,6.38,0.9,87.33,14.35,1.01
Quant Value Dir IDCW-R,High,6.36,1.16,76.63,19.32,1.01
Quant Value Dir IDCW-P,High,6.36,1.16,76.63,19.32,1.01
HDFC Large and Mid Cap Dir IDCW-P,Average,6.35,0.88,83.9,13.6,1.16
HDFC Large and Mid Cap Dir IDCW-R,Average,6.35,0.88,83.9,13.6,1.16
ICICI Pru Dividend Yield Eq IDCW-P,–,6.33,0.83,87.51,12.95,1.22
ICICI Pru Dividend Yield Eq IDCW-R,–,6.33,0.83,87.51,12.95,1.22
Kotak Multicap Reg IDCW-P,Above Average,6.33,1.06,91.73,16.13,1.14
Kotak Multicap Reg Gr,Above Average,6.33,1.06,91.72,16.13,1.14
Kotak Multicap Reg IDCW-R,Above Average,6.33,1.06,91.73,16.13,1.14
ICICI Pru Value Discovery Gr,Low,6.31,0.77,87.66,11.99,1.26
Parag Parikh Flexi Cap Reg Gr,Low,6.25,0.61,79.09,10,1.32
Nippon India Value Dir Gr,Average,6.24,0.98,94.31,14.63,1.19
Motilal Oswal Midcap Reg IDCW-P,High,6.24,0.86,66.15,18.4,1.2
Motilal Oswal Midcap Reg IDCW-R,High,6.24,0.86,66.15,18.4,1.2
Motilal Oswal Flexicap Reg IDCW-P,Above Average,6.23,0.9,66.61,16.01,1.03
Motilal Oswal Flexicap Reg IDCW-R,Above Average,6.23,0.9,66.61,16.01,1.03
Sundaram Fin Services Opp Instl IDCW-P,–,6.21,0.9,84.24,14.58,0.85
ICICI Pru Multicap Dir Gr,Below Average,6.21,0.9,94.98,13.42,1.22
SBI Contra Reg Gr,–,6.21,0.86,93.27,12.88,1.24
SBI Contra Reg IDCW-P,–,6.21,0.86,93.27,12.88,1.24
Sundaram Fin Services Opp Instl IDCW-T,–,6.21,0.9,84.24,14.58,0.85
Sundaram Fin Services Opp Instl IDCW-R,–,6.21,0.9,84.24,14.58,0.85
SBI Contra Reg IDCW-R,–,6.21,0.86,93.27,12.88,1.24
DSP Large cap Dir IDCW-P,Average,6.2,0.71,62.58,12.29,1.08
DSP Large cap Dir IDCW-R,Average,6.2,0.71,62.58,12.29,1.08
ICICI Pru Technology Dir Gr,–,6.19,0.85,96.56,16.64,0.48
Mirae Asset Banking & Fin Svcs Dir Gr,Above Average,6.19,0.94,88.16,15.02,0.98
Tata Banking & Financial Svcs Reg Gr,Low,6.18,0.9,85.77,14.58,0.99
SBI Banking & Financial Svcs Reg IDCW-P,Below Average,6.17,0.83,85.2,13.46,1.02
Tata Banking & Financial Svcs Reg IDCW-P,Low,6.17,0.9,85.76,14.58,0.99
SBI Banking & Financial Svcs Reg Gr,Below Average,6.17,0.83,85.2,13.46,1.02
Tata Banking & Financial Svcs Reg IDCW-R,Low,6.17,0.9,85.76,14.58,0.99
SBI Banking & Financial Svcs Reg IDCW-R,Below Average,6.17,0.83,85.2,13.46,1.02
ICICI Pru Exports and Services Dir Gr,–,6.16,0.76,89.48,11.63,1.27
ICICI Pru Business Cycle Dir IDCW-R,–,6.16,0.85,90.53,13,1.23
ICICI Pru Business Cycle Dir IDCW-P,–,6.16,0.85,90.53,13,1.23
ICICI Pru ESG Exclsnry Strtgy Reg IDCW-R,Low,6.16,0.84,87.02,12.83,1.04
Bandhan Small Cap Reg Gr,Average,6.16,0.88,93.88,18.17,1.28
ICICI Pru ESG Exclsnry Strtgy Reg IDCW-P,Low,6.16,0.84,87.02,12.83,1.04
Nippon India Quant Dir Bns,–,6.14,0.99,94.72,14.43,1.08
Nippon India Quant Dir Gr,–,6.14,0.99,94.72,14.43,1.08
Mirae Asset Banking & Fin Svcs DirIDCW-R,Above Average,6.14,0.94,88.16,15.02,0.98
Mirae Asset Banking & Fin Svcs DirIDCW-P,Above Average,6.14,0.94,88.16,15.02,0.98
Nippon India Quant Dir IDCW-P,–,6.13,0.99,94.72,14.43,1.08
Nippon India Quant Dir IDCW-R,–,6.13,0.99,94.72,14.43,1.08
Sundaram Services Dir IDCW-R,–,6.1,0.92,84.59,13.63,0.99
Sundaram Services Dir IDCW-P,–,6.1,0.92,84.59,13.63,0.99
Nippon India Banking & Fin Srvs IDCWP,Average,6.09,0.87,85.88,14,1
Nippon India Banking & Fin Srvs IDCWR,Average,6.09,0.87,85.88,14,1
ICICI Pru Ret Pure Eq Plan Dir Gr,–,6.08,0.95,89.01,14.68,1.17
LIC MF Dividend Yield Dir Gr,–,6.08,1.04,90.24,15.87,1.13
LIC MF Dividend Yield Dir IDCW-P,–,6.07,1.04,90.24,15.87,1.12
LIC MF Dividend Yield Dir IDCW-R,–,6.07,1.04,90.24,15.87,1.12
Quant ESG Equity Dir Gr,High,6.04,1.05,76.19,17.22,0.87
ICICI Pru Ret Pure Eq Plan Dir IDCW-P,–,6.04,0.96,89.12,14.7,1.16
Quant ESG Equity Dir IDCW-R,High,6.03,1.05,76.18,17.22,0.87
Quant ESG Equity Dir IDCW-P,High,6.03,1.05,76.18,17.22,0.87
Bank of India Mid & Small Cp Eq&DbtDirGr,High,6.02,1.22,62.52,14.76,1.04
Tata Digital India Reg Gr,–,5.99,0.9,96.39,17.46,0.45
Tata Digital India Reg IDCW-P,–,5.99,0.9,96.39,17.46,0.45
Tata Digital India Reg IDCW-R,–,5.99,0.9,96.39,17.46,0.45
ICICI Pru Technology Dir IDCW-P,–,5.98,0.85,96.55,16.63,0.47
Nippon India Large Cap Dir Gr,Above Average,5.98,0.94,96.25,13.18,1.17
Nippon India Large Cap Dir Bns,Above Average,5.98,0.94,96.25,13.18,1.17
ICICI Pru Technology Dir IDCW-R,–,5.98,0.85,96.55,16.63,0.47
Parag Parikh ELSS Tax Saver Dir Gr,Low,5.98,0.67,83.08,10.43,1.26
Baroda BNP P Bank & Fin Srvs Dir Gr,Below Average,5.97,0.92,88.2,14.63,0.98
Bank of India Mid&SmallCpEq&Dbt DirIDCWP,High,5.96,1.22,62.53,14.78,1.04
Bank of India Mid&SmallCpEq&Dbt DirIDCWR,High,5.96,1.22,62.53,14.78,1.04
ICICI Pru Large & Mid Cap IDCW-P,Below Average,5.94,0.84,91.36,12.51,1.2
ICICI Pru Large & Mid Cap IDCW-R,Below Average,5.94,0.84,91.36,12.51,1.2
ICICI Pru Multicap Dir IDCW-P,Below Average,5.93,0.9,94.83,13.45,1.2
Aditya BSL Digital India Dir IDCW-P,–,5.93,0.86,95.45,16.77,0.46
ICICI Pru Multicap Dir IDCW-R,Below Average,5.93,0.9,94.83,13.45,1.2
Aditya BSL Digital India Dir IDCW-R,–,5.93,0.86,95.45,16.77,0.46
Nippon India Value Dir IDCW-P,Average,5.92,0.97,93.79,14.61,1.16
Sundaram LT Tax Ad Sr IV Dir Gr,–,5.92,0.89,61,16.22,0.96
Nippon India Value Dir IDCW-R,Average,5.92,0.97,93.79,14.61,1.16
ICICI Pru Exports and Services DirIDCW-P,–,5.91,0.76,89.31,11.64,1.25
ICICI Pru Exports and Services DirIDCW-R,–,5.91,0.76,89.31,11.64,1.25
Sundaram LT Tax Ad Sr IV Dir IDCW-T,–,5.88,0.89,60.78,16.2,0.95
Sundaram LT Tax Ad Sr IV Dir IDCW-P,–,5.88,0.89,60.78,16.2,0.95
SBI Magnum Children's Bnf - IP Reg Gr,–,5.85,1.07,55.55,13.85,1.02
HDFC Large and Mid Cap IDCW-P,Average,5.83,0.84,77.86,13.51,1.1
HDFC Large and Mid Cap IDCW-R,Average,5.83,0.84,77.86,13.51,1.1
DSP Large & Mid Cap Fund Dir Gr,Above Average,5.82,0.97,89.42,14.58,1.12
Invesco India Smallcap Dir Gr,Average,5.82,0.79,88.97,16.68,1.26
Bandhan Small Cap Reg IDCW-P,Above Average,5.79,0.88,86.25,18.93,1.21
Bandhan Small Cap Reg IDCW-T,Above Average,5.79,0.88,86.25,18.93,1.21
SBI Healthcare Opportunities Dir Gr,–,5.77,0.84,95.05,13.98,1.39
SBI Healthcare Opportunities Dir IDCW-P,–,5.77,0.84,95.05,13.98,1.39
SBI Healthcare Opportunities Dir IDCW-R,–,5.77,0.84,95.05,13.98,1.39
ICICI Pru Business Cycle Reg Gr,–,5.77,0.84,89.39,12.98,1.2
Invesco India Smallcap Dir IDCW-P,High,5.76,0.78,63.68,19.49,1.07
Invesco India Smallcap Dir IDCW-R,High,5.76,0.78,63.68,19.49,1.07
ICICI Pru Equity & Debt Dir Gr,Above Average,5.75,0.96,87.87,9.88,1.33
UTI Large & Mid Cap Reg Gr,Average,5.74,0.94,91.62,14.07,1.13
UTI Large & Mid Cap Reg IDCW-P,Average,5.74,0.94,91.62,14.07,1.13
UTI Large & Mid Cap Reg IDCW-R,Average,5.74,0.94,91.62,14.07,1.13
HDFC Retirement Svgs Equity Dir,–,5.72,0.8,96.13,11.87,1.26
HDFC Multi Cap Reg Gr,Above Average,5.71,1,91.51,15.11,1.12
Sundaram LT Tax Ad Sr IV Reg Gr,–,5.7,0.89,61,16.22,0.94
Sundaram LT Tax Ad Sr III Dir Gr,–,5.69,0.9,61.34,16.41,0.94
Sundaram Infrastructure Adv Dir Gr,Average,5.69,1.05,85.29,16.56,1.06
ICICI Pru Thematic Advtg(FOF) Gr,–,5.69,0.73,90.32,11.07,1.23
Kotak India EQ Contra Dir IDCW-P,–,5.68,0.97,95.27,14.49,1.15
Kotak India EQ Contra Dir Gr,–,5.68,0.97,95.27,14.49,1.15
Kotak India EQ Contra Dir IDCW-R,–,5.68,0.97,95.27,14.49,1.15
Mahindra Manulife Focused Dir Gr,Average,5.68,0.9,89.82,13.74,1.15
HSBC Business Cycles Dir Gr,–,5.67,1.11,81.35,17.88,1.04
Nippon India Large Cap Dir IDCW-P,Above Average,5.66,0.94,96.14,13.21,1.15
Sundaram LT Mic cap Tax Ad Sr IV Dir Gr,–,5.66,0.9,59.32,16.63,0.92
Nippon India Large Cap Dir IDCW-R,Above Average,5.66,0.94,96.14,13.21,1.15
Sundaram LT Tax Ad Sr IV Reg IDCW-T,–,5.65,0.89,60.77,16.2,0.94
Sundaram LT Tax Ad Sr IV Reg IDCW-P,–,5.65,0.89,60.77,16.2,0.94
Nippon India Power & Infra IDCW-P,–,5.65,1.08,84.66,19.16,1.21
Nippon India Power & Infra IDCW-R,–,5.65,1.08,84.66,19.16,1.21
Sundaram LT Tax Ad Sr III Dir IDCW,–,5.64,0.9,61.12,16.39,0.94
UTI Banking & Fin Svcs Dir IDCW-P,Above Average,5.64,0.91,84.47,14.78,0.94
UTI Banking & Fin Svcs Dir Gr,Average,5.64,0.91,84.47,14.78,0.94
UTI Banking & Fin Svcs Dir IDCW-R,Above Average,5.64,0.91,84.47,14.78,0.94
DSP Large & Mid Cap Fund Dir IDCW-P,Above Average,5.63,0.97,89.14,14.61,1.1
DSP Large & Mid Cap Fund Dir IDCW-R,Above Average,5.63,0.97,89.14,14.61,1.1
Sundaram LT Mic capTax Ad Sr IV Dir IDCW,–,5.62,0.9,59.11,16.62,0.92
HSBC Value IDCW-P,Above Average,5.62,1.01,88.99,15.53,1.1
HSBC Value IDCW-R,Above Average,5.62,1.01,88.99,15.53,1.1
ICICI Pru Focused Equity Gr,Below Average,5.6,0.92,92.17,13.93,1.15
Nippon India Quant Bns,–,5.58,0.99,94.72,14.43,1.04
Nippon India Quant Gr,–,5.58,0.99,94.72,14.43,1.04
Nippon India Quant IDCW-P,–,5.58,0.99,94.73,14.43,1.04
Nippon India Quant IDCW-R,–,5.58,0.99,94.73,14.43,1.04
HDFC Multi Cap Reg IDCW-R,Average,5.58,0.99,91.38,15.09,1.12
HDFC Multi Cap Reg IDCW-P,Average,5.58,0.99,91.38,15.09,1.12
Invesco India Flexi Cap Reg IDCW-R,Above Average,5.56,0.94,85.45,14.81,1.1
Invesco India Flexi Cap Reg IDCW-P,Above Average,5.56,0.94,85.45,14.81,1.1
Sundaram LT Mic capTax Ad Sr IV Reg Gr,–,5.55,0.9,59.32,16.63,0.92
ICICI Pru Exports and Services Gr,–,5.55,0.76,89.5,11.63,1.22
Invesco India Flexi Cap Reg Gr,Above Average,5.54,0.94,85.47,14.81,1.1
Nippon India Value Gr,Average,5.52,0.98,94.31,14.63,1.14
HDFC Dividend Yield Dir IDCW-R,–,5.52,0.82,79.17,13.31,1.11
Axis Multicap Reg IDCW-R,Average,5.52,0.96,87.96,14.9,1.1
HDFC Dividend Yield Dir IDCW-P,–,5.52,0.82,79.17,13.31,1.11
Axis Multicap Reg IDCW-P,Average,5.52,0.96,87.96,14.9,1.1
Axis Multicap Reg Gr,Average,5.52,0.96,87.86,14.89,1.1
Sundaram LT Mic capTax Ad Sr IV Rg IDCW,–,5.5,0.9,59.1,16.61,0.91
Sundaram LT Tax Ad Sr III Reg Gr,–,5.48,0.9,61.35,16.4,0.93
ICICI Pru Equity & Debt Dir HY IDCW-R,Above Average,5.45,0.96,87.94,9.87,1.3
ICICI Pru Equity & Debt Dir HY IDCW-P,Above Average,5.45,0.96,87.94,9.87,1.3
Sundaram LT Mic cap Tax Ad Sr III Dir Gr,–,5.43,0.91,59.47,16.81,0.91
Sundaram LT Tax Ad Sr III Rg IDCW,–,5.43,0.9,61.11,16.39,0.92
DSP Large cap Reg IDCW-P,Average,5.41,0.7,62.48,12.28,1.02
DSP Large cap Reg IDCW-R,Average,5.41,0.7,62.48,12.28,1.02
Sundaram Services Reg Gr,–,5.41,0.91,84.86,13.5,0.94
HDFC Mid-Cap Opportunities Dir IDCW-P,Average,5.39,0.85,95.05,15.11,1.39
HDFC Mid-Cap Opportunities Dir IDCW-R,Average,5.39,0.85,95.05,15.11,1.39
Sundaram LT Mic cap TaxAdSr III Dir IDCW,–,5.38,0.91,59.26,16.79,0.9
HDFC Mid-Cap Opportunities Dir Gr,Average,5.38,0.85,95.05,15.11,1.39
ICICI Pru Multicap Gr,Below Average,5.37,0.9,95,13.41,1.16
ITI Small Cap Reg IDCW-R,Above Average,5.37,0.81,89.13,17.19,1.23
ITI Small Cap Reg Gr,Above Average,5.37,0.81,89.13,17.19,1.23
Axis Value Reg Gr,Above Average,5.37,1,92.34,15.05,1.11
ITI Small Cap Reg IDCW-P,Above Average,5.37,0.81,89.13,17.19,1.23
Baroda BNP P Bank & Fin Srvs Dir IDCW-P,Below Average,5.35,0.91,87.37,14.55,0.94
Aditya BSL Digital India Gr,–,5.35,0.86,95.43,16.91,0.42
Baroda BNP P Bank & Fin Srvs Dir IDCW-R,Below Average,5.35,0.91,87.37,14.55,0.94
Mahindra Manulife Focused Dir IDCW-P,Average,5.32,0.9,89.81,13.76,1.13
Mahindra Manulife Focused Dir IDCW-R,Average,5.32,0.9,89.81,13.76,1.13
ITI Multi Cap Dir Gr,Average,5.31,1.02,90.34,15.62,1.08
ICICI Pru Technology Gr,–,5.3,0.85,96.51,16.63,0.42
ITI Multi Cap Dir IDCW-R,Average,5.3,1.02,90.34,15.62,1.08
ITI Multi Cap Dir IDCW-P,Average,5.3,1.02,90.34,15.62,1.08
ICICI Pru Value Discovery IDCW-P,Low,5.28,0.77,86.07,12.01,1.17
ICICI Pru Value Discovery IDCW-R,Low,5.28,0.77,86.07,12.01,1.17
ITI ELSS Tax Saver Reg IDCW-P,Above Average,5.28,1,82.5,15.71,1.02
ITI ELSS Tax Saver Reg Gr,Above Average,5.28,1,82.5,15.71,1.02
HSBC Business Cycles Dir IDCW-P,–,5.26,1.11,81.3,17.81,1.01
HSBC Business Cycles Dir IDCW-R,–,5.26,1.11,81.3,17.81,1.01
ICICI Pru Thematic Advtg(FOF) IDCW-P,–,5.25,0.74,90.12,11.15,1.19
ICICI Pru Thematic Advtg(FOF) IDCW-R,–,5.25,0.74,90.12,11.15,1.19
Sundaram LT Mic cap Tax Ad Sr III Reg Gr,–,5.24,0.91,59.47,16.8,0.9
Edelweiss Aggressive Hybrid Dr Gr,Average,5.22,1.04,92.85,10.38,1.27
Nippon India Vision Dir Gr,Average,5.21,0.95,93.11,14.06,1.1
Sundaram LT Mic cap TaxAdSr III Rg IDCW,–,5.2,0.91,59.25,16.79,0.89
Nippon India Vision Dir Bns,Average,5.2,0.95,93.11,14.06,1.1
HDFC Large and Mid Cap Dir Gr,Above Average,5.2,1.01,92.89,14.91,1.08
Edelweiss Aggressive Hybrid Dr IDCW-P,Average,5.18,1.04,92.87,10.39,1.27
Edelweiss Aggressive Hybrid Dr IDCW-R,Average,5.18,1.04,92.87,10.39,1.27
SBI Long Term Advnt Fd Series VI Dir Gr,–,5.17,0.92,73.67,15.3,0.99
SBI Long Term Advnt Fd Series VI DirIDCW,–,5.17,0.92,73.67,15.3,0.99
Canara Robeco Value Dir IDCW-P,Average,5.17,0.92,95.39,13.61,1.14
Canara Robeco Value Dir IDCW-R,Average,5.17,0.92,95.39,13.61,1.14
ICICI Pru Banking & Fin Svcs Dir Gr,Average,5.16,0.81,87.02,12.99,0.97
ICICI Pru Equity & Debt Gr,Above Average,5.16,0.96,87.9,9.87,1.27
Sundaram Infrastructure Adv Dir IDCW-P,Average,5.15,1.05,85.25,16.57,1.03
Sundaram Infrastructure Adv Dir IDCW-T,Average,5.15,1.05,85.25,16.57,1.03
Sundaram Infrastructure Adv Dir IDCW-R,Average,5.15,1.05,85.25,16.57,1.03
Canara Robeco Value Dir Gr,Average,5.13,0.92,95.34,13.68,1.14
Nippon India Large Cap Bns,Above Average,5.12,0.94,96.24,13.18,1.11
Nippon India Large Cap Gr,Above Average,5.12,0.94,96.24,13.18,1.11
Axis Value Reg IDCW-P,Above Average,5.12,1,91.93,15.15,1.09
Tata Business Cycle Dir IDCW-P,–,5.12,0.96,93.33,14.43,1.13
Tata Business Cycle Dir Gr,–,5.12,0.96,93.33,14.43,1.13
Axis Value Reg IDCW-R,Above Average,5.12,1,91.93,15.15,1.09
Tata Business Cycle Dir IDCW-R,–,5.12,0.96,93.33,14.43,1.13
Sundaram Infrastructure Adv Reg Gr,Average,5.11,1.05,85.32,16.56,1.03
ICICI Pru Equity & Debt Dir Ann IDCW-P,Average,5.1,0.97,88.23,9.92,1.27
ICICI Pru Equity & Debt Dir Ann IDCW-R,Average,5.1,0.97,88.23,9.92,1.27
Sundaram LT Mic capTax Ad Sr V Dir Gr,–,5.07,0.91,60.67,16.63,0.89
Quant Value Reg IDCW-P,High,5.06,1.16,76.61,19.3,0.95
Quant Value Reg IDCW-R,High,5.06,1.16,76.61,19.3,0.95
ICICI Pru Equity & Debt Dir Mthly IDCW-P,Above Average,5.04,0.96,87.7,9.9,1.26
ICICI Pru Equity & Debt Dir Mthly IDCW-R,Above Average,5.04,0.96,87.7,9.9,1.26
Sundaram LT Mic capTax Ad Sr V Dir IDCW,–,5.03,0.91,60.47,16.61,0.89
HDFC Banking & Financial Svcs Reg IDCW-R,Below Average,5.02,0.9,87.44,14.34,0.92
HDFC Banking & Financial Svcs Reg IDCW-P,Below Average,5.02,0.9,87.44,14.34,0.92
HDFC Banking & Financial Svcs Reg Gr,Below Average,5.01,0.9,87.41,14.34,0.92
ICICI Pru Business Cycle Reg IDCW-P,–,4.98,0.85,90.73,12.99,1.14
ICICI Pru Business Cycle Reg IDCW-R,–,4.98,0.85,90.73,12.99,1.14
DSP ELSS Tax Saver Dir Gr,Above Average,4.97,0.95,91.83,14.17,1.08
UTI Infrastructure Dir IDCW-P,Average,4.97,1.04,90.79,15.85,1.06
UTI Infrastructure Dir Gr,Average,4.97,1.04,90.79,15.85,1.06
UTI Infrastructure Dir IDCW-R,Average,4.97,1.04,90.79,15.85,1.06
Nippon India Value IDCW-P,Average,4.96,0.97,93.46,14.63,1.09
Kotak Equity Opportunities Dir Gr,Low,4.96,0.93,88.09,14.07,1.06
Kotak Equity Opportunities Dir IDCW-P,Below Average,4.96,0.93,88.09,14.07,1.06
Kotak Equity Opportunities Dir IDCW-R,Below Average,4.96,0.93,88.09,14.07,1.06
Nippon India Value IDCW-R,Average,4.96,0.97,93.46,14.63,1.09
Taurus ELSS Tax Saver Dir Gr,Below Average,4.95,0.72,75.88,11.87,1.08
Taurus ELSS Tax Saver Dir IDCW-P,Below Average,4.94,0.72,75.87,11.87,1.08
Taurus ELSS Tax Saver Dir IDCW-R,Below Average,4.94,0.72,75.87,11.87,1.08
Bank of India Flexi Cap Fund Dir Gr,High,4.94,1.13,82.08,18.14,0.98
Templeton India Value Dir Gr,Average,4.92,0.92,92.8,13.91,1.11
Franklin India Flexi Cap IDCW-P,Average,4.92,0.9,95.1,13.43,1.13
Franklin India Flexi Cap IDCW-R,Average,4.92,0.9,95.1,13.43,1.13
Bank of India Flexi Cap Fund Dir IDCW-P,High,4.92,1.13,82.01,18.15,0.98
Bank of India Flexi Cap Fund Dir IDCW-R,High,4.92,1.13,82.01,18.15,0.98
LIC MF Dividend Yield Reg Gr,–,4.91,1.04,90.26,15.86,1.05
LIC MF Dividend Yield Reg IDCW-R,–,4.91,1.04,90.26,15.86,1.05
LIC MF Dividend Yield Reg IDCW-P,–,4.91,1.04,90.26,15.86,1.05
Bank of India Mid & Small Cp Eq&DbtRegGr,High,4.89,1.22,62.59,14.76,0.96
DSP Value Dir IDCW-R,Low,4.89,0.7,79.58,11.37,1.13
DSP Value Dir IDCW-P,Low,4.89,0.7,79.58,11.37,1.13
DSP Value Dir Gr,Low,4.89,0.7,79.57,11.38,1.13
Bank of India Mid &SmallCpEq&DbtRegIDCWP,High,4.88,1.22,62.62,14.76,0.96
Bank of India Mid &SmallCpEq&DbtRegIDCWR,High,4.88,1.22,62.62,14.76,0.96
Sundaram Services Reg IDCW-P,–,4.88,0.92,84.6,13.61,0.9
HSBC Large & Mid Cap Dir Gr,High,4.88,0.98,68.55,16.84,0.92
Sundaram Services Reg IDCW-R,–,4.88,0.92,84.6,13.61,0.9
Invesco India Liquid Dir Wk IDCW-R,–,4.86,2.51,9.85,0.69,8.97
Aditya BSL Bkng & Fin Srvcs Dir Gr,Above Average,4.86,0.94,84.87,15.24,0.88
Tata Infrastructure Dir Gr,Average,4.85,1.15,80.52,18.56,0.96
Tata Infrastructure Dir IDCW-P,Average,4.85,1.15,80.52,18.56,0.96
Tata Infrastructure Dir IDCW-R,Average,4.85,1.15,80.52,18.56,0.96
Sundaram LT Mic capTax Ad Sr V Reg Gr,–,4.84,0.91,60.67,16.62,0.88
Aditya BSL Div Yield Dir Gr,–,4.84,0.97,86.27,15.21,1.04
ICICI Pru Pharma Healthcare Diag Dir Gr,–,4.84,0.95,96.71,15.67,1.3
ICICI Pru Focused Equity IDCW-P,Below Average,4.83,0.92,91.26,13.97,1.09
DSP Large & Mid Cap Fund Reg Gr,Average,4.83,0.97,89.42,14.57,1.05
ICICI Pru Focused Equity IDCW-R,Below Average,4.83,0.92,91.26,13.97,1.09
SBI Long Term Advnt Fd Series VI RegIDCW,–,4.8,0.92,73.68,15.3,0.96
SBI Long Term Advnt Fd Series VI Reg Gr,–,4.8,0.92,73.68,15.3,0.96
Sundaram LT Mic capTax Ad Sr V Rg IDCW,–,4.8,0.91,60.46,16.6,0.88
Bandhan Multi Cap Dir IDCW-T,Below Average,4.8,0.91,93.05,13.7,1.1
Bandhan Multi Cap Dir IDCW-P,Below Average,4.8,0.91,93.05,13.7,1.1
Bandhan Multi Cap Dir IDCW-R,Below Average,4.8,0.91,93.05,13.7,1.1
Quant Value Reg Gr,High,4.8,1.16,76.57,19.32,0.93
Parag Parikh ELSS Tax Saver Reg Gr,Low,4.8,0.67,83.12,10.42,1.15
Aditya BSL Digital India IDCW-P,–,4.79,0.86,95.42,16.76,0.39
Aditya BSL Digital India IDCW-R,–,4.79,0.86,95.42,16.76,0.39
Invesco India Contra Dir IDCW-P,–,4.78,0.98,93.98,14.63,1.08
Invesco India Contra Dir Gr,–,4.78,0.98,93.99,14.64,1.08
ICICI Pru Equity & Debt HY IDCW-R,Above Average,4.78,0.96,88,9.89,1.23
ICICI Pru Exports and Services IDCW-P,–,4.78,0.76,88.72,11.66,1.15
ICICI Pru Equity & Debt HY IDCW-P,Above Average,4.78,0.96,88,9.89,1.23
Invesco India Contra Dir IDCW-R,–,4.78,0.98,93.98,14.63,1.08
ICICI Pru Exports and Services IDCW-R,–,4.78,0.76,88.72,11.66,1.15
DSP Large cap Dir Gr,Average,4.76,0.9,93.32,12.85,1.08
Invesco India Multicap Dir Gr,Above Average,4.76,0.96,86.36,15.03,1.04
Invesco India Multicap Dir IDCW-P,Above Average,4.75,0.96,86.36,15.03,1.04
Invesco India Multicap Dir IDCW-R,Above Average,4.75,0.96,86.36,15.03,1.04
Aditya BSL Div Yield Dir IDCW-P,–,4.74,0.97,86.22,15.21,1.04
Aditya BSL Div Yield Dir IDCW-R,–,4.74,0.97,86.22,15.21,1.04
Baroda BNP P Bank & Fin Srvs Reg Gr,Below Average,4.73,0.92,88.33,14.64,0.9
Franklin India ELSS Tax Saver Dir Gr,Average,4.73,0.94,94.56,13.84,1.08
HDFC Mid-Cap Opportunities IDCW-P,Average,4.72,0.84,95.07,15.1,1.35
ICICI Pru Multicap IDCW-P,Below Average,4.72,0.9,94.36,13.46,1.11
HDFC Mid-Cap Opportunities IDCW-R,Average,4.72,0.84,95.07,15.1,1.35
ICICI Pru Multicap IDCW-R,Below Average,4.72,0.9,94.36,13.46,1.11
HDFC Mid-Cap Opportunities Gr,Average,4.71,0.85,95.07,15.1,1.35
Aditya BSL Medium Term Dir Gr,High,4.7,3.81,10.94,9.14,0.92
SBI Healthcare Opportunities Reg IDCW-P,–,4.7,0.84,95.06,13.97,1.32
SBI Healthcare Opportunities Reg Gr,–,4.7,0.84,95.06,13.97,1.32
SBI Healthcare Opportunities Reg IDCW-R,–,4.7,0.84,95.06,13.97,1.32
Nippon India Vision Gr,Average,4.69,0.95,93.11,14.06,1.06
Nippon India Vision Bns,Average,4.69,0.95,93.11,14.06,1.06
ICICI Pru Ret Pure Eq Plan Reg IDCW-P,–,4.69,0.95,89.08,14.66,1.07
ICICI Pru L/T Wealth Enhmnt Dir Gr,–,4.68,0.87,86.84,13.24,1.06
Nippon India Vision Dir IDCW-P,Average,4.68,0.96,92.32,14.19,1.06
Nippon India Vision Dir IDCW-R,Average,4.68,0.96,92.32,14.19,1.06
Mirae Asset Banking & Fin Svcs RegIDCW-P,Above Average,4.68,0.94,88.18,15,0.88
Mirae Asset Banking & Fin Svcs RegIDCW-R,Above Average,4.68,0.94,88.18,15,0.88
Mirae Asset Banking & Fin Svcs Reg Gr,Above Average,4.68,0.94,88.19,15.01,0.88
ICICI Pru L/T Wealth Enhmnt Dir IDCW,–,4.67,0.87,86.92,13.25,1.06
ICICI Pru Ret Pure Eq Plan Reg Gr,–,4.67,0.95,89.17,14.67,1.07
DSP Large & Mid Cap Fund IDCW-P,Average,4.64,0.97,89.15,14.6,1.03
DSP Large & Mid Cap Fund IDCW-R,Average,4.64,0.97,89.15,14.6,1.03
UTI Infrastructure Reg IDCW-P,Average,4.62,1.04,90.79,15.85,1.04
UTI Infrastructure Reg Gr,Below Average,4.62,1.04,90.79,15.85,1.04
UTI Infrastructure Reg IDCW-R,Average,4.62,1.04,90.79,15.85,1.04
Aditya BSL Medium Term Dir Qt IDCW-P,High,4.6,3.82,10.96,9.15,0.91
HSBC ELSS Tax saver Dir Gr,Above Average,4.6,0.98,82.31,15.42,0.99
Aditya BSL Medium Term Dir Qt IDCW-R,High,4.6,3.82,10.96,9.15,0.91
ICICI Pru Technology IDCW-P,–,4.59,0.85,96.38,16.59,0.38
ICICI Pru Technology IDCW-R,–,4.59,0.85,96.38,16.59,0.38
Baroda BNP P Lrg & Mid Cap Dir Gr,Above Average,4.59,0.97,85.35,15,1.01
HDFC Retirement Svgs Equity Reg,–,4.58,0.8,96.18,11.86,1.17
Sundaram Infrastructure Adv Reg IDCW-P,Average,4.58,1.05,85.27,16.57,1
Sundaram Infrastructure Adv Reg IDCW-R,Average,4.58,1.05,85.27,16.57,1
Sundaram Infrastructure Adv Reg IDCW-T,Average,4.58,1.05,85.27,16.57,1
HSBC Business Cycles Reg Gr,–,4.57,1.11,81.37,17.87,0.98
ICICI Pru Equity & Debt Mthly IDCW-P,Above Average,4.57,0.96,87.91,9.84,1.21
ICICI Pru Equity & Debt Mthly IDCW-R,Above Average,4.57,0.96,87.91,9.84,1.21
ITI Value Dir IDCW-P,Above Average,4.57,1.02,91.2,15.48,1.04
ITI Value Dir Gr,Above Average,4.57,1.02,91.2,15.48,1.04
ITI Value Dir IDCW-R,Above Average,4.57,1.02,91.2,15.48,1.04
UTI Banking & Fin Svcs Gr,Average,4.56,0.91,84.49,14.77,0.87
UTI Banking & Fin Svcs IDCW-P,Average,4.56,0.91,84.49,14.77,0.87
UTI Banking & Fin Svcs IDCW-R,Average,4.56,0.91,84.49,14.77,0.87
ICICI Pru Ret Hybrid Agrsv Plan Dir Gr,–,4.56,1.24,86.66,12.78,1.1
ICICI Pru Ret Hybrid Agsv Plan DirIDCW-P,–,4.56,1.24,86.82,12.79,1.1
Bandhan Multi Cap Dir Gr,Below Average,4.55,0.91,93.63,13.71,1.09
Nippon India Large Cap IDCW-P,Above Average,4.53,0.94,96.05,13.21,1.06
Aditya BSL Medium Term Dir HY IDCW-P,High,4.53,3.8,10.87,9.15,0.9
Nippon India Large Cap IDCW-R,Above Average,4.53,0.94,96.05,13.21,1.06
Aditya BSL Medium Term Dir HY IDCW-R,High,4.53,3.8,10.87,9.15,0.9
Baroda BNP P Multi Cap Dir Gr,Below Average,4.5,0.92,84.82,14.51,1.03
ICICI Pru Banking & Fin Svcs Dir IDCW-P,Average,4.48,0.82,86.45,13.13,0.91
ICICI Pru Banking & Fin Svcs Dir IDCW-R,Average,4.48,0.82,86.45,13.13,0.91
Invesco India Low Dur Mn IDCW-P,Average,4.44,6.44,54.78,0.74,9.13
Baroda BNP P Multi Cap Dir IDCW-P,Average,4.44,0.92,84.81,14.52,1.03
Invesco India Low Dur Mn IDCW-R,Average,4.44,6.44,54.78,0.74,9.13
Baroda BNP P Multi Cap Dir IDCW-R,Average,4.44,0.92,84.81,14.52,1.03
DSP ELSS Tax Saver Dir IDCW-P,Above Average,4.43,0.96,91.74,14.3,1.04
Mahindra Manulife Multi Cap Dir Gr,Above Average,4.43,0.99,83.77,15.65,1
DSP ELSS Tax Saver Dir IDCW-R,Above Average,4.43,0.96,91.74,14.3,1.04
ICICI Pru Equity & Debt Ann IDCW-P,Average,4.4,0.97,88.39,9.93,1.19
HSBC Tax Saver Equity Dir Gr,Above Average,4.4,0.96,80.34,15.28,0.97
ICICI Pru Equity & Debt Ann IDCW-R,Average,4.4,0.97,88.39,9.93,1.19
Quant Small Cap Dir IDCW-R,Average,4.39,0.84,87.66,17.99,1.15
Quant Small Cap Dir Gr,Average,4.39,0.84,87.67,17.99,1.15
quant Small Cap Dir IDCW-P,–,4.39,0.84,87.66,17.99,1.15
Franklin India Smaller Comp Dir Gr,Average,4.38,0.81,90.19,17.07,1.18
Invesco India Smallcap Reg Gr,Below Average,4.38,0.79,88.95,16.67,1.18
Mahindra Manulife Agrsv Hy Dir Gr,Above Average,4.37,1.13,94.23,11.16,1.17
HDFC Large and Mid Cap Gr,Above Average,4.36,1.01,92.88,14.9,1.02
SBI Large & Midcap Dir Gr,Below Average,4.36,0.84,91.04,12.53,1.07
SBI Large & Midcap Dir IDCW-P,Below Average,4.36,0.84,91.04,12.53,1.07
SBI Large & Midcap Dir IDCW-R,Below Average,4.36,0.84,91.04,12.53,1.07
JM ELSS Tax Save Dir Gr,Above Average,4.35,1,82.37,15.66,0.96
JM ELSS Tax Save Dir IDCW-P,Above Average,4.35,1,82.37,15.66,0.96
Invesco India Agrsv HybDir Gr,Average,4.35,1.09,87,11.26,1.13
ICICI Pru L/T Wealth Enhmnt IDCW,–,4.33,0.86,86.76,13.2,1.03
ICICI Pru Banking & Fin Svcs Gr,Average,4.33,0.81,87.03,12.98,0.9
Nippon India Nivesh Lakshya Dir IDCW-R,–,4.33,2.49,38.67,6.9,1.31
Nippon India Nivesh Lakshya Dir IDCW-P,–,4.33,2.49,38.67,6.9,1.31
Quant ESG Equity Reg Gr,High,4.33,1.05,76.24,17.2,0.78
ICICI Pru L/T Wealth Enhmnt Gr,–,4.32,0.86,86.8,13.22,1.03
Kotak India EQ Contra Reg IDCW-P,–,4.32,0.97,95.28,14.48,1.06
Kotak India EQ Contra Reg Gr,–,4.32,0.97,95.28,14.48,1.06
Kotak India EQ Contra Reg IDCW-R,–,4.32,0.97,95.28,14.48,1.06
Taurus ELSS Tax Saver IDCW-P,Low,4.3,0.72,75.9,11.87,1.02
Taurus ELSS Tax Saver Gr,Low,4.3,0.72,75.92,11.87,1.02
Aditya BSL Medium Term Dir IDCW-P,High,4.3,3.79,10.72,9.18,0.87
Aditya BSL Medium Term Dir IDCW-R,High,4.3,3.79,10.72,9.18,0.87
HDFC Dividend Yield Reg IDCW-P,–,4.3,0.8,77.1,13.29,1.01
HDFC Dividend Yield Reg IDCW-R,–,4.3,0.8,77.1,13.29,1.01
Invesco India Agrsv HybDir IDCW-P,Average,4.29,1.09,87.01,11.26,1.13
Invesco India Agrsv HybDir IDCW-R,Average,4.29,1.09,87.01,11.26,1.13
ICICI Pru Commodities Dir Gr,–,4.29,0.84,86.86,16.79,0.82
Invesco India Smallcap Reg IDCW-P,High,4.27,0.78,60.71,19.99,0.97
Invesco India Smallcap Reg IDCW-R,High,4.27,0.78,60.71,19.99,0.97
Templeton India Value Dir IDCW-P,Average,4.25,0.92,92.44,13.94,1.06
Templeton India Value Dir IDCW-R,Average,4.25,0.92,92.44,13.94,1.06
Quant ESG Equity Reg IDCW-R,High,4.25,1.05,76.41,17.22,0.77
Quant ESG Equity Reg IDCW-P,High,4.25,1.05,76.41,17.22,0.77
Franklin India Flexi Cap Dir Gr,Average,4.24,0.92,96.16,13.6,1.08
Mahindra Manulife Multi Cap Dir IDCW-P,Average,4.24,0.99,83.8,15.66,0.99
HDFC Large Cap Dir IDCW-P,Average,4.24,0.72,65.36,12.3,0.94
Mahindra Manulife Multi Cap Dir IDCW-R,Average,4.24,0.99,83.8,15.66,0.99
HDFC Large Cap Dir IDCW-R,Average,4.24,0.72,65.36,12.3,0.94
Aditya BSL Bkng & Fin Srvcs Dir IDCW-P,High,4.23,0.95,85.4,15.39,0.84
Aditya BSL Bkng & Fin Srvcs Dir IDCW-R,High,4.23,0.95,85.4,15.39,0.84
ICICI Pru Pharma Healthcare Dg DirIDCW-P,–,4.23,0.95,96.42,15.7,1.26
ICICI Pru Pharma Healthcare Dg DirIDCW-R,–,4.23,0.95,96.42,15.7,1.26
Aditya BSL Pure Value Dir Gr,High,4.2,1.1,88.19,17.07,0.98
Invesco India Mid Cap Dir Gr,Average,4.19,0.91,88.32,16.84,1.25
JM Focused Dir IDCW Payout Option,High,4.19,0.94,83.21,14.91,0.99
JM Focused Dir Growth Option,High,4.19,0.94,83.21,14.91,0.99
JM Focused Dir IDCW Reinvestment Option,High,4.19,0.94,83.21,14.91,0.99
HSBC Large & Mid Cap Dir IDCW-P,High,4.19,0.97,68,16.79,0.87
HSBC Large & Mid Cap Dir IDCW-R,High,4.19,0.97,68,16.79,0.87
Nippon India Small Cap Dir Gr,Above Average,4.15,0.82,94.75,16.87,1.19
Nippon India Small Cap Dir Bns,Above Average,4.15,0.82,94.75,16.87,1.19
HSBC Business Cycles Reg IDCW-P,–,4.14,1.11,81.31,17.81,0.95
HSBC Business Cycles Reg IDCW-R,–,4.14,1.11,81.31,17.81,0.95
ICICI Pru Bluechip Dir Gr,Below Average,4.13,0.89,95.7,12.54,1.05
Aditya BSL Ret Fd 40s Reg IDCW-R,–,4.13,1.08,70.69,12.36,1.01
DSP Value Reg Gr,Low,4.12,0.7,79.61,11.37,1.06
SBI Long Term Advnt Fd Series III Dir Gr,–,4.11,0.9,78.74,14.49,0.96
SBI Long Term AIDCWnt FdSeriesIIIDirIDCW,–,4.11,0.9,78.74,14.49,0.96
Baroda BNP P Bank & Fin Srvs Reg IDCW-P,Below Average,4.1,0.91,87.5,14.56,0.85
Tata India Consumer Dir Gr,–,4.1,0.94,73.8,15.83,0.93
Tata India Consumer Dir IDCW-P,–,4.1,0.94,73.8,15.83,0.93
Franklin India ELSS Tax Saver Dir IDCW-P,Average,4.1,0.95,93.98,14.03,1.03
Tata India Consumer Dir IDCW-R,–,4.1,0.94,73.8,15.83,0.93
Baroda BNP P Bank & Fin Srvs Reg IDCW-R,Below Average,4.1,0.91,87.5,14.56,0.85
Franklin India ELSS Tax Saver Dir IDCW-R,Average,4.1,0.95,93.98,14.03,1.03
Nippon India Vision IDCW-P,Average,4.08,0.96,92.24,14.2,1.01
Nippon India Vision IDCW-R,Average,4.08,0.96,92.24,14.2,1.01
Nippon India Consumption Dir Gr,–,4.07,0.9,76.38,14.9,0.96
Nippon India Consumption Dir Bns,–,4.07,0.9,76.38,14.9,0.96
Aditya BSL Div Yield Gr,–,4.07,0.97,86.29,15.2,0.99
Invesco India Mid Cap Dir IDCW-P,Average,4.06,0.9,88.32,16.77,1.24
HSBC ELSS Tax saver Dir IDCW-P,Above Average,4.06,0.98,82.17,15.35,0.95
HSBC ELSS Tax saver Dir IDCW-R,Above Average,4.06,0.98,82.17,15.35,0.95
Invesco India Mid Cap Dir IDCW-R,Average,4.06,0.9,88.32,16.77,1.24
Mahindra Manulife Agrsv Hy DirIDCW-R,Above Average,4.06,1.13,94.25,11.17,1.14
Mahindra Manulife Agrsv Hy DirIDCW-P,Above Average,4.06,1.13,94.25,11.17,1.14
DSP ELSS Tax Saver Reg Gr,Above Average,4.04,0.95,91.84,14.16,1.01
Tata Small Cap Fund Dir IDCW-T,Average,4.04,0.76,86.5,16.39,1.15
Tata Small Cap Fund Dir IDCW-P,Average,4.04,0.76,86.5,16.39,1.15
Tata Small Cap Fund Dir IDCW-R,Average,4.04,0.76,86.5,16.39,1.15
Tata Small Cap Fund Dir Gr,Average,4.04,0.76,86.5,16.39,1.15
Tata Equity P/E Dir Gr,Average,4.02,0.98,93.29,14.8,1.03
ICICI Pru Flexicap Dir Gr,Below Average,4,0.89,90.79,13.51,1.04
Aditya BSL Medium Term Reg Gr,Above Average,3.99,3.81,10.95,9.14,0.85
Aditya BSL Div Yield IDCW-P,–,3.99,0.97,86,15.2,0.99
Aditya BSL Div Yield IDCW-R,–,3.99,0.97,86,15.2,0.99
HDFC Dividend Yield Dir Gr,–,3.98,0.98,94.79,14.68,1.03
ICICI Pru Pharma Healthcare Diag Gr,–,3.97,0.95,96.74,15.65,1.24
DSP Large cap Reg Gr,Average,3.94,0.9,93.33,12.85,1.02
Tata Equity P/E Trigger B 10% Dir IDCW-P,Average,3.93,0.98,93.35,14.77,1.02
Tata Equity P/E Trigger B 10% Dir IDCW-R,Average,3.93,0.98,93.35,14.77,1.02
Baroda BNP P Lrg & MidCapDirIDCW-P,Above Average,3.93,0.96,84.66,14.94,0.96
Baroda BNP P Lrg & MidCapDirIDCW-R,Above Average,3.93,0.96,84.66,14.94,0.96
Tata Infrastructure Reg Gr,Average,3.92,1.15,80.54,18.55,0.91
Axis Large & Mid Cap Dir Gr,Average,3.92,0.88,79.09,14.16,0.95
Mahindra Manulife Focused Reg Gr,Average,3.92,0.9,89.84,13.72,1.03
HDFC Value Dir IDCW-P,Average,3.91,0.96,96.41,14.14,1.04
Aditya BSL Bkng & Fin Srvcs Reg Gr,Above Average,3.91,0.94,84.9,15.22,0.82
Franklin India ELSS Tax Saver Gr,Average,3.91,0.94,94.58,13.83,1.02
HDFC Value Dir IDCW-R,Average,3.91,0.96,96.41,14.14,1.04
HDFC Value Dir Gr,Average,3.9,0.96,96.4,14.14,1.04
HDFC Large Cap IDCW-P,Above Average,3.9,0.69,57.4,12.54,0.87
Tata Infrastructure Reg IDCW-P,Average,3.9,1.15,80.55,18.55,0.91
HDFC Large Cap IDCW-R,Above Average,3.9,0.69,57.4,12.54,0.87
Tata Infrastructure Reg IDCW-R,Average,3.9,1.15,80.55,18.55,0.91
Aditya BSL Medium Term Reg Qt IDCW-P,Above Average,3.89,3.82,10.97,9.14,0.84
Aditya BSL Credit Risk Dir Bns,Average,3.89,1.17,10.34,2.88,1.73
Aditya BSL Credit Risk Dir Gr,Average,3.89,1.17,10.34,2.88,1.73
Aditya BSL Medium Term Reg Qt IDCW-R,Above Average,3.89,3.82,10.97,9.14,0.84
Canara Robeco Focused Equity Dir Gr,Average,3.89,0.89,92.76,13.43,1.04
DSP Value Reg IDCW-R,Low,3.88,0.7,79.55,11.39,1.04
DSP Value Reg IDCW-P,Low,3.88,0.7,79.55,11.39,1.04
ICICI Pru Bluechip Dir IDCW-P,Below Average,3.86,0.89,95.92,12.59,1.03
ICICI Pru Bluechip Dir IDCW-R,Below Average,3.86,0.89,95.92,12.59,1.03
Taurus Banking & Fin Services Dir Gr,Below Average,3.85,0.95,92.6,14.74,0.85
HDFC Small Cap Dir Gr,Average,3.85,0.79,93.72,16.34,1.17
Nippon India Short Term Dir IDCW-P,Above Average,3.85,1.84,86.94,1.6,3.6
HDFC Small Cap Dir IDCW-P,Average,3.85,0.79,93.73,16.35,1.17
DSP Agrsv Hybrid Fund Dir IDCW-P,Above Average,3.85,1.05,85.74,10.86,1.09
Nippon India Short Term Dir IDCW-R,Above Average,3.85,1.84,86.94,1.6,3.6
HDFC Small Cap Dir IDCW-R,Average,3.85,0.79,93.73,16.35,1.17
DSP Agrsv Hybrid Fund Dir IDCW-R,Above Average,3.85,1.05,85.74,10.86,1.09
Taurus Banking & Fin Services Dir IDCW-P,Below Average,3.84,0.95,92.58,14.74,0.85
Taurus Banking & Fin Services Dir IDCW-R,Below Average,3.84,0.95,92.58,14.74,0.85
Quantum ELSS Tax Saver Dir IDCW-P,Below Average,3.83,0.84,92.34,12.43,1.04
Quantum ELSS Tax Saver Dir Gr,Low,3.83,0.84,92.33,12.43,1.04
Quantum ELSS Tax Saver Dir IDCW-R,Below Average,3.83,0.84,92.34,12.43,1.04
Aditya BSL Pure Value Dir IDCW-P,Above Average,3.82,1.09,88.41,16.88,0.96
Kotak Equity Opportunities Reg Gr,Low,3.82,0.93,88.1,14.06,0.98
Kotak Equity Opportunities Reg IDCW-P,Low,3.82,0.93,88.1,14.06,0.98
Kotak Equity Opportunities Reg IDCW-R,Low,3.82,0.93,88.1,14.06,0.98
Aditya BSL Pure Value Dir IDCW-R,Above Average,3.82,1.09,88.41,16.88,0.96
Aditya BSL Medium Term Reg HY IDCW-P,High,3.81,3.8,10.88,9.15,0.83
HSBC ELSS Tax saver Gr,Above Average,3.81,0.98,82.33,15.41,0.93
DSP Agrsv Hybrid Fund Dir Gr,Above Average,3.81,1.05,86.69,10.85,1.09
Aditya BSL Medium Term Reg HY IDCW-R,High,3.81,3.8,10.88,9.15,0.83
UTI Aggressive Hybrid Dir Gr,Average,3.8,1.02,94.41,10.11,1.15
Canara Robeco Focused Equity Dir IDCW-P,Average,3.8,0.89,92.51,13.44,1.03
Canara Robeco Focused Equity Dir IDCW-R,Average,3.8,0.89,92.51,13.44,1.03
Bandhan Corporate Bond Dir IDCW-P,High,3.78,2.42,12.29,5.54,1.12
Bandhan Corporate Bond Dir IDCW-R,High,3.78,2.42,12.29,5.54,1.12
Bandhan Focused Equity Dir Gr,Average,3.76,0.9,77.66,14.91,0.94
Edelweiss Large & Mid Dir Gr,Below Average,3.73,0.98,89,14.83,0.97
Edelweiss Large & Mid Dir IDCW-P,Above Average,3.73,0.98,89.01,14.83,0.97
Templeton India Value Gr,Average,3.73,0.92,92.78,13.9,1.02
Edelweiss Large & Mid Dir IDCW-R,Above Average,3.73,0.98,89.01,14.83,0.97
HSBC Tax Saver Equity Dir IDCW-P,Above Average,3.72,0.97,79.82,15.48,0.92
Union Value Fund Dir IDCW-P,Average,3.72,0.9,91.66,13.63,1.02
HSBC Large & Mid Cap Reg Gr,Above Average,3.72,0.98,68.52,16.83,0.85
Union Value Fund Dir IDCW-T,Average,3.72,0.9,91.66,13.63,1.02
Union Value Fund Dir IDCW-R,Average,3.72,0.9,91.66,13.63,1.02
Union Value Fund Dir Gr,Average,3.72,0.9,91.66,13.63,1.02
Nippon India Growth Dir Bns,Above Average,3.7,0.9,94.56,16.22,1.26
Nippon India Growth Dir Gr,Above Average,3.7,0.9,94.56,16.22,1.26
SBI Long Term Advnt Fd Series III Reg Gr,–,3.69,0.9,78.75,14.48,0.93
SBI Long Term AIDCWnt FdSeriesIIIRegIDCW,–,3.69,0.9,78.75,14.48,0.93
Edelweiss Mid Cap Dir Gr,Above Average,3.69,0.92,92.61,16.65,1.25
UTI Aggressive Hybrid Dir IDCW-P,Average,3.69,1.02,94.36,10.12,1.14
Franklin India Flexi Cap Dir IDCW-P,Average,3.69,0.93,96.16,13.73,1.03
Edelweiss Mid Cap Dir IDCW-P,Above Average,3.69,0.92,92.62,16.65,1.25
Franklin India Flexi Cap Dir IDCW-R,Average,3.69,0.93,96.16,13.73,1.03
Edelweiss Mid Cap Dir IDCW-R,Above Average,3.69,0.92,92.62,16.65,1.25
UTI Aggressive Hybrid Dir IDCW-R,Average,3.69,1.02,94.36,10.12,1.14
Baroda BNP P ELSS Tax Saver Dir Gr,Below Average,3.68,0.95,87.42,14.42,0.96
ICICI Pru Flexicap Dir IDCW-P,Average,3.68,0.89,90.45,13.63,1.01
ICICI Pru Flexicap Dir IDCW-R,Average,3.68,0.89,90.45,13.63,1.01
Bandhan Sterling Value Dir Gr,Above Average,3.65,0.88,92.8,13.25,1.03
Nippon India Consumption Dir IDCW-P,–,3.64,0.9,76.59,14.98,0.93
Nippon India Consumption Dir IDCW-R,–,3.64,0.9,76.59,14.98,0.93
Invesco India Contra Gr,–,3.63,0.98,94,14.61,1.01
Invesco India Contra IDCW-P,–,3.62,0.98,94,14.62,1
Invesco India Contra IDCW-R,–,3.62,0.98,94,14.62,1
Canara Robeco Value Reg IDCW-R,Average,3.6,0.92,95.32,13.63,1.03
Canara Robeco Value Reg Gr,Average,3.6,0.92,95.41,13.61,1.03
Canara Robeco Value Reg IDCW-P,Average,3.6,0.92,95.32,13.63,1.03
Aditya BSL Medium Term Reg IDCW-P,High,3.59,3.79,10.74,9.17,0.8
Aditya BSL Medium Term Reg IDCW-R,High,3.59,3.79,10.74,9.17,0.8
Quant Large and Mid Cap Dir Gr,Average,3.55,1.08,83.62,16.89,0.9
ICICI Pru Bharat Consumption Dir Cum,–,3.55,0.79,80.53,12.78,0.98
ICICI Pru Bluechip Gr,Below Average,3.54,0.89,95.7,12.53,1
Axis Large & Mid Cap Dir IDCW-R,Average,3.54,0.88,78.94,14.2,0.92
Axis Large & Mid Cap Dir IDCW-P,Average,3.54,0.88,78.94,14.2,0.92
Edelweiss Flexi Cap Dir Gr,Average,3.53,0.97,95.03,14.48,1.01
Edelweiss Flexi Cap Dir IDCW-P,Average,3.53,0.97,95.03,14.49,1
Franklin India Smaller Comp Gr,Average,3.53,0.81,90.17,17.06,1.13
Edelweiss Flexi Cap Dir IDCW-R,Average,3.53,0.97,95.03,14.49,1
Bank of India ELSS Tax Saver Dir IDCW-P,High,3.52,1.08,80.58,17.11,0.89
Bank of India ELSS Tax Saver Dir Gr,High,3.52,1.08,80.58,17.12,0.89
Edelweiss Aggressive Hybrid B Gr,Average,3.52,1.04,92.88,10.36,1.11
Bank of India Tax Advantage Dir IDCW-R,High,3.52,1.08,80.58,17.11,0.89
ICICI Pru Commodities Dir IDCW-R,–,3.52,0.85,86.54,17.04,0.77
ICICI Pru Commodities Dir IDCW-P,–,3.52,0.85,86.54,17.04,0.77
Tata Business Cycle Reg IDCW-R,–,3.51,0.96,93.4,14.41,1.01
Tata Business Cycle Reg IDCW-P,–,3.51,0.96,93.4,14.41,1.01
Mahindra Manulife Focused Reg IDCW-R,Average,3.51,0.9,89.82,13.74,1
Mahindra Manulife Focused Reg IDCW-P,Average,3.51,0.9,89.82,13.74,1
Tata Business Cycle Reg Gr,–,3.51,0.96,93.4,14.41,1.01
Quant Large and Mid Cap Dir IDCW-P,Average,3.5,1.08,83.72,16.9,0.9
Quant Large and Mid Cap Dir IDCW-R,Average,3.5,1.08,83.72,16.9,0.9
SBI Large & Midcap Reg Gr,Below Average,3.49,0.84,91.04,12.52,1
ICICI Pru Passive Strategy(FOF) DirGr,–,3.49,0.85,95.17,12.54,1.01
SBI Large & Midcap Reg IDCW-P,Below Average,3.49,0.84,91.04,12.52,1
SBI Large & Midcap Reg IDCW-R,Below Average,3.49,0.84,91.04,12.52,1
Invesco India Multicap IDCW-P,Average,3.47,0.96,86.38,15.01,0.96
Invesco India Multicap Gr,Average,3.47,0.96,86.38,15.02,0.96
Invesco India Multicap IDCW-R,Average,3.47,0.96,86.38,15.01,0.96
Franklin India Flexi Cap Gr,Average,3.46,0.92,96.17,13.6,1.02
Sundaram Services Dir IDCW-T,–,3.46,0.98,78.31,15.15,0.75
ITI Multi Cap Reg IDCW-P,Average,3.46,1.02,90.38,15.61,0.96
ITI Multi Cap Reg IDCW-R,Average,3.46,1.02,90.38,15.61,0.96
ITI Multi Cap Reg Gr,Average,3.46,1.02,90.38,15.61,0.96
Edelweiss Aggressive Hybrid A Gr,Average,3.45,1.04,92.88,10.35,1.1
Baroda BNP P Multi Cap Reg Gr,Below Average,3.44,0.92,84.86,14.5,0.96
UTI Dividend Yield Dir Gr,–,3.43,0.93,87.64,14.45,0.97
Bank of India Flexi Cap Fund Reg Gr,High,3.42,1.13,81.98,18.12,0.9
Bank of India Flexi Cap Fund Reg IDCW-R,High,3.42,1.13,82.04,18.11,0.9
Bank of India Flexi Cap Fund Reg IDCW-P,High,3.42,1.13,82.04,18.11,0.9
Sundaram Consumption Dir Gr,–,3.41,0.9,74,15.25,0.9
Quantum Value Dir Gr,Below Average,3.41,0.83,93.51,12.54,1.03
Quantum Value Dir IDCW-P,Below Average,3.41,0.83,93.52,12.54,1.03
Quantum Value Dir IDCW-R,Below Average,3.41,0.83,93.52,12.54,1.03
Edelweiss Aggressive Hybrid A IDCW-P,Average,3.4,1.04,92.86,10.37,1.1
Edelweiss Aggressive Hybrid A IDCW-R,Average,3.4,1.04,92.86,10.37,1.1
HSBC Tax Saver Equity Gr,Above Average,3.39,0.96,80.33,15.27,0.9
UTI Dividend Yield Dir IDCW-P,–,3.39,0.93,87.6,14.46,0.97
UTI Dividend Yield Dir IDCW-R,–,3.39,0.93,87.6,14.46,0.97
Baroda BNP P Multi Cap Reg IDCW-P,Below Average,3.38,0.92,84.84,14.51,0.95
Baroda BNP P Multi Cap Reg IDCW-R,Below Average,3.38,0.92,84.84,14.51,0.95
360 ONE Focused Equity Dir Gr,Average,3.37,0.88,92.31,13.29,1
360 ONE Focused Equity Dir IDCW-P,Average,3.37,0.88,92.31,13.29,1
360 ONE Focused Equity Dir IDCW-R,Average,3.37,0.88,92.31,13.29,1
Franklin India Eq Hybrid Dir Gr,Below Average,3.36,0.98,92.78,9.74,1.11
Canara Robeco Consumer Trends Dir Gr,–,3.34,0.94,86.1,14.75,0.95
Aditya BSL Pure Value Gr,High,3.33,1.1,88.2,17.06,0.93
Nippon India Small Cap Gr,Above Average,3.32,0.82,94.76,16.86,1.14
Nippon India Small Cap Gr Bns,Above Average,3.32,0.82,94.76,16.86,1.14
LIC MF Banking & Fin Serv Dir Gr,Average,3.32,0.95,85.83,15.35,0.78
Bandhan Focused Equity Dir IDCW-P,Average,3.31,0.9,76.77,14.85,0.91
Bandhan Focused Equity Dir IDCW-R,Average,3.31,0.9,76.77,14.85,0.91
Bandhan Corporate Bond Reg IDCW-P,High,3.3,2.36,12.57,5.34,1.06
Bandhan Corporate Bond Reg IDCW-R,High,3.3,2.36,12.57,5.34,1.06
Aditya BSL Bkng & Fin Srvcs Reg IDCW-P,High,3.29,0.95,85.37,15.39,0.78
Aditya BSL Bkng & Fin Srvcs Reg IDCW-R,High,3.29,0.95,85.37,15.39,0.78
Franklin India ELSS Tax Saver IDCW-P,Average,3.28,0.95,94,14.02,0.97
Quant Small Cap IDCW-P,Average,3.28,0.84,87.7,17.97,1.09
Franklin India ELSS Tax Saver IDCW-R,Average,3.28,0.95,94,14.02,0.97
Quant Small Cap IDCW-R,Average,3.28,0.84,87.7,17.97,1.09
ICICI Pru Pharma Healthcare Dg IDCW-R,–,3.28,0.95,96.33,15.67,1.2
ICICI Pru Pharma Healthcare Dg IDCW-P,–,3.28,0.95,96.33,15.67,1.2
LIC MF Banking & Fin Serv Dir IDCW-P,Average,3.27,0.95,85.84,15.35,0.78
UTI Value fund Dir Gr,Below Average,3.27,0.92,93.86,13.84,0.99
DSP Focused Dir Gr,Above Average,3.27,0.97,84.96,15.26,0.93
UTI Value fund Dir IDCW-P,Below Average,3.27,0.92,93.86,13.84,0.99
LIC MF Banking & Fin Serv Dir IDCW-R,Average,3.27,0.95,85.84,15.35,0.78
UTI Value fund Dir IDCW-R,Below Average,3.27,0.92,93.86,13.84,0.99
Nippon India Growth Dir IDCW-P,Above Average,3.26,0.91,90.85,16.7,1.21
Quant Infrastructure Dir IDCW-P,Above Average,3.26,1.2,74.45,20.18,0.84
Quant Infrastructure Dir Gr,Above Average,3.26,1.2,74.46,20.18,0.84
Quant Small Cap Gr,Average,3.26,0.84,87.71,17.97,1.09
Nippon India Growth Dir IDCW-R,Above Average,3.26,0.91,90.85,16.7,1.21
Quant Infrastructure Dir IDCW-R,Above Average,3.26,1.2,74.45,20.18,0.84
JM ELSS Tax Save IDCW-P,Above Average,3.25,1,82.38,15.64,0.89
Franklin India Smaller Comp Dir IDCW-P,Above Average,3.25,0.83,90.19,17.44,1.11
JM ELSS Tax Save Gr,Above Average,3.25,1,82.38,15.64,0.89
Franklin India Smaller Comp Dir IDCW-R,Above Average,3.25,0.83,90.19,17.44,1.11
Baroda BNP P Lrg & Mid Cap Reg Gr,Above Average,3.24,0.97,85.36,14.99,0.92
Taurus Infrastructure Dir IDCW-P,Below Average,3.23,1.09,87.92,16.92,0.92
ICICI Pru Passive Strategy(FOF) Gr,–,3.23,0.85,95.17,12.54,0.99
Taurus Infrastructure Dir IDCW-R,Below Average,3.23,1.09,87.92,16.92,0.92
Bandhan Sterling Value Dir IDCW-P,Above Average,3.22,0.87,92.34,13.21,0.99
Taurus Infrastructure Dir Gr,Below Average,3.22,1.09,87.93,16.92,0.92
Bandhan Sterling Value Dir IDCW-R,Above Average,3.22,0.87,92.34,13.21,0.99
Nippon India Small Cap Dir IDCW-P,High,3.2,0.85,87.42,18.27,1.08
Nippon India Small Cap Dir IDCW-R,High,3.2,0.85,87.42,18.27,1.08
Baroda BNP P Agrsv Eq Hyb Dir Gr,Below Average,3.18,1.02,93.78,10.16,1.09
UTI Aggressive Hybrid Reg Gr,Average,3.17,1.02,94.41,10.1,1.09
Quant Flexi Cap Dir Gr,High,3.16,1.07,82.36,17.15,0.89
Quant Flexi Cap Dir IDCW-P,High,3.15,1.07,82.34,17.14,0.89
Quant Flexi Cap Dir IDCW-R,High,3.15,1.07,82.34,17.14,0.89
ICICI Pru Ret Hybrid Agrsv Plan Reg Gr,–,3.13,1.24,86.72,12.79,0.99
ITI Mid Cap Dir IDCW-P,Above Average,3.13,0.94,93.51,16.94,1.21
ITI Mid Cap Dir IDCW-R,Above Average,3.13,0.94,93.51,16.94,1.21
ITI Mid Cap Dir Gr,Above Average,3.13,0.94,93.51,16.94,1.21
Nippon India Multi Cap Instl IDCW-P,–,3.12,1.08,85.96,18.28,–
ICICI Pru Passive Strategy(FOF)DirIDCW-P,–,3.12,0.86,95.26,12.59,0.98
Baroda BNP P Agrsv Eq Hyb DirIDCWP,Below Average,3.12,1.02,93.76,10.16,1.08
Baroda BNP P Agrsv Eq Hyb DirIDCWR,Below Average,3.12,1.02,93.76,10.16,1.08
Nippon India Multi Cap Instl IDCW-R,–,3.12,1.08,85.96,18.28,–
ICICI Pru Passive Strategy(FOF)DirIDCW-R,–,3.12,0.86,95.26,12.59,0.98
ICICI Pru Ret Hybrid Agsv Plan Rg IDCW-P,–,3.11,1.24,86.8,12.78,0.99
ICICI Pru Commodities Reg Gr,–,3.1,0.84,86.89,16.79,0.75
Tata Large & Mid Cap Dir IDCW-P,Below Average,3.09,0.89,90.95,13.27,0.95
HSBC Flexi Cap Dir Gr,High,3.09,1.01,90.82,15.37,0.95
Tata Large & Mid Cap Dir IDCW-R,Below Average,3.09,0.89,90.95,13.27,0.95
Nippon India Growth Instl IDCW-P,Above Average,3.08,0.9,95.17,16.13,1.23
Taurus Banking & Fin Services Gr,Below Average,3.08,0.95,92.6,14.74,0.8
Nippon India Growth Instl IDCW-R,Above Average,3.08,0.9,95.17,16.13,1.23
Tata Large & Mid Cap Dir Gr,Below Average,3.07,0.89,90.99,13.28,0.95
Taurus Banking & Fin Services IDCW-P,Below Average,3.07,0.95,92.62,14.75,0.8
Templeton India Value IDCW-P,Average,3.07,0.92,92.42,13.94,0.97
Templeton India Value IDCW-R,Average,3.07,0.92,92.42,13.94,0.97
Taurus Banking & Fin Services IDCW-R,Below Average,3.07,0.95,92.62,14.75,0.8
Kotak ELSS Tax Saver Dir IDCW-P,Below Average,3.06,0.92,89.75,13.83,0.94
Kotak ELSS Tax Saver Dir Gr,Average,3.06,0.92,89.75,13.83,0.94
Aditya BSL Finl Pl FOF Agg Dir IDCW-P,–,3.06,1.05,92.34,10.5,1.06
Aditya BSL Finl Pl FOF Agg Dir Gr,–,3.06,1.05,92.34,10.5,1.06
Nippon India Short Term IDCW-P,Above Average,3.06,1.84,83.72,1.64,3.04
Nippon India Short Term IDCW-R,Above Average,3.06,1.84,83.72,1.64,3.04
Aditya BSL Finl Pl FOF Agg Dir IDCW-R,–,3.06,1.05,92.34,10.5,1.06
ITI Banking and Fin Svcs Dir Gr,Below Average,3.05,0.9,89.22,14.32,0.79
DSP Healthcare Fund Dir Gr,–,3.05,0.86,85.47,15.15,1.13
ITI Banking and Fin Svcs Dir IDCW-P,Below Average,3.05,0.9,89.22,14.32,0.79
ITI Banking and Fin Svcs Dir IDCW-R,Below Average,3.05,0.9,89.22,14.32,0.79
HDFC Value IDCW-P,Average,3.04,0.96,96.43,14.13,0.98
HDFC Value IDCW-R,Average,3.04,0.96,96.43,14.13,0.98
Bandhan Multi Cap Reg Gr,Below Average,3.04,0.91,93.65,13.66,0.98
Tata Resources & Energy Dir IDCW-P,–,3.03,0.87,90.76,17.13,0.75
Tata Resources & Energy Dir Gr,–,3.03,0.87,90.76,17.13,0.75
HDFC Value Gr,Average,3.03,0.96,96.42,14.13,0.98
UTI Aggressive Hybrid Reg IDCW-P,Average,3.03,1.02,94.35,10.11,1.08
Tata Resources & Energy Dir IDCW-R,–,3.03,0.87,90.76,17.13,0.75
UTI Aggressive Hybrid Reg IDCW-R,Average,3.03,1.02,94.35,10.11,1.08
DSP Focused Dir IDCW-P,Above Average,3.02,0.97,85.32,15.29,0.92
Tata Equity P/E Reg Gr,Below Average,3.02,0.98,93.29,14.79,0.96
Baroda BNP P ELSS Tax Saver Dir IDCW-P,Below Average,3.02,0.94,87.07,14.33,0.92
Baroda BNP P ELSS Tax Saver Dir IDCW-R,Below Average,3.02,0.94,87.07,14.33,0.92
DSP Focused Dir IDCW-R,Above Average,3.02,0.97,85.32,15.29,0.92
JM Focused Growth Option,High,3.01,0.94,83.16,14.92,0.91
JM Focused IDCW Payout Option,High,3.01,0.94,83.16,14.92,0.91
JM Focused IDCW Reinvestment Option,High,3.01,0.94,83.16,14.92,0.91
HSBC Large & Mid Cap Reg IDCW-P,Above Average,3.01,0.97,67.96,16.77,0.8
HSBC Large & Mid Cap Reg IDCW-R,Above Average,3.01,0.97,67.96,16.77,0.8
Aditya BSL Credit Risk Reg Gr,Average,3,1.18,10.36,2.88,1.43
HSBC ELSS Tax saver IDCW-P,Average,3,0.97,82.1,15.31,0.88
HSBC ELSS Tax saver IDCW-R,Average,3,0.97,82.1,15.31,0.88
ICICI Pru Quant Dir Gr,–,2.96,0.8,92.72,11.85,0.98
Quantum ELSS Tax Saver Reg IDCW-P,Low,2.95,0.84,92.36,12.42,0.97
Quantum ELSS Tax Saver Reg Gr,Low,2.95,0.84,92.36,12.42,0.97
Aditya BSL Pure Value IDCW-P,Above Average,2.94,1.09,88.42,16.87,0.91
Aditya BSL Pure Value IDCW-R,Above Average,2.94,1.09,88.42,16.87,0.91
Nippon India ELSS Tax Saver DirGr,High,2.93,1,95.41,14.65,0.94
Tata Equity P/E Trigger B 10% IDCW-P,Average,2.93,0.98,93.33,14.77,0.95
Tata Equity P/E Trigger B 10% IDCW-R,Average,2.93,0.98,93.33,14.77,0.95
ICICI Pru Flexicap Reg Gr,Below Average,2.93,0.88,90.63,13.5,0.96
Templeton India Equity Inc Dir Gr,–,2.92,0.79,74.09,13.28,0.89
HDFC Small Cap IDCW-P,Average,2.92,0.79,93.76,16.34,1.12
HDFC Small Cap Gr,Average,2.92,0.79,93.75,16.33,1.12
HDFC Small Cap IDCW-R,Average,2.92,0.79,93.76,16.34,1.12
Bandhan Multi Cap Reg IDCW-T,Below Average,2.91,0.91,93.41,13.6,0.97
Bandhan Multi Cap Reg IDCW-R,Below Average,2.91,0.91,93.41,13.6,0.97
Bandhan Multi Cap Reg IDCW-P,Below Average,2.91,0.91,93.41,13.6,0.97
Mirae Asset Great Consumer Dir Gr,–,2.9,0.99,82.29,15.85,0.89
Sundaram Consumption Dir IDCW-P,–,2.9,0.9,73.12,15.33,0.86
Invesco India Mid Cap Gr,Average,2.9,0.91,88.31,16.83,1.17
Nippon India Growth Bns,Average,2.9,0.9,94.56,16.21,1.21
Nippon India Growth Gr,Average,2.9,0.9,94.56,16.21,1.21
Sundaram Consumption Dir IDCW-T,–,2.9,0.9,73.12,15.33,0.86
Sundaram Consumption Dir IDCW-R,–,2.9,0.9,73.12,15.33,0.86
Nippon India Equity Hybrid Dir Gr,Above Average,2.89,1.03,94.76,10.14,1.06
Canara Robeco Consumer Trends Dir IDCW-P,–,2.89,0.95,85.12,14.9,0.91
Canara Robeco Consumer Trends Dir IDCW-R,–,2.89,0.95,85.12,14.9,0.91
Franklin India Focused Equity Dir Gr,Above Average,2.88,0.88,91.75,13.25,0.97
Aditya BSL Credit Risk Reg Bns,–,2.85,0.86,44.32,2.2,–
Mahindra Manulife Multi Cap Reg Gr,Average,2.84,0.98,83.8,15.63,0.9
DSP Agrsv Hybrid Fund IDCW-P,Above Average,2.83,1.04,83.58,10.91,0.99
ICICI Pru Passive Strategy(FOF) IDCW-P,–,2.83,0.86,95.25,12.6,0.96
ICICI Pru Passive Strategy(FOF) IDCW-R,–,2.83,0.86,95.25,12.6,0.96
DSP Agrsv Hybrid Fund IDCW-R,Above Average,2.83,1.04,83.58,10.91,0.99
Parag Parikh Cnsv Hyb Dir Mn IDCW-P,Below Average,2.83,0.81,62.37,3.28,1.67
Parag Parikh Cnsv Hyb Dir Mn IDCW-R,Below Average,2.83,0.81,62.37,3.28,1.67
Parag Parikh Cnsv Hyb Dir Gr,Below Average,2.83,0.81,62.38,3.27,1.67
Nippon India Consumption Bns,–,2.82,0.9,76.42,14.88,0.87
Nippon India Consumption Gr,–,2.82,0.9,76.42,14.88,0.87
UTI Dividend Yield Reg Gr,–,2.82,0.93,87.64,14.45,0.93
ICICI Pru Bharat Consumption Dir IDCW-R,–,2.82,0.8,79.34,12.99,0.91
ICICI Pru Bharat Consumption Dir IDCW-P,–,2.82,0.8,79.34,12.99,0.91
Tata India Consumer Reg IDCW-P,–,2.81,0.94,73.82,15.81,0.85
Tata India Consumer Reg Gr,–,2.81,0.94,73.82,15.81,0.85
Tata India Consumer Reg IDCW-R,–,2.81,0.94,73.82,15.81,0.85
Mahindra Manulife Lrg & Md cap Dir Gr,Average,2.79,0.95,85.22,14.61,0.89
Baroda BNP P Large Cap Dir Gr,Low,2.78,0.95,95.47,13.37,0.92
Sundaram Mid Cap Dir Gr,Average,2.78,0.92,94.51,16.42,1.2
Taurus Infrastructure Gr,Below Average,2.77,1.09,87.96,16.92,0.9
Taurus Infrastructure IDCW-P,Below Average,2.76,1.09,87.96,16.92,0.9
DSP Agrsv Hybrid Fund Reg Gr,Above Average,2.76,1.05,86.67,10.84,1
UTI Dividend Yield Reg IDCW-P,–,2.76,0.93,87.58,14.46,0.92
Taurus Infrastructure IDCW-R,Below Average,2.76,1.09,87.96,16.92,0.9
UTI Dividend Yield Reg IDCW-R,–,2.76,0.93,87.58,14.46,0.92
Franklin India Eq Hybrid Dir IDCW-P,Below Average,2.75,0.97,92.34,9.71,1.05
Franklin India Eq Hybrid Dir IDCW-R,Below Average,2.75,0.97,92.34,9.71,1.05
Axis Large & Mid Cap Reg Gr,Average,2.75,0.88,78.97,14.14,0.87
Nippon India Equity Hybrid Dir IDCW-P,Above Average,2.74,1.03,94.65,10.12,1.05
Nippon India Equity Hybrid Dir IDCW-R,Above Average,2.74,1.03,94.65,10.12,1.05
DSP Flexi Cap Fund Dir Gr,Above Average,2.72,0.98,89.78,14.98,0.92
Invesco India Agrsv HybReg Gr,Average,2.72,1.09,87.03,11.25,0.99
Invesco India Agrsv HybReg IDCW-P,Average,2.72,1.09,87.03,11.25,0.99
Invesco India Agrsv HybReg IDCW-R,Average,2.72,1.09,87.03,11.25,0.99
Nippon India Equity Hybrid Dir Mn IDCW-P,Average,2.71,1.03,94.65,10.13,1.04
ICICI Pru Bluechip IDCW-P,Below Average,2.71,0.9,96.17,12.67,0.93
Sundaram Consumption Inst IDCW-P,–,2.71,1.06,88.72,17.17,0.55
Sundaram Consumption Inst IDCW-R,–,2.71,1.06,88.72,17.17,0.55
Sundaram Consumption Inst IDCW-T,–,2.71,1.06,88.72,17.17,0.55
Nippon India Equity Hybrid Dir Mn IDCW-R,Average,2.71,1.03,94.65,10.13,1.04
ICICI Pru Bluechip IDCW-R,Below Average,2.71,0.9,96.17,12.67,0.93
Invesco India Mid Cap IDCW-P,Average,2.69,0.9,88.3,16.72,1.16
HSBC Flexi Cap Dir IDCW-P,Above Average,2.69,1.02,90.46,15.58,0.92
Invesco India Mid Cap IDCW-R,Average,2.69,0.9,88.3,16.72,1.16
HSBC Flexi Cap Dir IDCW,Above Average,2.69,1.02,90.46,15.58,0.92
ICICI Pru Bharat Consumption Reg Cum,–,2.69,0.79,80.67,12.78,0.91
Invesco India largecap Dir Gr,Above Average,2.68,1.02,93.48,14.59,0.89
Union Value Fund Reg IDCW-T,Average,2.68,0.9,91.64,13.61,0.94
Union Value Fund Reg IDCW-P,Average,2.68,0.9,91.64,13.61,0.94
Union Value Fund Reg IDCW-R,Average,2.68,0.9,91.64,13.61,0.94
Union Value Fund Reg Gr,Average,2.68,0.9,91.64,13.61,0.94
Bank of India ELSS Tax Saver Eco Gr,High,2.67,1.08,80.56,17.12,0.83
Nippon India ELSS Tax Saver DirIDCW-P,Above Average,2.67,1,95.49,14.57,0.92
Nippon India ELSS Tax Saver DirIDCW-R,Above Average,2.67,1,95.49,14.57,0.92
Bank of India ELSS Tax Saver Eco IDCW-P,High,2.66,1.08,80.55,17.13,0.83
Quantum Value Reg IDCW-P,Low,2.66,0.83,93.53,12.53,0.97
Quantum Value Reg Gr,Low,2.66,0.83,93.54,12.53,0.97
Quantum Value Reg IDCW-R,Low,2.66,0.83,93.53,12.53,0.97
Bank of India Tax Advantage Eco IDCW-R,High,2.66,1.08,80.55,17.13,0.83
Baroda BNP P Credit Risk Dir Bns,–,2.65,0.94,82.04,1.41,–
Bank of India Large & Mid Cp Eq Dir Gr,Average,2.65,1.03,89.82,15.45,0.89
Nippon India ELSS Tax Saver DirAnnIDCW-P,Above Average,2.65,1,95.49,14.57,0.92
HDFC Dividend Yield Reg Gr,–,2.65,0.98,94.88,14.66,0.94
Edelweiss Large Cap Dir Gr,Average,2.64,0.94,98.42,13.05,0.93
SBI Focused Equity Fund Dir Gr,Below Average,2.64,0.71,80.57,11.42,0.93
SBI Focused Equity Fund Dir IDCW-P,Below Average,2.64,0.71,80.57,11.42,0.93
SBI Focused Equity Fund Dir IDCW-R,Below Average,2.64,0.71,80.57,11.42,0.93
ITI Value Reg IDCW-P,Above Average,2.64,1.02,91.22,15.45,0.92
ITI Value Reg IDCW-R,Above Average,2.64,1.02,91.22,15.45,0.92
ITI Value Reg Gr,Above Average,2.64,1.02,91.22,15.45,0.92
DSP S/T Dir IDCW-P,High,2.62,0.98,0.47,11.43,0.32
DSP S/T Dir IDCW-R,High,2.62,0.98,0.47,11.43,0.32
Mahindra Manulife Agrsv Hy Reg Gr,Above Average,2.62,1.13,94.25,11.15,1.01
Bank of India Large & Mid Cp EqDirBonus,Above Average,2.61,1.03,89.85,15.46,0.89
Mahindra Manulife Flexi Cap Dir Gr,Average,2.61,0.93,96.08,13.84,0.95
LIC MF Large & Mid Cap Dir Gr,Average,2.6,0.98,79.12,15.79,0.84
HSBC Tax Saver Equity IDCW-P,Above Average,2.6,0.97,79.69,15.51,0.84
LIC MF Large & Mid Cap Dir IDCW-P,Average,2.59,0.98,79.12,15.79,0.84
LIC MF Large & Mid Cap Dir IDCW-R,Average,2.59,0.98,79.12,15.79,0.84
Baroda BNP P Lrg & MidCapRegIDCW-R,Above Average,2.59,0.96,84.67,14.94,0.87
Baroda BNP P Lrg & MidCapRegIDCW-P,Above Average,2.59,0.96,84.67,14.94,0.87
Invesco India ELSS Tax Saver Fund Dir Gr,Above Average,2.58,0.99,86.9,15.08,0.88
Tata Equity P/E Trigger A 5% Dir IDCW-P,Below Average,2.58,1,93.23,15.07,0.92
Bank of India Large & MidCpEqDirQtIDCWP,Average,2.58,1.03,89.81,15.46,0.88
Bank of India Large & Mid Cp EqDirIDCWP,Above Average,2.58,1.03,89.81,15.44,0.88
Mahindra Manulife Multi Cap Reg IDCW-P,Average,2.58,0.99,83.83,15.64,0.88
DSP Bond Fund Dir IDCW-P,High,2.58,1.5,1.04,11.79,0.35
Nippon India Equity Hybrid Dir Qt IDCW-P,Above Average,2.58,1.02,94.43,10.1,1.03
DSP Bond Fund Dir IDCW-R,High,2.58,1.5,1.04,11.79,0.35
Bank of India Large & Mid Cp EqDirIDCWR,Above Average,2.58,1.03,89.81,15.44,0.88
Nippon India Equity Hybrid Dir Qt IDCW-R,Above Average,2.58,1.02,94.43,10.1,1.03
Tata Equity P/E Trigger A 5% Dir IDCW-R,Below Average,2.58,1,93.23,15.07,0.92
Bank of India Large & Mid CpEqDirQtIDCWR,Average,2.58,1.03,89.81,15.46,0.88
Mahindra Manulife Multi Cap Reg IDCW-R,Average,2.58,0.99,83.83,15.64,0.88
ICICI Pru Flexicap Reg IDCW-R,Average,2.58,0.89,90.29,13.61,0.93
ICICI Pru Flexicap Reg IDCW-P,Average,2.58,0.89,90.29,13.61,0.93
Bandhan Sterling Value Reg Gr,Above Average,2.57,0.88,92.82,13.24,0.95
HDFC Large Cap Dir Gr,Above Average,2.56,0.92,95.92,13.01,0.91
SBI Consumption Opportunities Dir IDCW-P,–,2.55,0.88,75.99,14.58,0.86
UTI Value fund Reg Gr,Below Average,2.55,0.92,93.86,13.83,0.94
UTI Value fund Reg IDCW-P,Below Average,2.55,0.92,93.86,13.83,0.94
SBI Consumption Opportunities Dir IDCW-R,–,2.55,0.88,75.99,14.58,0.86
UTI Value fund Reg IDCW-R,Below Average,2.55,0.92,93.86,13.83,0.94
SBI Consumption Opportunities Dir Gr,–,2.54,0.88,75.99,14.58,0.86
DSP Banking & PSU Debt Dir IDCW-P,High,2.53,1.21,0.7,11.61,0.32
DSP Banking & PSU Debt Dir IDCW-R,High,2.53,1.21,0.7,11.61,0.32
Parag Parikh Cnsv Hyb Reg Mn IDCW-R,Low,2.53,0.81,62.36,3.28,1.58
Parag Parikh Cnsv Hyb Reg Gr,Low,2.53,0.81,62.39,3.28,1.58
Parag Parikh Cnsv Hyb Reg Mn IDCW-P,Low,2.53,0.81,62.36,3.28,1.58
Franklin India Prima Dir Gr,Below Average,2.52,0.88,93.58,15.84,1.19
Sundaram Consumption Gr,–,2.52,0.9,74,15.23,0.84
Edelweiss Large Cap Dir IDCW-P,Average,2.52,0.94,98.4,13.06,0.92
Edelweiss Large Cap Dir IDCW-R,Average,2.52,0.94,98.4,13.06,0.92
Nippon India Retmnt Wlt Creation Dir Gr,–,2.49,0.98,96.09,14.45,0.94
Nippon India Retmnt Wlt Creation Dir Bns,–,2.49,0.98,96.09,14.45,0.94
Mahindra Manulife Lrg & Md cap DirIDCW-R,Average,2.49,0.95,85.16,14.62,0.87
Mahindra Manulife Lrg & Md cap DirIDCW-P,Average,2.49,0.95,85.16,14.62,0.87
Bandhan Focused Equity Reg Gr,Average,2.46,0.9,77.64,14.89,0.85
Baroda BNP P ELSS Tax Saver Reg Gr,Below Average,2.46,0.94,87.43,14.41,0.88
SBI Multicap Dir IDCW-P,Low,2.46,0.86,86.26,13.52,0.91
SBI Multicap Dir IDCW-R,Low,2.46,0.86,86.26,13.52,0.91
SBI Multicap Dir IDCW-T,Low,2.46,0.86,86.26,13.52,0.91
SBI Multicap Dir Gr,Low,2.46,0.86,86.26,13.51,0.91
Tata Flexi Cap Dir IDCW-T,Low,2.46,0.8,89.47,12.23,0.94
Tata Flexi Cap Dir IDCW-R,Low,2.46,0.8,89.47,12.23,0.94
Tata Flexi Cap Dir Gr,Low,2.46,0.8,89.47,12.23,0.94
Tata Flexi Cap Dir IDCW-P,Low,2.46,0.8,89.47,12.23,0.94
Canara Robeco Emerging Eqs Dir Gr,Average,2.45,0.97,88.64,14.63,0.88
Franklin India Smaller Comp IDCW-P,Above Average,2.45,0.83,90.19,17.4,1.06
Franklin India Smaller Comp IDCW-R,Above Average,2.45,0.83,90.19,17.4,1.06
Tata Small Cap Fund Reg IDCW-P,Below Average,2.45,0.76,86.62,16.37,1.05
Tata Small Cap Fund Reg IDCW-T,Below Average,2.45,0.76,86.62,16.37,1.05
Tata Small Cap Fund Reg Gr,Below Average,2.45,0.76,86.62,16.37,1.05
Tata Small Cap Fund Reg IDCW-R,Below Average,2.45,0.76,86.62,16.37,1.05
Mahindra Manulife Mid Cap Dir Gr,Average,2.44,0.93,97.26,16.5,1.2
Bank of India ELSS Tax Saver Reg Gr,High,2.4,1.08,80.57,17.11,0.82
Bank of India ELSS Tax Saver Reg IDCW-P,High,2.4,1.08,80.59,17.13,0.82
Bank of India Tax Advantage Reg IDCW-R,High,2.4,1.08,80.59,17.13,0.82
Kotak Equity Hybrid Dir Gr,Above Average,2.37,1.08,87.86,11.03,0.96
Kotak Equity Hybrid Dir IDCW-P,Above Average,2.37,1.08,87.86,11.02,0.96
360 ONE Focused Equity Reg IDCW-P,Average,2.37,0.88,92.32,13.28,0.93
360 ONE Focused Equity Reg IDCW-R,Average,2.37,0.88,92.32,13.28,0.93
360 ONE Focused Equity Reg Gr,Average,2.37,0.88,92.32,13.28,0.93
Kotak Equity Hybrid Dir IDCW-R,Above Average,2.37,1.08,87.86,11.02,0.96
Axis Flexi Cap Dir IDCW-P,Above Average,2.35,0.94,83.09,15,0.87
Axis Flexi Cap Dir IDCW-R,Above Average,2.35,0.94,83.09,15,0.87
Invesco India Credit Risk Dir Gr,Average,2.34,1.36,15.74,2.76,1.35
Canara Robeco Focused Equity Reg Gr,Average,2.34,0.89,92.86,13.44,0.93
Invesco India Credit Risk Dir Dis IDCW-P,Average,2.33,1.36,15.78,2.76,1.35
Invesco India Credit Risk Dir Dis IDCW-R,Average,2.33,1.36,15.78,2.76,1.35
Kotak ESG Exclusionary Strategy Dir Gr,Average,2.32,0.92,94.05,13.6,0.75
ICICI Pru Quant Reg Gr,–,2.32,0.8,92.77,11.89,0.92
Kotak ESG Exclusionary Strategy DirIDCWP,Average,2.32,0.92,94.04,13.6,0.75
Kotak ESG Exclusionary Strategy DirIDCWR,Average,2.32,0.92,94.04,13.6,0.75
Mahindra Manulife Flexi Cap Dir IDCW-R,Average,2.32,0.93,95.85,13.79,0.93
Mahindra Manulife Flexi Cap Dir IDCW-P,Average,2.32,0.93,95.85,13.79,0.93
Invesco India Credit Risk Dir Mn IDCW-R,Average,2.31,1.34,15.47,2.75,1.34
Invesco India Credit Risk Dir Mn IDCW-P,Average,2.31,1.34,15.47,2.75,1.34
Franklin India Eq Hybrid Gr,Below Average,2.29,0.98,92.8,9.73,1
Invesco India ESG Int StgyDir Gr,Above Average,2.29,0.92,89.11,13.96,0.73
Canara Robeco Bluechip Equity Dir Gr,Low,2.28,0.9,98.56,12.51,0.91
Canara Robeco Focused Equity Reg IDCW-P,Average,2.28,0.89,92.45,13.44,0.92
Canara Robeco Focused Equity Reg IDCW-R,Average,2.28,0.89,92.45,13.44,0.92
Mirae Asset Great Consumer Dir IDCW-P,–,2.27,0.99,81.84,15.87,0.85
Nippon India FRF IDCW-P,High,2.27,11.75,49.78,1.3,4.14
Sundaram Multi Cap Dir Gr,Average,2.27,0.95,92.38,14.4,0.91
Mirae Asset Great Consumer Dir IDCW-R,–,2.27,0.99,81.84,15.87,0.85
Nippon India FRF IDCW-R,High,2.27,11.75,49.78,1.3,4.14
Aditya BSL Finl Pl FOF Agg IDCW-P,–,2.26,1.05,92.32,10.49,0.98
Aditya BSL Finl Pl FOF Agg Gr,–,2.26,1.05,92.33,10.49,0.98
Edelweiss ELSS Tax saver Dir Gr,Average,2.26,0.96,93.96,14.04,0.89
Aditya BSL Finl Pl FOF Agg IDCW-R,–,2.26,1.05,92.32,10.49,0.98
DSP Healthcare Fund Dir IDCW-P,–,2.26,0.9,70.37,17.52,0.97
DSP Healthcare Fund Dir IDCW-R,–,2.26,0.9,70.37,17.52,0.97
Edelweiss ELSS Tax saver Dir IDCW-P,Average,2.25,0.96,93.95,14.05,0.89
Edelweiss ELSS Tax saver Dir IDCW-R,Average,2.25,0.96,93.95,14.05,0.89
Mahindra Manulife Agrsv Hy RegIDCW-P,Above Average,2.25,1.13,94.24,11.15,0.98
Mahindra Manulife Agrsv Hy RegIDCW-R,Above Average,2.25,1.13,94.24,11.15,0.98
Edelweiss ELSS Tax saver Dir IDCW-T,Average,2.25,0.96,93.95,14.05,0.89
Edelweiss Mid Cap IDCW-P,Above Average,2.24,0.92,92.6,16.64,1.16
Edelweiss Mid Cap Gr,Average,2.24,0.92,92.6,16.63,1.16
Franklin India Focused Equity Dir IDCW-P,Above Average,2.24,0.87,91.69,13.24,0.92
Nippon India ELSS Tax Saver Gr,High,2.24,1,95.41,14.64,0.89
Canara Robeco Emerging Eqs Dir IDCW-P,Above Average,2.24,0.98,83.74,15.25,0.84
Canara Robeco Emerging Eqs Dir IDCW-R,Above Average,2.24,0.98,83.74,15.25,0.84
Franklin India Focused Equity Dir IDCW-R,Above Average,2.24,0.87,91.69,13.24,0.92
Edelweiss Mid Cap IDCW-R,Above Average,2.24,0.92,92.6,16.64,1.16
Sundaram Services Reg IDCW-T,–,2.24,0.98,78.32,15.14,0.67
Nippon India Pharma Dir Gr,–,2.23,0.9,94.59,14.97,1.13
Nippon India Pharma Dir Bns,–,2.23,0.9,94.59,14.97,1.13
DSP Flexi Cap Fund Dir IDCW-P,Above Average,2.23,0.98,89.08,15.07,0.88
HSBC Flexi Cap Gr,Above Average,2.23,1.01,90.79,15.36,0.89
DSP Flexi Cap Fund Dir IDCW-R,Above Average,2.23,0.98,89.08,15.07,0.88
ICICI Pru Commodities Reg IDCW-P,–,2.23,0.85,86.55,17.06,0.69
ICICI Pru Commodities Reg IDCW-R,–,2.23,0.85,86.55,17.06,0.69
Bank of India Large & Mid Cp EqEcoIDCWP,Average,2.22,1.03,89.81,15.44,0.86
Tata Retirement Saving Prgsv Dir Gr,–,2.22,0.88,87.01,13.76,0.91
Nippon India Growth IDCW-P,High,2.22,0.92,83.8,17.49,1.1
Mahindra Manulife Mid Cap Dir IDCW-P,Average,2.22,0.93,97.32,16.5,1.19
Mahindra Manulife Mid Cap Dir IDCW-R,Average,2.22,0.93,97.32,16.5,1.19
Nippon India Growth IDCW-R,High,2.22,0.92,83.8,17.49,1.1
Bank of India Large & Mid Cp EqEcoIDCWR,Average,2.22,1.03,89.81,15.44,0.86
Nippon India Small Cap IDCW-P,High,2.21,0.86,85.06,18.61,1.01
DSP Focused Reg Gr,Average,2.21,0.97,84.95,15.24,0.86
Bank of India Large & MidCpEqEcoQtIDCWP,Average,2.21,1.03,89.74,15.44,0.86
Nippon India Small Cap IDCW-R,High,2.21,0.86,85.06,18.61,1.01
Bank of India Large & MidCpEqEcoQtIDCWR,Average,2.21,1.03,89.74,15.44,0.86
Edelweiss Large & Mid IDCW-P,Above Average,2.2,0.98,89.01,14.81,0.86
Edelweiss Large & Mid Gr,Below Average,2.2,0.98,89.01,14.81,0.86
Bank of India Large & Mid Cp Eq Eco Gr,Average,2.2,1.03,89.83,15.46,0.86
Bank of India Large & Mid CpEq EcoBonus,Average,2.2,1.03,89.81,15.45,0.86
Edelweiss Large & Mid IDCW-R,Above Average,2.2,0.98,89.01,14.81,0.86
Kotak Flexicap Dir Gr,Below Average,2.18,0.93,94.78,13.87,0.92
ICICI Pru Regular Savings Dir Qt IDCW-P,Above Average,2.18,0.93,63.59,3.71,1.4
Kotak Flexicap Dir IDCW-P,Below Average,2.18,0.93,94.78,13.87,0.92
ICICI Pru Regular Savings Dir Qt IDCW-R,Above Average,2.18,0.93,63.59,3.71,1.4
Kotak Flexicap Dir IDCW-R,Below Average,2.18,0.93,94.78,13.87,0.92
DSP Banking & PSU Debt Reg IDCW-P,High,2.17,1.22,0.76,11.22,0.3
DSP Banking & PSU Debt Reg IDCW-R,High,2.17,1.22,0.76,11.22,0.3
Bandhan Large Cap Dir Gr,Below Average,2.16,1,94.75,14.13,0.87
ICICI Pru Quant Dir IDCW-R,–,2.16,0.81,93.73,11.95,0.91
ICICI Pru Quant Dir IDCW-P,–,2.16,0.81,93.73,11.95,0.91
Sundaram Mid Cap Dir IDCW-P,Average,2.15,0.92,94.42,16.56,1.16
Sundaram Mid Cap Dir IDCW-T,Average,2.15,0.92,94.42,16.56,1.16
Sundaram Mid Cap Dir IDCW-R,Average,2.15,0.92,94.42,16.56,1.16
LIC MF ELSS Tax Saver Dir Gr,Average,2.14,0.88,80.86,13.99,0.83
JM Large Cap Dir HY IDCW-P,Below Average,2.14,0.95,88.29,13.87,0.84
JM Large Cap Dir Ann IDCW-P,Below Average,2.14,0.95,88.29,13.87,0.84
JM Large Cap Dir Gr,Below Average,2.14,0.95,88.29,13.87,0.84
JM Large Cap Dir Qt IDCW-P,Below Average,2.14,0.95,88.29,13.87,0.84
JM Large Cap Dir Mn IDCW-P,Below Average,2.14,0.95,88.29,13.87,0.84
JM Large Cap Dir Qt IDCW-R,Below Average,2.14,0.95,88.29,13.87,0.84
JM Large Cap Dir HY IDCW-R,Below Average,2.14,0.95,88.29,13.87,0.84
JM Large Cap Dir IDCW-P,Below Average,2.14,0.95,88.29,13.87,0.84
Canara Robeco Bluechip Equity Dir IDCW-P,Below Average,2.14,0.92,89.79,13.36,0.85
JM Large Cap Dir IDCW-R,Below Average,2.14,0.95,88.29,13.87,0.84
JM Large Cap Dir Mn IDCW-R,Below Average,2.14,0.95,88.29,13.87,0.84
JM Large Cap Dir Ann IDCW-R,Below Average,2.14,0.95,88.29,13.87,0.84
Canara Robeco Bluechip Equity Dir IDCW-R,Below Average,2.14,0.92,89.79,13.36,0.85
Quant Large and Mid Cap IDCW-P,Average,2.13,1.08,83.66,16.88,0.82
Quant Large and Mid Cap IDCW-R,Average,2.13,1.08,83.66,16.88,0.82
Bandhan Sterling Value Reg IDCW-P,Above Average,2.12,0.87,92.35,13.21,0.91
Baroda BNP P Large Cap Dir IDCW-P,Average,2.12,0.94,95.39,13.27,0.88
LIC MF ELSS Tax Saver Dir IDCW-P,Average,2.12,0.88,80.86,14,0.83
DSP Bond Fund Reg IDCW-P,High,2.12,1.52,1.16,11.29,0.32
Bandhan Sterling Value Reg IDCW-R,Above Average,2.12,0.87,92.35,13.21,0.91
DSP Bond Fund Reg IDCW-R,High,2.12,1.52,1.16,11.29,0.32
LIC MF ELSS Tax Saver Dir IDCW-R,Average,2.12,0.88,80.86,14,0.83
Baroda BNP P Large Cap Dir IDCW-R,Average,2.12,0.94,95.39,13.27,0.88
Sundaram Small Cap Dir Gr,Above Average,2.11,0.78,92.89,16.13,1.06
Quant Large and Mid Cap Dir Bns,Average,2.1,1.08,83.68,16.89,0.82
Quant Large and Mid Cap Bns,Average,2.1,1.08,83.68,16.89,0.82
Nippon India Consumption IDCW-P,–,2.1,0.91,76.63,15.02,0.82
Nippon India Consumption IDCW-R,–,2.1,0.91,76.63,15.02,0.82
Templeton India Equity Inc Gr,–,2.09,0.78,74.08,13.28,0.83
UTI Healthcare Dir Gr,–,2.09,0.95,96.08,15.79,1.12
UTI Healthcare Dir IDCW-P,–,2.09,0.95,96.08,15.79,1.12
Nippon India Equity Hybrid Gr,Above Average,2.09,1.03,94.76,10.13,0.98
UTI Healthcare Dir IDCW-R,–,2.09,0.95,96.08,15.79,1.12
Baroda BNP P IndiaCnsmptnDirGr,–,2.09,0.92,80.81,14.8,0.84
Invesco India largecap Dir IDCW-P,Above Average,2.08,1.04,93.18,14.79,0.85
Invesco India largecap Dir IDCW-R,Above Average,2.08,1.04,93.18,14.79,0.85
PGIM India Emerging Mrkts Eq Dir Gr,–,2.07,0.69,56.47,14.38,0.29
Bandhan ELSS Tax saver Dir Gr,Above Average,2.06,0.88,93.88,12.91,0.89
Franklin India Focused Equity Gr,Above Average,2.06,0.87,91.76,13.24,0.9
Canara Robeco Consumer Trends Reg Gr,–,2.05,0.94,86.1,14.75,0.86
Quant Large and Mid Cap Gr,Average,2.05,1.08,83.71,16.88,0.81
Invesco India ELSS Tax Saver Fd DirIDCWP,Above Average,2.05,0.97,85.61,14.98,0.84
Bandhan Focused Equity Reg IDCW-P,Average,2.05,0.9,76.78,14.83,0.82
Invesco India ELSS Tax Saver Fd DirIDCWR,Above Average,2.05,0.97,85.61,14.98,0.84
Bandhan Focused Equity Reg IDCW-R,Average,2.05,0.9,76.78,14.83,0.82
Bank of India Midcap Tax Ser 1 Dir ICDW,–,2.04,1.06,76.16,17.29,0.78
Franklin India Prima Dir IDCW-P,Above Average,2.03,0.89,78.77,17.39,1.06
Bank of India Midcap Tax Ser 1 Dir Gr,–,2.03,1.06,76.17,17.29,0.78
Franklin India Prima Dir IDCW-R,Above Average,2.03,0.89,78.77,17.39,1.06
Invesco India Shrt DurB Mn IDCW-P,Above Average,2.02,1.63,68.3,1.62,2.31
Groww Value Dir Qt IDCW-R,Below Average,2.02,0.94,93.62,14.1,0.9
Groww Value Dir Qt IDCW-P,Below Average,2.02,0.94,93.62,14.1,0.9
Invesco India Shrt DurB Mn IDCW-R,Above Average,2.02,1.63,68.3,1.62,2.31
Groww Value Dir IDCW-P,Below Average,2.01,0.94,93.62,14.1,0.9
Bank of India Midcap Tax Ser 1 Reg ICDW,–,2.01,1.06,75.81,17.29,0.78
Groww Value Dir Mn IDCW-P,Below Average,2.01,0.94,93.63,14.1,0.9
Groww Value Dir IDCW-R,Below Average,2.01,0.94,93.62,14.1,0.9
Groww Value Dir HY IDCW-R,Below Average,2.01,0.94,93.63,14.07,0.9
Groww Value Dir HY IDCW-P,Below Average,2.01,0.94,93.63,14.07,0.9
Sundaram Consumption IDCW-P,–,2.01,0.9,73.12,15.32,0.8
Groww Value Dir Mn IDCW-R,Below Average,2.01,0.94,93.63,14.1,0.9
Axis Small Cap Fund Dir Gr,Low,2.01,0.7,94.3,14.42,1.08
Sundaram Consumption IDCW-T,–,2.01,0.9,73.12,15.32,0.8
Sundaram Consumption IDCW-R,–,2.01,0.9,73.12,15.32,0.8
Bank of India Midcap Tax Ser 1 Reg Gr,–,2,1.06,75.85,17.3,0.77
Groww Value Dir Gr,Below Average,2,0.94,93.61,14.1,0.9
SBI ESG Exclusionary Strategy Dir IDCW-P,Low,1.99,0.89,92.97,13.17,0.73
Sundaram Multi Cap Dir Hf Yry IDCW-P,Average,1.99,0.95,92.29,14.42,0.89
SBI ESG Exclusionary Strategy Dir Gr,Below Average,1.99,0.89,92.97,13.17,0.73
Sundaram Multi Cap Dir Hf Yry IDCW-R,Average,1.99,0.95,92.29,14.42,0.89
SBI ESG Exclusionary Strategy Dir IDCW-R,Low,1.99,0.89,92.97,13.17,0.73
HDFC Floating Rate Debt Wk IDCW-P,High,1.98,9.75,0.91,7.87,0.57
HDFC Floating Rate Debt Wk IDCW-R,High,1.98,9.75,0.91,7.87,0.57
Motilal Oswal Nasdaq 100 Fd of Fd Dir Gr,–,1.97,0.85,54.38,23.05,0.72
Aditya BSL Flexi Cap Dir Gr,Above Average,1.96,0.94,97.48,13.82,0.91
HDFC Large Cap Gr,Above Average,1.96,0.92,95.92,13.01,0.87
Tata Large & Mid Cap Reg Gr,Below Average,1.96,0.89,90.98,13.26,0.87
Tata Large & Mid Cap Reg IDCW-P,Below Average,1.94,0.89,90.98,13.27,0.87
Tata Large & Mid Cap Reg IDCW-R,Below Average,1.94,0.89,90.98,13.27,0.87
DSP ELSS Tax Saver Reg IDCW-P,Above Average,1.93,0.98,90.4,14.71,0.85
DSP Focused Reg IDCW-P,Average,1.93,0.97,85.35,15.28,0.85
Sundaram Mid Cap Gr,Average,1.93,0.92,94.51,16.4,1.15
DSP Focused Reg IDCW-R,Average,1.93,0.97,85.35,15.28,0.85
DSP ELSS Tax Saver Reg IDCW-R,Above Average,1.93,0.98,90.4,14.71,0.85
Axis Large & Mid Cap Reg IDCW-P,Average,1.93,0.89,78.15,14.31,0.8
Axis Large & Mid Cap Reg IDCW-R,Average,1.93,0.89,78.15,14.31,0.8
Edelweiss Flexi Cap Reg IDCW-P,Average,1.92,0.97,95.03,14.47,0.89
Edelweiss Flexi Cap Reg Gr,Average,1.92,0.97,95.03,14.47,0.89
Nippon India ELSS Tax Saver AnnIDCW-P,Above Average,1.92,1,95.49,14.55,0.87
LIC MF Banking & Fin Serv Reg Gr,Below Average,1.92,0.95,85.65,15.35,0.69
LIC MF Banking & Fin Serv Reg IDCW-P,Below Average,1.92,0.95,85.65,15.35,0.69
Edelweiss Flexi Cap Reg IDCW-R,Average,1.92,0.97,95.03,14.47,0.89
LIC MF Banking & Fin Serv Reg IDCW-R,Below Average,1.92,0.95,85.65,15.35,0.69
Aditya BSL Multi-Cap Dir Gr,Average,1.9,0.94,90.55,14.31,0.88
Mahindra Manulife Consumption Dir Gr,–,1.89,0.94,83.39,14.97,0.84
Nippon India Retmnt WltCreationDirIDCW-P,–,1.88,0.99,96.45,14.58,0.9
Nippon India Equity Hybrid Mn IDCW-P,Average,1.87,1.03,94.61,10.12,0.96
Nippon India ELSS Tax Saver IDCW-P,Above Average,1.87,1,95.46,14.55,0.87
Nippon India Equity Hybrid Mn IDCW-R,Average,1.87,1.03,94.61,10.12,0.96
Nippon India ELSS Tax Saver IDCW-R,Above Average,1.87,1,95.46,14.55,0.87
Union Large & Midcap Dir IDCW-R,Below Average,1.86,0.92,81.9,14.47,0.81
Union Large & Midcap Dir IDCW-T,Below Average,1.86,0.92,81.9,14.47,0.81
Union Large & Midcap Dir Gr,Below Average,1.86,0.92,81.9,14.47,0.81
Union Large & Midcap Dir IDCW-P,Below Average,1.86,0.92,81.9,14.47,0.81
Bank of India Small Cap Dir IDCW-P,Above Average,1.85,0.87,91.06,18.24,1.03
Bank of India Small Cap Dir IDCW-R,Above Average,1.85,0.87,91.06,18.24,1.03
Bank of India Small Cap Dir Gr,Above Average,1.85,0.87,91.09,18.25,1.02
Quant Infrastructure Gr,Above Average,1.83,1.2,74.5,20.15,0.76
Quant Infrastructure IDCW-P,Above Average,1.83,1.2,74.5,20.15,0.76
Mahindra Manulife ELSS TaxSaverDirGr,Average,1.83,0.93,94.5,13.56,0.87
Quant Infrastructure IDCW-R,Above Average,1.83,1.2,74.5,20.15,0.76
Aditya BSL ESG Intg Stgy Dir Gr,Above Average,1.83,0.96,89.33,14.6,0.69
Nippon India Equity Hybrid IDCW-P,Above Average,1.82,1.02,94.47,10.1,0.96
DSP S/T Reg IDCW-P,High,1.82,1,0.58,10.56,0.27
Kotak ELSS Tax Saver Reg Gr,Below Average,1.82,0.92,89.78,13.82,0.85
Nippon India Equity Hybrid IDCW-R,Above Average,1.82,1.02,94.47,10.1,0.96
DSP S/T Reg IDCW-R,High,1.82,1,0.58,10.56,0.27
ICICI Pru MNC Dir Gr,–,1.82,0.77,81.58,12.49,0.76
UTI Medium Duration Dir Flexi IDCW-P,Above Average,1.81,1.43,21.84,2.47,1.32
Kotak ELSS Tax Saver Reg IDCW-P,Average,1.81,0.92,89.78,13.82,0.85
Kotak ELSS Tax Saver Reg IDCW-R,Average,1.81,0.92,89.78,13.82,0.85
UTI Medium Duration Dir Flexi IDCW-R,Above Average,1.81,1.43,21.84,2.47,1.32
Quant Flexi Cap Gr,High,1.8,1.07,82.41,17.13,0.81
Quant Flexi Cap IDCW-P,Above Average,1.8,1.07,82.62,17.12,0.82
Baroda BNP P ELSS Tax Saver Reg IDCW-P,Below Average,1.8,0.94,87.08,14.32,0.83
Baroda BNP P ELSS Tax Saver Reg IDCW-R,Below Average,1.8,0.94,87.08,14.32,0.83
Quant Flexi Cap IDCW-R,Above Average,1.8,1.07,82.62,17.12,0.82
Tata ELSS Tax Saver Dir Gr,Average,1.79,0.97,91.61,14.44,0.85
Bandhan Agrsv Hyb Dir Gr,Above Average,1.79,1.11,84.01,11.65,0.89
Tata Dividend Yield Dir IDCW-R,–,1.79,1.02,93.11,15.28,0.87
ICICI Pru Bharat Consumption Reg IDCW-R,–,1.79,0.8,79.5,13.05,0.83
Tata Dividend Yield Dir Gr,–,1.79,1.02,93.11,15.28,0.87
Tata Dividend Yield Dir IDCW-P,–,1.79,1.02,93.11,15.28,0.87
ICICI Pru Bharat Consumption Reg IDCW-P,–,1.79,0.8,79.5,13.05,0.83
ICICI Pru ELSS Tax Saver Dir Gr,Below Average,1.78,0.9,92.46,13.27,0.86
Aditya BSL Multi-Cap Dir IDCW-P,Average,1.78,0.94,90.71,14.31,0.87
Nippon India Equity Hybrid Qt IDCW-P,Above Average,1.76,1.02,94.44,10.11,0.95
Nippon India Equity Hybrid Qt IDCW-R,Above Average,1.76,1.02,94.44,10.11,0.95
Quantum ESG Best In Class StgyFundDirGr,Average,1.76,0.91,91.78,13.59,0.71
SBI Focused Equity Fund Reg Gr,Below Average,1.75,0.7,80.56,11.41,0.85
SBI Focused Equity Fund Reg IDCW-P,Below Average,1.75,0.7,80.56,11.41,0.85
SBI Focused Equity Fund Reg IDCW-R,Below Average,1.75,0.7,80.56,11.41,0.85
Mirae Asset ELSS Tax Saver Dir Gr,Average,1.74,0.93,94.45,13.69,0.86
Franklin India Eq Hybrid IDCW-P,Below Average,1.74,0.97,92.41,9.7,0.95
Bandhan Large Cap Dir IDCW-P,Below Average,1.74,0.99,94.57,14.02,0.84
Bandhan Large Cap Dir IDCW-R,Below Average,1.74,0.99,94.57,14.02,0.84
Franklin India Eq Hybrid IDCW-R,Below Average,1.74,0.97,92.41,9.7,0.95
Nippon India Pharma Dir IDCW-P,–,1.73,0.9,94.86,15.09,1.09
Kotak Bluechip Dir Gr,Below Average,1.73,0.94,98,13.05,0.86
Kotak Bluechip Dir IDCW-P,Average,1.73,0.94,98,13.05,0.86
Kotak Bluechip Dir IDCW-R,Average,1.73,0.94,98,13.05,0.86
Nippon India Pharma Dir IDCW-R,–,1.73,0.9,94.86,15.09,1.09
Kotak Debt Hybrid Dir Gr,Above Average,1.72,1.35,85.99,4.62,1.31
Quantum Equity FoF Dir Gr,–,1.71,0.9,96.36,13.12,0.87
Quantum Equity FoF Dir IDCW-P,–,1.71,0.9,96.36,13.12,0.87
Sundaram Div Yield Dir Gr,–,1.71,0.91,92.73,13.68,0.88
Quantum Equity FoF Dir IDCW-R,–,1.71,0.9,96.36,13.12,0.87
Union ELSS Tax Saver Dir Gr,Below Average,1.7,0.9,89.8,13.44,0.84
Kotak Debt Hybrid Dir Mn IDCW-P,Above Average,1.7,1.35,86.02,4.62,1.31
Union ELSS Tax Saver Dir IDCW-P,Below Average,1.7,0.9,89.8,13.44,0.84
Union ELSS Tax Saver Dir IDCW-R,Below Average,1.7,0.9,89.8,13.44,0.84
Kotak Debt Hybrid Dir Mn IDCW-R,Above Average,1.7,1.35,86.02,4.62,1.31
Franklin India Prima Gr,Below Average,1.69,0.88,93.57,15.83,1.14
DSP Healthcare Fund Reg Gr,–,1.69,0.86,85.49,15.13,1.04
DSP Flexi Cap Fund Reg Gr,Above Average,1.66,0.98,89.76,14.97,0.85
Bandhan ELSS Tax saver Dir IDCW-P,Above Average,1.66,0.87,93.55,12.79,0.86
Bandhan ELSS Tax saver Dir IDCW-R,Above Average,1.66,0.87,93.55,12.79,0.86
ICICI Pru Banking & Fin Svcs IDCW-P,Average,1.64,0.84,83.01,13.71,0.68
ICICI Pru Banking & Fin Svcs IDCW-R,Average,1.64,0.84,83.01,13.71,0.68
Invesco India ESG Int StgyDir IDCW-P,Average,1.64,0.91,88.7,13.91,0.68
Templeton India Equity Inc Dir IDCW-P,–,1.62,0.76,68.16,13.34,0.77
Canara Robeco Consumer Trends Reg IDCW-P,–,1.62,0.95,85.07,14.88,0.83
Templeton India Equity Inc Dir IDCW-R,–,1.62,0.76,68.16,13.34,0.77
Canara Robeco Consumer Trends Reg IDCW-R,–,1.62,0.95,85.07,14.88,0.83
UTI Dynamic Bond Dir Fl IDCW-P,High,1.61,1.07,21.14,4.03,0.91
UTI Dynamic Bond Dir Fl IDCW-R,High,1.61,1.07,21.14,4.03,0.91
Aditya BSL Flexi Cap Dir IDCW-P,Above Average,1.6,0.94,97.28,13.77,0.89
DSP Savings Dir IDCW-P,High,1.6,-8.65,3.8,3.43,-0.19
Aditya BSL Flexi Cap Dir IDCW-R,Above Average,1.6,0.94,97.28,13.77,0.89
DSP Savings Dir IDCW-R,High,1.6,-8.65,3.8,3.43,-0.19
Bank of India Large & Mid Cp EqRegIDCWP,Average,1.59,1.03,89.79,15.44,0.82
Bank of India Large & Mid Cp EqRegIDCWR,Average,1.59,1.03,89.79,15.44,0.82
Motilal Oswal Nasdaq 100 Fd of Fd Reg Gr,–,1.59,0.85,54.38,23.05,0.7
PGIM India Overnight Dir Wk IDCW-P,–,1.59,4.62,7.53,1.33,2.15
PGIM India Overnight Dir Wk IDCW-R,–,1.59,4.62,7.53,1.33,2.15
Bank of India Large & Mid Cp Eq Reg Gr,Average,1.58,1.03,89.81,15.44,0.82
Bank of India Large & Mid Cp Eq Reg Bns,Average,1.58,1.03,89.8,15.45,0.82
Baroda BNP P Large Cap Reg Gr,Low,1.58,0.95,95.47,13.37,0.83
HDFC Hybrid Eq Dir Gr,Average,1.58,0.96,95.08,9.46,0.95
Canara Robeco Equity Hyb Dir Mly IDCW-P,Below Average,1.57,1.05,95,10.35,0.93
PGIM India Hyb Eq Dr Pl Gr,Below Average,1.57,0.9,84.19,9.47,0.9
Canara Robeco Equity Hyb Dir Mly IDCW-R,Below Average,1.57,1.05,95,10.35,0.93
Aditya BSL Credit Risk Dir IDCW-P,Average,1.56,1.7,14.29,3.56,0.9
Aditya BSL Credit Risk Dir IDCW-R,Average,1.56,1.7,14.29,3.56,0.9
HSBC Midcap Dir Gr,Average,1.55,0.92,85.58,17.23,1.08
Canara Robeco ELSS Tax Saver Dir Gr,Average,1.55,0.95,95.59,13.83,0.85
SBI Multicap Reg IDCW-T,Low,1.55,0.86,86.25,13.5,0.84
SBI Multicap Reg IDCW-R,Low,1.55,0.86,86.25,13.5,0.84
SBI Multicap Reg IDCW-P,Low,1.55,0.86,86.25,13.5,0.84
Tata Equity P/E Trigger A 5% IDCW-P,Below Average,1.54,1,93.23,15.06,0.86
Mahindra Manulife ELSS TaxSaverDirIDCW-P,Average,1.54,0.93,94.73,13.55,0.85
Tata Equity P/E Trigger A 5% IDCW-R,Below Average,1.54,1,93.23,15.06,0.86
SBI Multicap Reg Gr,Low,1.54,0.86,86.26,13.5,0.84
Sundaram Small Cap Dir IDCW-P,Above Average,1.53,0.78,92.6,16.24,1.03
Baroda BNP P Agrsv Eq Hyb Reg Gr,Below Average,1.53,1.02,93.79,10.15,0.92
Sundaram Small Cap Dir IDCW-R,Above Average,1.53,0.78,92.6,16.24,1.03
Sundaram Small Cap Dir IDCW-T,Above Average,1.53,0.78,92.6,16.24,1.03
Edelweiss Small Cap Dir Gr,Below Average,1.53,0.82,94.1,16.81,1.03
Edelweiss Small Cap Dir IDCW-P,Below Average,1.53,0.82,94.1,16.81,1.03
Edelweiss Small Cap Dir IDCW-R,Below Average,1.53,0.82,94.1,16.81,1.03
Edelweiss Small Cap Dir IDCW-T,Below Average,1.53,0.82,94.1,16.81,1.03
Nippon India Retmnt Wlt Creation Reg Bns,–,1.52,0.98,96.09,14.44,0.87
Bank of India S/T Income Dir Qt IDCW-P,High,1.52,2,12.92,4.42,0.79
Nippon India Retmnt Wlt Creation Reg Gr,–,1.52,0.98,96.09,14.44,0.87
Bank of India S/T Income Dir Gr,High,1.52,2,12.93,4.43,0.79
Bank of India S/T Income Dir Qt IDCW-R,High,1.52,2,12.92,4.42,0.79
Aditya BSL Special Opports Dir Gr,–,1.52,0.99,94.47,14.81,0.86
Bank of India Midcap Tax Ser 2 Dir ICDW,–,1.51,1.06,83.48,16.76,0.8
Bank of India Midcap Tax Ser 2 Dir Gr,–,1.51,1.06,83.48,16.76,0.8
Bank of India S/T Income Dir Mly IDCW-P,High,1.51,2,12.94,4.43,0.79
Bank of India S/T Income Dir Mly IDCW-R,High,1.51,2,12.94,4.43,0.79
Mahindra Manulife Consumption DirIDCW-R,–,1.5,0.94,83.43,14.98,0.81
Mahindra Manulife Consumption DirIDCW-P,–,1.5,0.94,83.43,14.98,0.81
Aditya BSL Frontline Equity Dir Gr,Average,1.49,0.95,98.87,13.14,0.84
Axis Small Cap Fund Dir IDCW-P,Low,1.48,0.71,94.2,14.61,1.04
Axis Small Cap Fund Dir IDCW-R,Low,1.48,0.71,94.2,14.61,1.04
ICICI Pru Quant Reg IDCW-R,–,1.48,0.81,93.64,11.99,0.86
ICICI Pru Quant Reg IDCW-P,–,1.48,0.81,93.64,11.99,0.86
ICICI Pru Regular Savings Dir Gr,Below Average,1.47,0.92,83.04,3.23,1.38
Baroda BNP P Agrsv Eq Hyb RegIDCWP,Below Average,1.47,1.02,93.78,10.15,0.92
SBI Consumption Opportunities Reg IDCW-P,–,1.47,0.87,76,14.56,0.78
Baroda BNP P Agrsv Eq Hyb RegIDCWR,Below Average,1.47,1.02,93.78,10.15,0.92
Quantum Equity FoF Reg IDCW-P,–,1.47,0.9,96.36,13.11,0.85
SBI Consumption Opportunities Reg Gr,–,1.47,0.87,76,14.56,0.78
Quantum Equity FoF Reg Gr,–,1.47,0.9,96.36,13.11,0.85
Quantum Equity FoF Reg IDCW-R,–,1.47,0.9,96.36,13.11,0.85
SBI Consumption Opportunities Reg IDCW-R,–,1.47,0.87,76,14.56,0.78
PGIM India Liquid Ann IDCW-P,–,1.46,-2.87,19.87,1.13,-0.2
PGIM India Liquid Ann IDCW-R,–,1.46,-2.87,19.87,1.13,-0.2
Bank of India Midcap Tax Ser 2 Reg Gr,–,1.45,1.05,82.98,16.79,0.8
Bank of India Midcap Tax Ser 2 Reg ICDW,–,1.45,1.06,83.04,16.81,0.8
PGIM India Global Eq Opp Dir Gr,–,1.45,1.08,69.9,19.21,0.61
Axis Retirement Dynamic Dir Gr,–,1.45,1.23,86.84,12.62,0.86
PGIM India Hyb Eq Dir Mn IDCW-P,Below Average,1.44,0.9,84.15,9.47,0.88
PGIM India Hyb Eq Dir Mn IDCW-R,Below Average,1.44,0.9,84.15,9.47,0.88
Bandhan Flexi Cap Dir Gr,Below Average,1.42,0.88,92.67,13.25,0.86
Tata Resources & Energy Reg Gr,–,1.41,0.87,90.76,17.11,0.66
Mirae Asset Great Consumer Reg Gr,–,1.41,0.99,82.31,15.84,0.8
HDFC Hybrid Debt Dir Gr,Above Average,1.41,1.21,88.58,4.09,1.3
Union Flexi Cap Dir IDCW-P,Below Average,1.41,0.9,93.1,13.52,0.86
HDFC Hybrid Debt Dir Mn IDCW-P,Above Average,1.41,1.21,88.59,4.09,1.3
Union Flexi Cap Dir IDCW-R,Below Average,1.41,0.9,93.1,13.52,0.86
HDFC Hybrid Debt Dir Mn IDCW-R,Above Average,1.41,1.21,88.59,4.09,1.3
Invesco India ELSS Tax Saver Fund Gr,Above Average,1.4,0.98,86.92,15.07,0.8
Union Flexi Cap Dir Gr,Below Average,1.4,0.9,93.09,13.53,0.86
Canara Robeco Equity Hyb Dir Gr,Below Average,1.4,1.06,96,10.37,0.92
Baroda BNP P IndiaCnsmptnDirIDCW-P,–,1.4,0.91,80.34,14.75,0.79
Baroda BNP P IndiaCnsmptnDirIDCW-R,–,1.4,0.91,80.34,14.75,0.79
Tata Resources & Energy Reg IDCW-P,–,1.39,0.87,90.76,17.11,0.66
Tata Resources & Energy Reg IDCW-R,–,1.39,0.87,90.76,17.11,0.66
ITI Large Cap Dir Gr,Above Average,1.39,1.01,92.46,14.47,0.8
ITI Large Cap Dir IDCW-R,Above Average,1.39,1.01,92.46,14.47,0.8
ITI Large Cap Dir IDCW-P,Above Average,1.39,1.01,92.46,14.47,0.8
Franklin India Focused Equity IDCW-P,Average,1.38,0.87,91.6,13.22,0.85
Sundaram large and Mid Cap Dir Gr,Above Average,1.38,1,91.28,14.96,0.81
HDFC Hybrid Debt Dir Qt IDCW-P,Above Average,1.38,1.21,88.66,4.1,1.29
HDFC Hybrid Debt Dir Qt IDCW-R,Above Average,1.38,1.21,88.66,4.1,1.29
Franklin India Focused Equity IDCW-R,Average,1.38,0.87,91.6,13.22,0.85
Axis Retirement Dyn Dir IDCW-P,–,1.38,1.23,86.66,12.63,0.85
SBI ESG Exclusionary Strategy Reg Gr,Low,1.37,0.89,92.96,13.16,0.68
SBI ESG Exclusionary Strategy Reg IDCW-P,Low,1.37,0.89,92.96,13.16,0.68
Invesco India PSU Equity Dir Gr,–,1.37,0.97,92.45,22.97,1.23
Canara Robeco Emerging Eqs Reg Gr,Average,1.37,0.97,88.63,14.62,0.81
SBI ESG Exclusionary Strategy Reg IDCW-R,Low,1.37,0.89,92.96,13.16,0.68
SBI FMP Ser 34 3682D Dir Gr,–,1.34,1.22,73.02,1.83,1.44
SBI FMP Ser 34 3682D Dir IDCW-P,–,1.34,1.22,73.01,1.83,1.44
Nippon India Pharma Bns,–,1.33,0.9,94.59,14.96,1.07
Nippon India Pharma Gr,–,1.33,0.9,94.59,14.96,1.07
ICICI Pru Gilt Dir Gr,Average,1.32,0.6,42.44,1.61,1.57
Kotak Flexicap Reg Gr,Below Average,1.3,0.93,94.78,13.86,0.85
Kotak Flexicap Reg IDCW-P,Below Average,1.3,0.93,94.78,13.86,0.85
Sundaram Mid Cap IDCW-P,Average,1.3,0.92,94.43,16.55,1.11
DSP Savings Reg IDCW-P,High,1.3,-8.27,3.71,3.32,-0.25
DSP Savings Reg IDCW-R,High,1.3,-8.27,3.71,3.32,-0.25
Kotak Flexicap Reg IDCW-R,Below Average,1.3,0.93,94.78,13.86,0.85
Sundaram Mid Cap IDCW-R,Average,1.3,0.92,94.43,16.55,1.11
Sundaram Mid Cap IDCW-T,Average,1.3,0.92,94.43,16.55,1.11
Baroda BNP P Mid Cap Dir Gr,Below Average,1.29,0.8,94.52,14.41,1.12
ICICI Pru All Seasons Bond Dir Gr,Below Average,1.29,0.63,78.51,1.21,2.02
ICICI Pru All Seasons Bond Dir IDCW-P,Below Average,1.29,0.63,78.51,1.2,2.02
ICICI Pru All Seasons Bond Dir IDCW-R,Below Average,1.29,0.63,78.51,1.2,2.02
Invesco India PSU Equity Dir IDCW-P,–,1.28,0.97,92.57,22.83,1.23
Bandhan Asset Alloc FOF Agrsv Dir Gr,–,1.28,0.95,93.17,9.48,0.91
Invesco India Credit Risk Reg Mn IDCW-R,Average,1.28,1.35,15.72,2.75,0.96
Invesco India Credit Risk Reg Mn IDCW-P,Average,1.28,1.35,15.72,2.75,0.96
Invesco India PSU Equity Dir IDCW-R,–,1.28,0.97,92.57,22.83,1.23
ICICI Pru ELSS Tax Saver Dir IDCW-P,Below Average,1.27,0.88,92.06,13.05,0.82
ICICI Pru ELSS Tax Saver Dir IDCW-R,Below Average,1.27,0.88,92.06,13.05,0.82
LIC MF Large & Mid Cap Reg Gr,Average,1.26,0.98,79.1,15.78,0.75
LIC MF Large & Mid Cap Reg IDCW-P,Average,1.26,0.98,79.1,15.78,0.75
Baroda BNP P Credit Risk Dir Gr,Average,1.26,0.69,57.92,0.72,2.7
LIC MF Large & Mid Cap Reg IDCW-R,Average,1.26,0.98,79.1,15.78,0.75
Invesco India largecap Gr,Above Average,1.25,1.02,93.47,14.58,0.79
Aditya BSL Focused Dir Gr,Below Average,1.25,0.9,96.4,13.25,0.86
Baroda BNP P Credit Risk Dir Mn IDCW-P,Average,1.23,0.68,57.92,0.72,2.66
SBI Conservative Hybrid Dir Gr,Below Average,1.23,1,79.27,3.57,1.25
SBI Conservative Hybrid Dir Ann IDCW-P,Below Average,1.23,1,79.27,3.57,1.25
Nippon India Credit Risk Dir Gr,Average,1.23,0.86,83.98,0.77,2.79
Nippon India Credit Risk Dir IDCW-P,Average,1.23,0.86,83.96,0.77,2.79
Baroda BNP P Credit Risk Dir Mn IDCW-R,Average,1.23,0.68,57.92,0.72,2.66
SBI Conservative Hybrid Dir Ann IDCW-R,Below Average,1.23,1,79.27,3.57,1.25
Nippon India Credit Risk Dir IDCW-R,Average,1.23,0.86,83.96,0.77,2.79
SBI Conservative Hybrid Dir Mn IDCW-P,Below Average,1.22,1,79.28,3.57,1.25
Aditya BSL India GenNext Dir Gr,–,1.22,0.94,87.61,14.61,0.81
SBI Conservative Hybrid Dir Qt IDCW-P,Below Average,1.22,1,79.28,3.57,1.25
SBI Conservative Hybrid Dir Mn IDCW-R,Below Average,1.22,1,79.28,3.57,1.25
SBI Conservative Hybrid Dir Qt IDCW-R,Below Average,1.22,1,79.28,3.57,1.25
Aditya BSL Special Opports Dir IDCW-P,–,1.22,0.99,94.39,14.86,0.84
Aditya BSL Special Opports Dir IDCW-R,–,1.22,0.99,94.39,14.86,0.84
ITI Mid Cap Reg IDCW-P,Average,1.22,0.94,93.53,16.91,1.1
ITI Mid Cap Reg Gr,Average,1.22,0.94,93.53,16.91,1.1
ITI Mid Cap Reg IDCW-R,Average,1.22,0.94,93.53,16.91,1.1
Tata ELSS Tax Saver Dir IDCW-P,Average,1.21,0.96,90.92,14.26,0.81
Tata ELSS Tax Saver Dir IDCW-R,Average,1.21,0.96,90.92,14.26,0.81
ICICI Pru Regular Savings Dir HY IDCW-P,High,1.19,0.86,55.75,3.66,1.08
ICICI Pru Regular Savings Dir HY IDCW-R,High,1.19,0.86,55.75,3.66,1.08
UTI Focused Dir IDCW-P,Average,1.19,0.94,90.18,14.31,0.82
UTI Focused Dir Gr,Average,1.19,0.94,90.18,14.31,0.82
UTI Focused Dir IDCW-R,Average,1.19,0.94,90.18,14.31,0.82
UTI Focused Dir IDCW-T,Average,1.19,0.94,90.18,14.31,0.82
DSP Flexi Cap Fund IDCW-P,Above Average,1.18,0.98,89.09,15.06,0.82
DSP Flexi Cap Fund IDCW-R,Above Average,1.18,0.98,89.09,15.06,0.82
Sundaram ELSS Tax Saver Dir Gr,Average,1.17,0.88,94.97,12.9,0.83
Mahindra Manulife Lrg Cap Dir Gr,Below Average,1.17,0.93,95.8,13.1,0.81
ICICI Pru Gilt Dir IDCW-P,Below Average,1.16,0.56,42.71,1.51,1.53
ICICI Pru Credit Risk Dir Bns,–,1.16,0.93,77.43,1.52,–
Canara Robeco Emerging Eqs IDCW-P,High,1.16,0.98,83.71,15.24,0.77
Invesco India Credit Risk Reg Dis IDCW-R,Average,1.16,1.36,15.9,2.76,0.92
Invesco India Credit Risk Reg Dis IDCW-P,Average,1.16,1.36,15.9,2.76,0.92
Invesco India Credit Risk Reg Gr,Average,1.16,1.36,15.9,2.76,0.92
Canara Robeco Emerging Eqs IDCW-R,High,1.16,0.98,83.71,15.24,0.77
ICICI Pru Gilt Dir IDCW-R,Below Average,1.16,0.56,42.71,1.51,1.53
Sundaram Multi Cap Gr,Average,1.15,0.95,92.4,14.39,0.83
ICICI Pru All Seasons Bond Dir Wk IDCW-P,Below Average,1.15,0.65,75.37,1.26,1.84
ICICI Pru All Seasons Bond Dir Wk IDCW-R,Below Average,1.15,0.65,75.37,1.26,1.84
Sundaram ELSS Tax Saver Dir HY IDCW-P,Below Average,1.15,0.88,94.97,12.9,0.83
Tata Focused Equity Dir Gr,Above Average,1.15,0.94,91.8,14.18,0.83
Tata Focused Equity Dir IDCW-P,Above Average,1.15,0.94,91.8,14.18,0.83
Tata Focused Equity Dir IDCW-T,Above Average,1.15,0.94,91.8,14.18,0.83
Tata Flexi Cap Reg IDCW-P,Low,1.15,0.8,89.47,12.22,0.83
Tata Flexi Cap Reg IDCW-T,Low,1.15,0.8,89.47,12.22,0.83
Tata Flexi Cap Reg IDCW-R,Low,1.15,0.8,89.47,12.22,0.83
Tata Flexi Cap Reg Gr,Low,1.15,0.8,89.47,12.22,0.83
Tata Focused Equity Dir IDCW-R,Above Average,1.15,0.94,91.8,14.18,0.83
SBI Equity Hybrid Fund Dir IDCW-P,Low,1.14,0.96,92.86,9.56,0.89
Baroda BNP P Credit Risk Dir Qt IDCW-P,Average,1.14,0.69,58.43,0.72,2.53
Invesco India Low Dur Wk IDCW-P,Above Average,1.14,9.37,26.49,1.42,2.54
SBI Equity Hybrid Fund Dir Gr,Low,1.14,0.96,92.86,9.56,0.89
SBI Magnum Gilt PF 2yr Gr,–,1.14,1.02,58.87,5.16,–
Aditya BSL Flexi Cap Gr,Above Average,1.14,0.94,97.48,13.82,0.85
Baroda BNP P Credit Risk Dir Qt IDCW-R,Average,1.14,0.69,58.43,0.72,2.53
SBI Equity Hybrid Fund Dir IDCW-R,Low,1.14,0.96,92.86,9.56,0.89
Invesco India Low Dur Wk IDCW-R,Above Average,1.14,9.37,26.49,1.42,2.54
TrustMF Liquid Dir Dl IDCW-R,–,1.14,1.18,8.66,0.36,4.7
Aditya BSL Dynamic Bond Dir Mn IDCW-P,Above Average,1.13,1.13,35.57,3.22,1
Mirae Asset ELSS Tax Saver Dir IDCW-P,Average,1.13,0.93,94.64,13.63,0.82
ICICI Pru ELSS Tax Saver Gr,Below Average,1.13,0.9,92.48,13.26,0.81
Aditya BSL Dynamic Bond Dir Mn IDCW-R,Above Average,1.13,1.13,35.57,3.22,1
Edelweiss Large Cap C IDCW-P,Average,1.12,0.94,98.43,13.04,0.81
Nippon India Credit Risk Dir Qt IDCW-P,Average,1.12,0.86,84.71,0.77,2.63
Edelweiss Large Cap B Gr,Average,1.12,0.94,98.44,13.04,0.81
Edelweiss Large Cap B IDCW-P,Average,1.12,0.94,98.43,13.04,0.81
Nippon India Credit Risk Dir Qt IDCW-R,Average,1.12,0.86,84.71,0.77,2.63
Edelweiss Large Cap B IDCW-R,Average,1.12,0.94,98.43,13.04,0.81
Edelweiss Large Cap C IDCW-R,Average,1.12,0.94,98.43,13.04,0.81
Kotak Low Duration Dir Wk IDCW-R,–,1.12,0.9,0.95,1.25,–
Aditya BSL Ret Fd 40s Dir Gr,–,1.12,1.07,87.39,10.98,0.85
Kotak Low Duration Dir Wk IDCW-P,–,1.11,0.68,0.5,1.25,–
Edelweiss Large Cap C Gr,Average,1.11,0.94,98.42,13.04,0.81
SBI FMP Ser 34 3682D Reg Gr,–,1.11,1.22,73.04,1.83,1.32
SBI Bluechip Dir Gr,Average,1.11,0.9,96.43,12.7,0.81
SBI FMP Ser 34 3682D Reg IDCW-P,–,1.11,1.22,73.07,1.83,1.32
SBI Bluechip Dir IDCW-P,Average,1.11,0.9,96.43,12.7,0.81
SBI Bluechip Dir IDCW-R,Average,1.11,0.9,96.43,12.7,0.81
Mahindra Manulife Lrg & Md cap Reg Gr,Average,1.11,0.94,85.23,14.59,0.77
SBI Long Term AIDCWnt FdSeriesIVDir IDCW,–,1.1,0.79,64.19,13.98,0.69
SBI Long Term Advnt Fd Series IV Dir Gr,–,1.1,0.79,64.19,13.98,0.69
UTI Low Duration Reg Ann IDCW-P(Discon),Above Average,1.1,5.46,56.26,0.6,4.49
Franklin India Prima IDCW-P,Above Average,1.1,0.89,77.7,17.53,1
UTI Low Duration Reg Flexi IDCW-RDiscon),Above Average,1.1,5.46,56.26,0.6,4.49
Franklin India Prima IDCW-R,Above Average,1.1,0.89,77.7,17.53,1
ITI Pharma and Healthcare Dir IDCW-R,–,1.1,0.94,96.02,15.64,1.05
ITI Pharma and Healthcare Dir IDCW-P,–,1.1,0.94,96.02,15.64,1.05
Kotak Focused Equity Dir IDCW-R,Below Average,1.1,0.9,96.25,13.29,0.85
ITI Pharma and Healthcare Dir Gr,–,1.1,0.94,96.02,15.64,1.05
Kotak Focused Equity Dir Gr,Below Average,1.1,0.9,96.25,13.29,0.85
Kotak Focused Equity Dir IDCW-P,Below Average,1.1,0.9,96.25,13.29,0.85
DSP Reg Sav Dir Gr,Average,1.09,1,78.54,3.62,1.2
Canara Robeco ELSS Tax Saver Dir IDCW-P,Average,1.09,0.9,93.4,13.28,0.81
Edelweiss Large Cap Gr,Average,1.09,0.94,98.42,13.04,0.81
Canara Robeco ELSS Tax Saver Dir IDCW-R,Average,1.09,0.9,93.4,13.28,0.81
DSP World Gold FoF Dir Gr,–,1.08,0.85,96.15,28.26,0.6
UTI Healthcare Reg IDCW-P,–,1.08,0.95,96.08,15.78,1.05
UTI Healthcare Reg Gr,–,1.08,0.95,96.08,15.78,1.05
UTI Healthcare Reg IDCW-R,–,1.08,0.95,96.08,15.78,1.05
SBI Ret Benefit - Agrsv Hyb Pn Dr IDCW-P,–,1.08,1.05,89.7,10.61,0.86
SBI Ret Benefit - Agrsv Hyb Pln Dir Gr,–,1.08,1.05,89.7,10.61,0.86
Nippon India Flexi Cap Dir Gr,Average,1.08,0.94,93.85,14.09,0.83
Nippon India Flexi Cap Dir IDCW-P,Average,1.08,0.94,93.85,14.09,0.83
Nippon India Flexi Cap Dir IDCW-R,Average,1.08,0.94,93.85,14.09,0.83
Nippon India Hybrid Bond Dir Gr,Below Average,1.07,0.58,77.05,2.09,1.41
DSP Ultra Short Dir Mn IDCW-P,Above Average,1.07,-0.93,0.39,1.16,0.73
DSP Ultra Short Dir Mn IDCW-R,Above Average,1.07,-0.93,0.39,1.16,0.73
ITI Banking and Fin Svcs Reg Gr,Below Average,1.06,0.9,89.22,14.31,0.65
ITI Banking and Fin Svcs Reg IDCW-P,Below Average,1.06,0.9,89.22,14.31,0.65
ITI Banking and Fin Svcs Reg IDCW-R,Below Average,1.06,0.9,89.22,14.31,0.65
Bandhan Asset Alloc FOF Agrsv Dir IDCW-P,–,1.05,0.95,93.18,9.48,0.88
Bandhan Asset Alloc FOF Agrsv Dir IDCW-R,–,1.05,0.95,93.18,9.48,0.88
PGIM India Emerging Mrkts Eq Gr,–,1.04,0.68,56,14.35,0.22
Bandhan Flexi Cap Dir IDCW-P,Average,1.04,0.88,79.03,14.37,0.77
ICICI Pru Short Term Dir Gr,Below Average,1.04,0.84,73.77,0.76,2.39
Bandhan Flexi Cap Dir IDCW-R,Average,1.04,0.88,79.03,14.37,0.77
Canara Robeco Bluechip Equity Reg Gr,Low,1.03,0.9,98.56,12.49,0.81
JM Large Cap Ann IDCW-P,Below Average,1.03,0.95,88.12,13.89,0.76
JM Large Cap Qt IDCW-P,Below Average,1.03,0.95,88.12,13.89,0.76
JM Large Cap HY IDCW-P,Below Average,1.03,0.95,88.12,13.89,0.76
JM Large Cap Mn IDCW-P,Below Average,1.03,0.95,88.11,13.89,0.76
Kotak Emerging Equity Dir Gr,Average,1.03,0.87,87.74,16.24,1.06
JM Large Cap Gr,Below Average,1.03,0.95,88.12,13.89,0.76
JM Large Cap Ann IDCW-R,Below Average,1.03,0.95,88.12,13.89,0.76
JM Large Cap IDCW-P,Below Average,1.03,0.95,88.11,13.89,0.76
Bandhan Agrsv Hyb Dir IDCW-R,Above Average,1.03,1.08,82.87,11.45,0.82
Bandhan Agrsv Hyb Dir IDCW-P,Above Average,1.03,1.08,82.87,11.45,0.82
JM Large Cap Mn IDCW-R,Below Average,1.03,0.95,88.11,13.89,0.76
JM Large Cap Qt IDCW-R,Below Average,1.03,0.95,88.12,13.89,0.76
ICICI Pru All Seasons Bond Dir Bns,–,1.03,0.72,81.25,2.51,–
Kotak Emerging Equity Dir IDCW-P,Average,1.03,0.87,87.74,16.24,1.06
Kotak Emerging Equity Dir IDCW-R,Average,1.03,0.87,87.74,16.24,1.06
JM Large Cap IDCW-R,Below Average,1.03,0.95,88.11,13.89,0.76
JM Large Cap HY IDCW-R,Below Average,1.03,0.95,88.12,13.89,0.76
PGIM India Overnight Dir Dl IDCW-R,–,1.03,-0.8,0.2,1.42,0.6
Bank of India S/T Income Reg Mly IDCW-P,High,1.02,2,13.02,4.42,0.68
Bank of India S/T Income Reg Gr,High,1.02,2,13.02,4.42,0.68
Bank of India S/T Income Reg Qt IDCW-P,High,1.02,2,13.02,4.42,0.68
Bank of India S/T Income Reg Qt IDCW-R,High,1.02,2,13.02,4.42,0.68
Bank of India S/T Income Reg Mly IDCW-R,High,1.02,2,13.02,4.42,0.68
Tata Large Cap Dir IDCW-P,Above Average,1.01,0.98,97.64,13.61,0.8
Tata Large Cap Dir IDCW-R,Above Average,1.01,0.98,97.64,13.61,0.8
Nippon India Hybrid Bond Dir Mn IDCW-P,Below Average,1,0.57,76.5,2.08,1.37
HSBC Midcap Dir IDCW-P,Average,1,0.91,85.14,17.23,1.04
Kotak Equity Hybrid Reg Gr,Above Average,1,1.08,87.9,11.01,0.84
LIC MF ELSS Tax Saver ELSS Gr,Below Average,1,0.88,80.88,13.98,0.75
Kotak Equity Hybrid Reg IDCW-P,Above Average,1,1.08,87.9,11.01,0.84
Aditya BSL Dynamic Bond Dir Qt IDCW-P,High,1,1.09,17.1,4.5,0.67
LIC MF ELSS Tax Saver ELSS IDCW-P,Average,1,0.88,80.88,13.98,0.75
LIC MF ELSS Tax Saver ELSS IDCW-R,Average,1,0.88,80.88,13.98,0.75
Kotak Equity Hybrid Reg IDCW-R,Above Average,1,1.08,87.9,11.01,0.84
Nippon India Hybrid Bond Dir Mn IDCW-R,Below Average,1,0.57,76.5,2.08,1.37
HSBC Midcap Dir IDCW-R,Average,1,0.91,85.14,17.23,1.04
Aditya BSL Dynamic Bond Dir Qt IDCW-R,High,1,1.09,17.1,4.5,0.67
Tata Large Cap Dir Gr,Above Average,0.99,0.98,97.65,13.6,0.8
Sundaram Small Cap Gr,Above Average,0.98,0.78,92.89,16.11,0.99
Templeton India Equity Inc IDCW-P,–,0.98,0.75,68.26,13.25,0.72
DSP World Gold FoF Dir IDCW-P,–,0.98,0.85,96.16,28.18,0.6
DSP World Gold FoF Dir IDCW-R,–,0.98,0.85,96.16,28.18,0.6
Templeton India Equity Inc IDCW-R,–,0.98,0.75,68.26,13.25,0.72
ICICI Pru Credit Risk Dir Qt IDCW-P,Above Average,0.97,0.81,14.05,1.74,1.03
DSP Low Duration Dir Qt IDCW-P,Above Average,0.97,-1.38,0.19,2.47,0.25
DSP Low Duration Dir Qt IDCW-R,Above Average,0.97,-1.38,0.19,2.47,0.25
ICICI Pru Credit Risk Dir Qt IDCW-R,Above Average,0.97,0.81,14.05,1.74,1.03
Mirae Asset Aggressive Hybrid Dir Gr,Below Average,0.96,1.08,96.51,10.53,0.88
Aditya BSL Ret Fd 40s Dir IDCW-R,–,0.96,1.07,87.08,10.99,0.83
ICICI Pru MNC Dir IDCW-R,–,0.96,0.78,81.14,12.77,0.68
ICICI Pru MNC Dir IDCW-P,–,0.96,0.78,81.14,12.77,0.68
Aditya BSL Ret Fd 40s Dir IDCW-P,–,0.96,1.07,87.08,10.99,0.83
HSBC Conservative Hybrid Gr Dir Pln,Above Average,0.95,1.32,70.33,5.01,1.04
Navi Aggressive Hybrid Dir Gr,Low,0.95,1,88.34,10.22,0.84
Bandhan Large Cap Gr,Below Average,0.94,1,94.76,14.13,0.78
ICICI Pru Credit Risk Dir Gr,Below Average,0.94,0.96,62.82,0.98,1.97
SBI Credit Risk Fund Dir Dl IDCW-R,Below Average,0.94,0.99,43.04,1.22,1.6
SBI Credit Risk Fund Dir IDCW-P,Below Average,0.93,0.99,43.03,1.22,1.6
Quant ELSS Tax Saver Dir Gr,High,0.93,1.1,83.3,17.23,0.74
Quant ELSS Tax Saver Dir IDCW-P,High,0.93,1.1,83.3,17.23,0.74
SBI Credit Risk Fund Dir Gr,Below Average,0.93,0.99,43.04,1.22,1.6
SBI Credit Risk Fund Dir IDCW-R,Below Average,0.93,0.99,43.03,1.22,1.6
HDFC Hybrid Eq Gr,Average,0.93,0.96,95.09,9.46,0.88
Invesco India largecap IDCW-P,Above Average,0.92,1.02,93.37,14.59,0.77
Baroda BNP P Large Cap Reg IDCW-P,Average,0.92,0.94,95.4,13.26,0.79
Navi Aggressive Hybrid Dir Yr IDCW-P,Low,0.92,1,88.34,10.22,0.84
Navi Aggressive Hybrid Dir IDCW-R,Low,0.92,1,88.34,10.22,0.84
Navi Aggressive Hybrid Dir Mn IDCW-R,Low,0.92,1,88.34,10.22,0.84
Navi Aggressive Hybrid Dir IDCW-P,Low,0.92,1,88.34,10.22,0.84
Navi Aggressive Hybrid Dir Hy IDCW-P,Low,0.92,1,88.34,10.22,0.84
PGIM India Ultra S/D Ann IDCW-R,–,0.92,1.18,62.79,0.58,–
Navi Aggressive Hybrid Dir Yr IDCW-R,Low,0.92,1,88.34,10.22,0.84
Navi Aggressive Hybrid Dir Qt IDCW-R,Low,0.92,1,88.34,10.23,0.84
Navi Aggressive Hybrid Dir Mn IDCW-P,Low,0.92,1,88.34,10.22,0.84
Baroda BNP P Large Cap Reg IDCW-R,Average,0.92,0.94,95.4,13.26,0.79
Navi Aggressive Hybrid Dir Qt IDCW-P,Low,0.92,1,88.34,10.23,0.84
Navi Aggressive Hybrid Dir Hy IDCW-R,Low,0.92,1,88.34,10.22,0.84
Invesco India largecap IDCW-R,Above Average,0.92,1.02,93.37,14.59,0.77
DSP Healthcare Fund Reg IDCW-P,–,0.92,0.9,70.74,17.44,0.9
DSP Healthcare Fund Reg IDCW-R,–,0.92,0.9,70.74,17.44,0.9
HSBC Aggressive Hybrid Dir Gr,Above Average,0.91,1.21,76.4,13.33,0.77
Bandhan ELSS Tax saver Reg Gr,Above Average,0.91,0.88,93.91,12.9,0.8
Bandhan FTP Ser 179 Dir Gr,–,0.91,0.86,78.67,1.63,1.51
UTI Conservative Hybrid Dir Mn Py IDCW-P,Above Average,0.9,1.23,88.17,4.16,1.17
Aditya BSL Dynamic Bond Dir Gr,Above Average,0.9,1.16,56.44,2.62,1.16
Edelweiss Large Cap IDCW-P,Average,0.89,0.94,98.45,13.03,0.8
HDFC Hybrid Debt Mn IDCW-P,Above Average,0.89,1.21,88.54,4.09,1.17
HDFC Hybrid Debt Gr,Above Average,0.89,1.21,88.53,4.09,1.17
Edelweiss Large Cap IDCW-R,Average,0.89,0.94,98.45,13.03,0.8
HDFC Hybrid Debt Mn IDCW-R,Above Average,0.89,1.21,88.54,4.09,1.17
Mahindra Manulife Mid Cap Reg Gr,Average,0.89,0.93,97.27,16.48,1.1
Bank of India Bluechip Dir Gr,Above Average,0.89,1.06,91.21,15.35,0.76
Aditya BSL Focused Dir IDCW-P,Below Average,0.88,0.88,96.24,13.11,0.83
HSBC Conservative Hybrid Drt Mn IDCW-P,Above Average,0.88,1.32,70.28,5.02,1.03
Aditya BSL Focused Dir IDCW-R,Below Average,0.88,0.88,96.24,13.11,0.83
HSBC Conservative Hybrid Drt Mn IDCW-R,Above Average,0.88,1.32,70.28,5.02,1.03
Axis Flexi Cap Reg IDCW-R,Above Average,0.88,0.94,85.07,14.85,0.78
Axis Flexi Cap Reg IDCW-P,Above Average,0.88,0.94,85.07,14.85,0.78
HSBC Aggressive Hybrid Dir IDCW-P,Above Average,0.87,1.21,76.39,13.33,0.76
Sundaram Agg Hybrid Dir Gr,Average,0.87,1.05,93.4,10.42,0.85
Baroda BNP P Cons Hy Dir Gr,Low,0.87,1.02,82.22,3.55,1.17
Sundaram Multi Cap Hlf Yrly IDCW-P,Average,0.87,0.95,92.3,14.41,0.81
HSBC Aggressive Hybrid Dir IDCW-R,Above Average,0.87,1.21,76.39,13.33,0.76
Sundaram Multi Cap Hlf Yrly IDCW-R,Average,0.87,0.95,92.3,14.41,0.81
HDFC Hybrid Eq IDCW-P,Below Average,0.87,0.96,95.1,9.46,0.87
HDFC Hybrid Eq IDCW-R,Below Average,0.87,0.96,95.1,9.46,0.87
Canara Robeco Bluechip Equity Reg IDCW-P,Average,0.86,0.92,89.71,13.38,0.76
Nippon India Hybrid Bond Dir Qt IDCW-P,Below Average,0.86,0.58,77.82,2.1,1.31
Franklin India Debt Hybd Dir Gr,Below Average,0.86,1.09,86.1,3.72,1.17
Nippon India Hybrid Bond Dir Qt IDCW-R,Below Average,0.86,0.58,77.82,2.1,1.31
Canara Robeco Bluechip Equity Reg IDCW-R,Average,0.86,0.92,89.71,13.38,0.76
SBI Magnum Comma Dir Gr,–,0.85,0.81,79.48,17.08,0.59
Nippon India Retmnt WltCreationRegIDCW-P,–,0.85,0.98,96.52,14.56,0.83
SBI Magnum Comma Dir IDCW-P,–,0.85,0.81,79.48,17.08,0.59
SBI Magnum Comma Dir IDCW-R,–,0.85,0.81,79.48,17.08,0.59
HSBC Focused Dir IDCW-R,High,0.85,1.04,86.84,16.14,0.78
HSBC Focused Dir IDCW-P,High,0.85,1.04,86.84,16.14,0.78
HSBC Focused Dir Gr,High,0.85,1.04,86.85,16.13,0.78
Tata India Pharma & Healthcare DirIDCW-P,–,0.84,0.98,97.35,16.18,1.04
Mirae Asset Large & Midcap Dir Gr,Average,0.84,0.98,92.17,14.51,0.78
Baroda BNP P Cons Hy Dir Mn IDCW-P,Below Average,0.84,1.02,82.21,3.55,1.15
Tata India Pharma & Healthcare Dir Gr,–,0.84,0.98,97.35,16.18,1.04
Axis Small Cap Fund Reg Gr,Low,0.84,0.7,94.35,14.41,1
Aditya BSL India GenNext Dir IDCW-P,–,0.84,0.94,87.33,14.6,0.79
HDFC Hybrid Debt Qt IDCW-P,Above Average,0.84,1.21,88.67,4.1,1.16
Aditya BSL India GenNext Dir IDCW-R,–,0.84,0.94,87.33,14.6,0.79
Baroda BNP P Cons Hy Dir Mn IDCW-R,Below Average,0.84,1.02,82.21,3.55,1.15
Tata India Pharma & Healthcare DirIDCW-R,–,0.84,0.98,97.35,16.18,1.04
HDFC Hybrid Debt Qt IDCW-R,Above Average,0.84,1.21,88.67,4.1,1.16
Bank of India Bluechip Dir IDCW-P,Above Average,0.84,1.06,91.1,15.34,0.75
Bank of India Bluechip Dir IDCW-R,Above Average,0.84,1.06,91.1,15.34,0.75
Nippon India Nifty Nxt50JrBeESFoFDrIDCWR,High,0.84,1.28,83.31,19.33,0.71
Nippon India Nifty Nxt 50 Jr BeESFoFDrGr,High,0.84,1.28,83.31,19.33,0.71
Nippon India Nifty Nxt50JrBeESFoFDrIDCWP,High,0.84,1.28,83.31,19.33,0.71
ICICI Pru All Seasons Bond Dir AnnIDCW-P,Average,0.83,0.65,70.54,1.31,1.54
ICICI Pru All Seasons Bond Dir AnnIDCW-R,Average,0.83,0.65,70.54,1.31,1.54
Aditya BSL Frontline Equity Gr,Average,0.82,0.95,98.88,13.13,0.79
Aditya BSL Frontline Equity Gr Tr,Average,0.82,0.95,98.88,13.13,0.79
Mahindra Manulife Flexi Cap Reg Gr,Average,0.82,0.93,96.09,13.82,0.82
Union ELSS Tax Saver IDCW-P,Below Average,0.81,0.89,89.8,13.43,0.78
Canara Robeco Flexi Cap Dir Gr,Below Average,0.81,0.91,97.03,13.48,0.83
PGIM India Hyb Eq Dr Pl IDCW-P,Below Average,0.81,0.9,82.85,9.46,0.81
PGIM India Hyb Eq Dr Pl IDCW-R,Below Average,0.81,0.9,82.85,9.46,0.81
Union ELSS Tax Saver IDCW-R,Below Average,0.81,0.89,89.8,13.43,0.78
PGIM India ELSS Tax Saver Dir Gr,Below Average,0.8,0.84,89.43,12.65,0.78
HSBC Conservative Hybrid Dir Qt IDCW-P,Above Average,0.8,1.32,70.31,5.01,1.01
UTI Short Duration Dir Flexi IDCW-P,High,0.8,1.12,38.76,1.46,1.33
UTI Short Duration Dir Flexi IDCW-R,High,0.8,1.12,38.76,1.46,1.33
HSBC Conservative Hybrid Dir Qt IDCW-R,Above Average,0.8,1.32,70.31,5.01,1.01
PGIM India Dynamic Bond Dir Mn IDCW-P,–,0.79,0.81,87.42,3.03,1.24
Aditya BSL Flexi Cap IDCW-P,Average,0.79,0.93,97.27,13.76,0.83
PGIM India Dynamic Bond Dir Mn IDCW-R,–,0.79,0.81,87.42,3.03,1.24
Aditya BSL Flexi Cap IDCW-R,Average,0.79,0.93,97.27,13.76,0.83
Mahindra Manulife Lrg Cap Dir IDCW-R,Below Average,0.79,0.93,95.74,13.1,0.78
Mahindra Manulife Lrg Cap Dir IDCW-P,Below Average,0.79,0.93,95.74,13.1,0.78
Mirae Asset Great Consumer Reg IDCW-P,–,0.78,0.99,81.87,15.86,0.76
Union ELSS Tax Saver Gr,Below Average,0.78,0.9,89.87,13.44,0.78
Franklin India Eq Advantage Dir Gr,Above Average,0.78,0.95,91.53,14.11,0.78
ICICI Pru Gilt Gr,Average,0.78,0.6,42.51,1.61,1.25
Axis Credit Risk Dir Gr,Below Average,0.78,0.92,92.18,0.78,2.21
Mirae Asset Great Consumer Reg IDCW-R,–,0.78,0.99,81.87,15.86,0.76
ICICI Pru Corporate Bond Dir Gr,Below Average,0.77,0.74,59.54,0.77,1.96
Sundaram Agg Hybrid Dir Mn IDCW-P,Average,0.77,1.05,93.4,10.42,0.85
Axis Credit Risk Dir Mn IDCW-R,Below Average,0.77,0.92,92.18,0.77,2.21
Axis Credit Risk Dir Wk IDCW-R,Low,0.77,0.92,92.16,0.78,2.2
Axis Credit Risk Dir Mn IDCW-P,Below Average,0.77,0.92,92.18,0.77,2.21
ICICI Pru All Seasons Bond Dir Qt IDCW-P,Average,0.77,0.26,6.03,1.81,0.69
Axis Credit Risk Dir Wk IDCW-P,Low,0.77,0.92,92.16,0.78,2.2
Sundaram Agg Hybrid Dir Mn IDCW-R,Average,0.77,1.05,93.4,10.42,0.85
ICICI Pru All Seasons Bond Dir Qt IDCW-R,Average,0.77,0.26,6.03,1.81,0.69
Sundaram Agg Hybrid Dir Mn IDCW-T,Average,0.77,1.05,93.4,10.42,0.85
Invesco India ESG Int StgyReg Gr,Average,0.77,0.92,89.22,13.95,0.62
Sundaram large and Mid Cap Dir IDCW-P,Above Average,0.76,1.01,91.25,15.1,0.77
Baroda BNP P Cons Hy Dir Qt IDCW-P,Below Average,0.76,1.01,82.37,3.54,1.14
ICICI Pru Medium Term Bond Dir Gr,Low,0.76,1.17,83.17,1.01,1.88
DSP Reg Sav Dir Mn IDCW-P,Average,0.76,0.98,72.87,3.63,1.08
DSP Reg Sav Dir Mn IDCW-R,Average,0.76,0.98,72.87,3.63,1.08
Sundaram large and Mid Cap Dir IDCW-T,Above Average,0.76,1.01,91.25,15.1,0.77
Baroda BNP P Cons Hy Dir Qt IDCW-R,Below Average,0.76,1.01,82.37,3.54,1.14
Sundaram large and Mid Cap Dir IDCW-R,Above Average,0.76,1.01,91.25,15.1,0.77
Mahindra Manulife Lrg & Md cap RegIDCW-P,Average,0.76,0.95,85.14,14.61,0.75
Mahindra Manulife Lrg & Md cap RegIDCW-R,Average,0.76,0.95,85.14,14.61,0.75
Invesco India Low Dur Dir Dl IDCW-R,Average,0.75,5.09,40.32,0.66,3.34
Axis Strategic Bond Dir Gr,Below Average,0.74,1.38,85,1.2,1.77
Franklin India Dbt Hybd Dir Qt IDCW-P,Below Average,0.74,1.08,86.06,3.71,1.14
Franklin India Dbt Hybd Dir Qt IDCW-R,Below Average,0.74,1.08,86.06,3.71,1.14
Axis ELSS Tax Saver Fd IDCW-P,Average,0.73,0.99,76.68,16.11,0.71
Quant Focused fund Dir IDCW-P,Above Average,0.73,1.02,85.62,16.08,0.77
Axis ELSS Tax Saver Fd IDCW-R,Average,0.73,0.99,76.68,16.11,0.71
Quant Focused fund Dir IDCW-R,Above Average,0.73,1.02,85.62,16.08,0.77
Kotak ESG Exclusionary Strategy RegIDCWR,Average,0.73,0.92,94.05,13.58,0.64
Kotak ESG Exclusionary Strategy RegIDCWP,Average,0.73,0.92,94.05,13.58,0.64
Kotak ESG Exclusionary Strategy Reg Gr,Average,0.73,0.92,94.05,13.58,0.64
Tata Retirement Saving Prgsv Gr,–,0.72,0.88,87.02,13.75,0.8
Quant Focused fund Dir Gr,Average,0.72,1.02,85.62,16.08,0.77
HSBC Credit Risk Dir Gr,Above Average,0.72,4.52,27.74,6.84,0.76
SBI Conservative Hybrid Reg Mn IDCW-P,Below Average,0.72,1,79.32,3.57,1.11
SBI Conservative Hybrid Reg Qt IDCW-P,Average,0.72,1,79.31,3.57,1.11
SBI Conservative Hybrid Reg Ann IDCW-P,Below Average,0.72,1,79.31,3.57,1.11
SBI Conservative Hybrid Reg Gr,Below Average,0.72,1,79.32,3.57,1.11
SBI Conservative Hybrid Reg Ann IDCW-R,Below Average,0.72,1,79.31,3.57,1.11
SBI Conservative Hybrid Reg Qt IDCW-R,Average,0.72,1,79.31,3.57,1.11
SBI Conservative Hybrid Reg Mn IDCW-R,Below Average,0.72,1,79.32,3.57,1.11
ICICI Pru FloatingInterestDirIDCW-P Oths,Above Average,0.71,3.99,8.86,1.02,1.69
ICICI Pru Floating Interest Dir Gr,Average,0.71,3.99,8.86,1.02,1.69
ICICI Pru Banking & PSU Debt Dr QtIDCW-P,Above Average,0.71,0.66,8.82,1.77,0.77
ICICI Pru Regular Savings Gr,Below Average,0.71,0.92,83.15,3.23,1.15
ICICI Pru FMCG Dir Gr,–,0.71,0.84,95.88,13.19,0.48
ICICI Pru FloatingInterestDirIDCW-R Oths,Above Average,0.71,3.99,8.86,1.02,1.69
ICICI Pru Banking & PSU Debt Dr QtIDCW-R,Above Average,0.71,0.66,8.82,1.77,0.77
Aditya BSL Credit Risk Reg IDCW-P,Average,0.7,1.69,14.39,3.52,0.67
Mirae Asset ELSS Tax Saver Reg Gr,Average,0.7,0.93,94.45,13.68,0.79
Bandhan FTP Ser 179 Reg Pd IDCW-P,–,0.7,0.86,78.67,1.64,1.39
Aditya BSL Credit Risk Reg IDCW-R,Average,0.7,1.69,14.39,3.52,0.67
ICICI Pru Banking & PSU Debt Dir Gr,Below Average,0.69,0.77,57.19,0.81,1.8
Bandhan Flexi Cap Gr,Below Average,0.69,0.88,92.67,13.24,0.8
DSP Gilt Dir IDCW-P,High,0.69,1.28,9.76,7.26,0.46
DSP Gilt Dir IDCW-R,High,0.69,1.28,9.76,7.26,0.46
Nippon India Pharma IDCW-P,–,0.68,0.9,94.81,15.09,1.02
Nippon India Pharma IDCW-R,–,0.68,0.9,94.81,15.09,1.02
Quantum ESG Best In Class Stgy Fund Gr,Average,0.68,0.91,91.8,13.58,0.63
Axis ESG Integration Strategy Dir Gr,Above Average,0.67,0.89,79.3,14.28,0.58
Union Aggressive Hybrid Dir IDCW-T,Average,0.67,1.08,92.21,10.78,0.83
Union Aggressive Hybrid Dir IDCW-R,Average,0.67,1.08,92.21,10.78,0.83
Union Aggressive Hybrid Dir IDCW-P,Average,0.67,1.08,92.21,10.78,0.83
Union Aggressive Hybrid Dir Gr,Average,0.67,1.08,92.21,10.78,0.83
SBI Long Term Advnt Fd Series IV Reg Gr,–,0.66,0.79,64.2,13.97,0.65
SBI Long Term AIDCWnt FdSeriesIVReg IDCW,–,0.66,0.79,64.2,13.97,0.65
Bandhan FTP Ser 179 Reg Gr,–,0.66,0.86,78.64,1.63,1.36
ICICI Pru Ultra Short Term Dir Bns,–,0.65,1.73,26.08,0.55,–
ICICI Pru Corporate Bond Dir Qt IDCW-P,Below Average,0.65,0.75,59.98,0.77,1.81
ICICI Pru Corporate Bond Dir Qt IDCW-R,Below Average,0.65,0.75,59.98,0.77,1.81
ICICI Pru Bond Dir Gr,Low,0.64,0.92,92.05,1.63,1.44
Canara Robeco Consumer Trends Instl Gr,–,0.64,1.16,88.94,19.45,0.41
ICICI Pru Gilt IDCW-P,Below Average,0.64,0.56,42.99,1.52,1.19
Tata ELSS Tax Saver Reg Gr,Average,0.64,0.97,91.62,14.43,0.77
Nippon India Focused Equity Dir Gr,Above Average,0.64,0.91,90.82,13.84,0.79
ICICI Pru Gilt IDCW-R,Below Average,0.64,0.56,42.99,1.52,1.19
ITI Overnight Dir Dl IDCW-R,–,0.64,-3.44,19.6,0.7,0.21
Aditya BSL Multi-Cap Reg Gr,Below Average,0.64,0.94,90.58,14.29,0.79
TrustMF Banking & PSU Dir Dl IDCW-R,Below Average,0.64,1.01,75.74,0.96,1.78
Nippon India Credit Risk Inst Gr,Average,0.63,0.84,82.24,0.76,1.98
SBI Dynamic Bond Dir Gr,Average,0.63,1.05,68.71,2.18,1.2
PGIM India Dynamic Bond Dir Qt IDCW-P,Above Average,0.63,0.74,13.93,3.41,0.59
SBI Dynamic Bond Dir IDCW-P,Average,0.63,1.05,68.7,2.18,1.2
UTI Conservative Hybrid Dir Gr,Above Average,0.63,1.22,88.74,4.12,1.11
Axis Strategic Bond Dir Qt IDCW-P,Below Average,0.63,1.39,85.78,1.2,1.68
Axis Strategic Bond Dir Qt IDCW-R,Below Average,0.63,1.39,85.78,1.2,1.68
PGIM India Dynamic Bond Dir Qt IDCW-R,Above Average,0.63,0.74,13.93,3.41,0.59
SBI Dynamic Bond Dir IDCW-R,Average,0.63,1.05,68.7,2.18,1.2
ICICI Pru MNC Reg Gr,–,0.63,0.77,81.6,12.47,0.66
Nippon India Nifty Nxt 50 Jr BeESFoFRgGr,High,0.63,1.28,83.31,19.33,0.7
Nippon India Nifty Nxt50JrBeESFoFRgIDCWP,High,0.63,1.28,83.31,19.33,0.7
Nippon India Nifty Nxt50JrBeESFoFRgIDCWR,High,0.63,1.28,83.31,19.33,0.7
Baroda BNP P India Consumption Reg Gr,–,0.62,0.92,80.85,14.79,0.74
Franklin India Dbt Hybd Dir Mn IDCW-P,Below Average,0.61,1.08,85.26,3.7,1.1
UTI Conservative Hybrid Dir Mn IDCW-P,Above Average,0.61,1.22,88.76,4.12,1.1
DSP Savings Dir Mn IDCW-P,High,0.61,-1.72,1.04,1.3,0.13
Sundaram ELSS Tax Saver Reg Gr,Average,0.61,0.88,94.96,12.9,0.78
ICICI Pru Short Term Dir Bns,–,0.61,1.24,90.41,1.92,–
UTI Conservative Hybrid Dir Mn IDCW-R,Above Average,0.61,1.22,88.76,4.12,1.1
Franklin India Dbt Hybd Dir Mn IDCW-R,Below Average,0.61,1.08,85.26,3.7,1.1
DSP Savings Dir Mn IDCW-R,High,0.61,-1.72,1.04,1.3,0.13
Mahindra Manulife Mid Cap Reg IDCW-P,Average,0.61,0.93,97.35,16.48,1.09
Mahindra Manulife Mid Cap Reg IDCW-R,Average,0.61,0.93,97.35,16.48,1.09
Aditya BSL ESG Intg Stgy Reg Gr,Above Average,0.6,0.96,89.29,14.57,0.61
DSP Low Duration Reg Qt IDCW-P,Above Average,0.59,-1.14,0.14,2.38,0.13
HSBC Medium Duration Dir Gr,Average,0.59,1.37,80.78,1.22,1.61
UTI Credit Risk Dir Mn IDCW-P,Above Average,0.59,0.87,61.52,0.91,1.64
Aditya BSL Dynamic Bond Dir IDCW-P,Above Average,0.59,1.1,52.8,2.56,1.02
Edelweiss ELSS Tax saver Gr,Average,0.59,0.95,93.96,14.02,0.78
Invesco India ELSS Tax Saver Fund IDCW-P,Average,0.59,0.96,84.71,14.91,0.74
ICICI Pru All Seasons Bond Wk IDCW-P,Below Average,0.59,0.65,73.92,1.29,1.39
Baroda BNP P Mid Cap Dir IDCW-P,Average,0.59,0.8,94.29,14.39,1.07
DSP Low Duration Reg Qt IDCW-R,Above Average,0.59,-1.14,0.14,2.38,0.13
Baroda BNP P Mid Cap Dir IDCW-R,Average,0.59,0.8,94.29,14.39,1.07
Aditya BSL Dynamic Bond Dir IDCW-R,Above Average,0.59,1.1,52.8,2.56,1.02
UTI Credit Risk Dir Mn IDCW-R,Above Average,0.59,0.87,61.52,0.91,1.64
Invesco India ELSS Tax Saver Fund IDCW-R,Average,0.59,0.96,84.71,14.91,0.74
ICICI Pru All Seasons Bond Wk IDCW-R,Below Average,0.59,0.65,73.92,1.29,1.39
HDFC Floating Rate Debt Dl IDCW-R,Average,0.58,2.68,3.17,1.14,1.1
ICICI Pru MidCap Dir Gr,Above Average,0.58,0.9,89.13,16.61,1.04
ICICI Pru All Seasons Bond Gr,Below Average,0.57,0.63,78.51,1.2,1.43
ICICI Pru All Seasons Bond IDCW-P,Below Average,0.57,0.63,78.51,1.2,1.43
Aditya BSL Regular Sav Dir Gr,Average,0.57,1,80.66,3.55,1.07
Edelweiss Arbitrage Fund Dir IDCW-P,–,0.57,0.61,54.88,0.55,1.71
Edelweiss Arbitrage Fund Dir Mn IDCW-P,–,0.57,0.61,54.88,0.55,1.72
Edelweiss Arbitrage Fund Dir Gr,–,0.57,0.61,54.85,0.55,1.72
ICICI Pru All Seasons Bond IDCW-R,Below Average,0.57,0.63,78.51,1.2,1.43
Edelweiss Arbitrage Fund Dir Mn IDCW-R,–,0.57,0.61,54.88,0.55,1.72
Aditya BSL Regular Sav Dir Mn Pay,Average,0.57,1,80.66,3.55,1.07
Edelweiss Arbitrage Fund Dir IDCW-R,–,0.57,0.61,54.88,0.55,1.71
Axis Innovation Dir Gr,–,0.57,0.86,79.6,14.02,0.75
Baroda BNP P Dynamic Bond Debt Dir Gr,Average,0.56,1.03,81.34,1.96,1.27
LIC MF Aggressive Hybrid Dir Gr,Average,0.56,1.08,89.05,10.98,0.8
Nippon India Dynamic Bond Dir IDCW-P,Above Average,0.56,1.05,83.04,1.95,1.28
Edelweiss ELSS Tax saver IDCW-P,Average,0.56,0.95,94.02,14.03,0.77
DSP Low Duration Dir Mn IDCW-P,Above Average,0.56,0.26,0.03,1.24,0.51
DSP Low Duration Dir Mn IDCW-R,Above Average,0.56,0.26,0.03,1.24,0.51
Nippon India Dynamic Bond Dir Gr,Above Average,0.56,1.05,83.04,1.95,1.28
Edelweiss ELSS Tax saver IDCW-R,Average,0.56,0.95,94.02,14.03,0.77
Nippon India Dynamic Bond Dir IDCW-R,Above Average,0.56,1.05,83.04,1.95,1.28
SBI Ret Benefit - Cnsrv Pln Dir IDCW-P,–,0.56,1.04,90.02,3.47,1.12
Edelweiss ELSS Tax saver IDCW-T,Average,0.56,0.95,94.02,14.03,0.77
SBI Ret Benefit - Cnsrv Pln Dir Gr,–,0.56,1.04,90.02,3.47,1.12
SBI Magnum Gilt Dir IDCW-P,Average,0.55,1.01,56.84,2.39,1.11
Bandhan Asset Alloc FOF Agrsv Reg Gr,–,0.55,0.95,93.18,9.48,0.83
SBI Magnum Gilt Dir Gr,Below Average,0.55,1.01,56.83,2.39,1.11
SBI Magnum Gilt Dir IDCW-R,Average,0.55,1.01,56.84,2.39,1.11
Aditya BSL Dynamic Bond Reg Mn IDCW-P,Above Average,0.54,1.13,35.48,3.22,0.82
Baroda BNP P Dynamic Bond Dir Dl IDCW-R,High,0.54,1.03,81.31,1.95,1.26
Tata Gilt Securities Dir Gr,Average,0.54,1.01,55.99,2.4,1.1
DSP Large cap Instl IDCW-P,–,0.54,1.09,92.66,16.76,–
Tata Gilt Securities Dir IDCW-P,Average,0.54,1.01,56,2.4,1.1
Bandhan Large Cap IDCW-P,Below Average,0.54,0.99,94.57,14.01,0.75
UTI Conservative Hybrid Flex Dir IDCW-P,Above Average,0.54,1.22,88.64,4.11,1.08
LIC MF Aggressive Hybrid Dir IDCW-P,Average,0.54,1.08,89.05,10.98,0.8
Tata Gilt Securities Dir IDCW-R,Average,0.54,1.01,56,2.4,1.1
UTI Conservative Hybrid Flex Dir IDCW-R,Above Average,0.54,1.22,88.64,4.11,1.08
Bandhan Large Cap IDCW-R,Below Average,0.54,0.99,94.57,14.01,0.75
Aditya BSL Dynamic Bond Reg Mn IDCW-R,Above Average,0.54,1.13,35.48,3.22,0.82
LIC MF Aggressive Hybrid Dir IDCW-R,Average,0.54,1.08,89.05,10.98,0.8
Baroda BNP P Dynamic Bond Dir Dl IDCW-P,High,0.54,1.03,81.31,1.95,1.26
Groww Value Reg Qt IDCW-R,Below Average,0.54,0.94,93.5,14.1,0.79
DSP Large cap Instl IDCW-R,–,0.54,1.09,92.66,16.76,–
Groww Value Reg Qt IDCW-P,Below Average,0.54,0.94,93.5,14.1,0.79
Aditya BSL Multi-Cap Reg IDCW-P,Below Average,0.54,0.94,90.6,14.29,0.78
ICICI Pru Corporate Bond Gr,Below Average,0.53,0.75,59.79,0.77,1.66
Baroda BNP P Dynamic Bond Dir Mn IDCW-P,Average,0.53,1.03,81.37,1.96,1.26
Nippon India Retmnt Inc Gen Dir Gr,–,0.53,1.36,93.18,4.46,1.1
Nippon India Retmnt Inc Gen Dir IDCW-P,–,0.53,1.36,93.18,4.46,1.1
Nippon India Retmnt Inc Gen Dir Bns,–,0.53,1.36,93.18,4.46,1.1
Baroda BNP P Dynamic Bond Dir Mn IDCW-R,Average,0.53,1.03,81.37,1.96,1.26
JM Dynamic Bond Dir Dl IDCW-R,Low,0.52,0.89,63.34,1.93,1.14
Groww Value Reg Gr,Below Average,0.52,0.94,93.53,14.09,0.79
Groww Value Reg IDCW-P,Below Average,0.52,0.94,93.53,14.1,0.79
Groww Value Reg HY IDCW-P,Below Average,0.52,0.94,93.53,14.09,0.79
Kotak Bluechip Reg Gr,Below Average,0.52,0.94,98,13.04,0.77
Groww Value Reg IDCW-R,Below Average,0.52,0.94,93.53,14.1,0.79
Groww Value Reg Mn IDCW-P,Below Average,0.52,0.94,93.54,14.1,0.79
ICICI Pru Savings Dir Wk IDCW-P,Above Average,0.52,2.89,6.46,0.9,1.45
Groww Value Reg Mn IDCW-R,Below Average,0.52,0.94,93.54,14.1,0.79
Kotak Bluechip Reg IDCW-P,Average,0.52,0.94,98,13.04,0.77
Groww Value Reg HY IDCW-R,Below Average,0.52,0.94,93.53,14.09,0.79
ICICI Pru Savings Dir Wk IDCW-R,Above Average,0.52,2.89,6.46,0.9,1.45
Kotak Bluechip Reg IDCW-R,Average,0.52,0.94,98,13.04,0.77
ICICI Pru FMCG Dir IDCW-P,–,0.51,0.84,95.76,13.19,0.46
Axis Strategic Bond Dir HY IDCW-P,Low,0.51,1.42,86.97,1.22,1.58
Baroda BNP P Dynamic Bond Dir Wk IDCW-R,Average,0.51,1.06,77.74,2.06,1.21
Bandhan ELSS Tax saver Reg IDCW-P,Above Average,0.51,0.87,93.56,12.79,0.77
Nippon India Credit Risk Gr,Average,0.51,0.85,84.57,0.76,1.83
Sundaram Div Yield Gr,–,0.51,0.91,92.83,13.68,0.79
Axis Strategic Bond Dir HY IDCW-R,Low,0.51,1.42,86.97,1.22,1.58
Baroda BNP P Dynamic Bond Dir Wk IDCW-P,Average,0.51,1.06,77.74,2.06,1.21
ICICI Pru FMCG Dir IDCW-R,–,0.51,0.84,95.76,13.19,0.46
Bandhan ELSS Tax saver Reg IDCW-R,Above Average,0.51,0.87,93.56,12.79,0.77
Union Large & Midcap Reg IDCW-T,Below Average,0.51,0.92,81.83,14.43,0.72
Union Large & Midcap Reg Gr,Below Average,0.51,0.92,81.83,14.43,0.72
Union Large & Midcap Reg IDCW-P,Below Average,0.51,0.92,81.83,14.43,0.72
Union Large & Midcap Reg IDCW-R,Below Average,0.51,0.92,81.83,14.43,0.72
Nippon India Corporate Bd Dir Wk IDCW-P,Below Average,0.5,1.29,83.61,1.13,1.59
ICICI Pru Regular Savings Qt IDCW-P,Average,0.5,0.92,83.75,3.19,1.08
HDFC Floating Rate Debt DirMn IDCW-P,Average,0.5,2.58,3.28,1.09,1.07
Canara Robeco Cons Hyb Dir Mly IDCW-P,Average,0.5,1.07,70.19,4.03,0.97
Nippon India Corporate Bd Dir Gr,Below Average,0.5,1.29,83.6,1.13,1.59
Nippon India Credit Risk IDCW-P,Average,0.5,0.85,84.52,0.76,1.83
HSBC Large Cap Dir Gr,Above Average,0.5,0.99,93.73,14.06,0.75
Nippon India Corporate Bd Dir Bns,Below Average,0.5,1.29,83.6,1.13,1.59
Nippon India Corporate Bd Dir IDCW-P,Below Average,0.5,1.29,83.6,1.13,1.59
Nippon India Corporate Bd Dir Wk IDCW-R,Below Average,0.5,1.29,83.61,1.13,1.59
Nippon India Corporate Bd Dir IDCW-R,Below Average,0.5,1.29,83.6,1.13,1.59
Nippon India Credit Risk IDCW-R,Average,0.5,0.85,84.52,0.76,1.83
HDFC Floating Rate Debt DirMn IDCW-R,Average,0.5,2.58,3.28,1.09,1.07
Canara Robeco Cons Hyb Dir Mly IDCW-R,Average,0.5,1.07,70.19,4.03,0.97
ICICI Pru Regular Savings Qt IDCW-R,Average,0.5,0.92,83.75,3.19,1.08
Mahindra Manulife Flexi Cap Reg IDCW-P,Below Average,0.5,0.93,95.82,13.77,0.8
Mahindra Manulife Flexi Cap Reg IDCW-R,Below Average,0.5,0.93,95.82,13.77,0.8
Quant Liquid Unclmd Redem Gr,–,0.5,-2.81,10.29,0.73,-0.34
Aditya BSL Nifty 50 EW Index Dir IDCW-R,–,0.5,1,99.95,14.77,0.8
Aditya BSL Nifty 50 EW Index Dir IDCW-P,–,0.5,1,99.95,14.77,0.8
Aditya BSL Nifty 50 EW Index Dir Gr,–,0.5,1,99.95,14.76,0.8
ICICI Pru Short Term Dir Mn IDCW-P,Above Average,0.49,1.51,43.44,1.8,1.09
Canara Robeco Equity Hyb Reg Mly IDCW-P,Below Average,0.49,1.05,93.63,10.4,0.82
ICICI Pru Short Term Dir Mn IDCW-R,Above Average,0.49,1.51,43.44,1.8,1.09
Canara Robeco Equity Hyb Reg Mly IDCW-R,Below Average,0.49,1.05,93.63,10.4,0.82
Aditya BSL Short Term Dir Gr,Average,0.48,1.09,83.88,0.96,1.65
Aditya BSL Corporate Bond Dir Gr,Below Average,0.48,1.12,79.7,1.01,1.59
Bandhan Agrsv Hyb Reg Gr,Above Average,0.48,1.11,84.08,11.65,0.77
Nippon India FHF XLIII Ser 1 Dir Gr,–,0.47,0.71,58.8,1.19,1.04
PGIM India Global Eq Opp Reg Gr,–,0.47,1.08,69.97,19.2,0.56
Nippon India FHF XLIII Ser 1 Dir IDCW-P,–,0.47,0.71,58.79,1.19,1.04
HSBC Midcap Gr,Average,0.47,0.91,85.58,17.21,1.01
Baroda BNP P Dynamic Bond Dir Qt IDCW-P,Average,0.47,1.03,81.72,1.96,1.23
Baroda BNP P Dynamic Bond Dir Qt IDCW-R,Average,0.47,1.03,81.72,1.96,1.23
Baroda BNP P Focused Dir Gr,Above Average,0.47,0.99,87.97,15.33,0.76
Nippon India Corporate Bd Dir Mn IDCW-P,Low,0.46,1.27,83.66,1.11,1.56
Nippon India Corporate Bd Dir Dl IDCW-R,Low,0.46,1.28,84.25,1.12,1.56
SBI Equity Hybrid Fund Reg IDCW-P,Low,0.46,0.96,92.85,9.56,0.82
SBI Equity Hybrid Fund Reg Gr,Low,0.46,0.96,92.85,9.56,0.82
Nippon India Corporate Bd Dir Mn IDCW-R,Low,0.46,1.27,83.66,1.11,1.56
SBI Equity Hybrid Fund Reg IDCW-R,Low,0.46,0.96,92.85,9.56,0.82
Mirae Asset Equity Allctr FOF Dir IDCW-R,–,0.46,0.98,99.7,14.05,0.78
Mirae Asset Equity Allctr FOF Dir IDCW-P,–,0.46,0.98,99.7,14.05,0.78
Aditya BSL Corporate Bond DAP,–,0.45,1.07,95.51,1.5,–
ICICI Pru Regular Savings HY IDCW-P,Above Average,0.45,0.87,61.48,3.53,0.92
DSP Reg Sav Reg Gr,Average,0.45,1,78.46,3.62,1.02
ICICI Pru Regular Savings HY IDCW-R,Above Average,0.45,0.87,61.48,3.53,0.92
Mirae Asset Equity Allctr FOF Dir Gr,–,0.45,0.98,99.7,14.05,0.78
Baroda BNP P Credit Risk Reg Gr,Average,0.44,0.7,59.54,0.72,1.58
Groww Dynamic Bond Dir Dly IDCW-R,Below Average,0.44,0.74,45.43,1.91,0.97
PGIM India Dynamic Bond Dir Gr,Average,0.43,0.91,67.64,1.92,1.12
Baroda BNP P Shrt Dur Dir Gr,Below Average,0.43,1.12,81.66,0.99,1.56
DSP World Gold FoF Gr,–,0.43,0.85,96.15,28.25,0.58
Kotak Debt Hybrid Reg Gr,Above Average,0.43,1.35,86.1,4.61,1.03
Axis Corporate Bond Dir Gr,Average,0.43,1.27,85.92,1.1,1.55
ICICI Pru Corporate Bond Qt IDCW-P,Below Average,0.42,0.76,60.27,0.77,1.51
HDFC S/T Debt Dir Gr,Below Average,0.42,1.03,87.7,0.89,1.64
DSP Gilt Dir Mn IDCW-P,Above Average,0.42,1.03,18.69,4.23,0.6
HDFC S/T Debt Dir Nor IDCW-R,Below Average,0.42,1.03,87.72,0.89,1.64
HDFC S/T Debt Dir Nor IDCW-P,Below Average,0.42,1.03,87.72,0.89,1.64
DSP Gilt Dir Mn IDCW-R,Above Average,0.42,1.03,18.69,4.23,0.6
ICICI Pru Corporate Bond Qt IDCW-R,Below Average,0.42,0.76,60.27,0.77,1.51
Invesco India Low Dur Bns,–,0.41,2.93,20.12,1.03,–
Sundaram LT Mic capTax Ad Sr VI Dir Gr,–,0.41,0.77,87.08,16.53,0.93
Sundaram Small Cap IDCW-P,Above Average,0.41,0.78,92.6,16.22,0.96
Kotak Debt Hybrid Reg Mn IDCW-P,Above Average,0.41,1.35,86.14,4.61,1.03
SBI Bluechip Reg Gr,Average,0.41,0.9,96.43,12.69,0.75
SBI Bluechip Reg IDCW-P,Below Average,0.41,0.9,96.43,12.69,0.75
Kotak Debt Hybrid Reg Mn IDCW-R,Above Average,0.41,1.35,86.14,4.61,1.03
Sundaram Small Cap IDCW-T,Above Average,0.41,0.78,92.6,16.22,0.96
Sundaram Small Cap IDCW-R,Above Average,0.41,0.78,92.6,16.22,0.96
SBI Bluechip Reg IDCW-R,Below Average,0.41,0.9,96.43,12.69,0.75
Baroda BNP P Credit Risk Reg Mn IDCW-P,Average,0.4,0.7,59.54,0.72,1.52
Baroda BNP P Shrt Dur Dir Mly IDCW-P,Below Average,0.4,1.12,81.75,0.99,1.54
HDFC Credit Risk Debt Dir Gr,Below Average,0.4,1.06,81.22,0.95,1.55
Axis Corporate Bond Dir Mn IDCW-P,Average,0.4,1.27,85.87,1.1,1.53
Baroda BNP P Credit Risk Reg Mn IDCW-R,Average,0.4,0.7,59.54,0.72,1.52
HDFC Credit Risk Debt Dir IDCW-R,Below Average,0.4,1.06,81.26,0.95,1.55
Axis Corporate Bond Dir Wk IDCW-P,Average,0.4,1.27,85.86,1.1,1.53
HDFC Credit Risk Debt Dir IDCW-P,Below Average,0.4,1.06,81.26,0.95,1.55
Axis Corporate Bond Dir Wk IDCW-R,Average,0.4,1.27,85.86,1.1,1.53
Axis Corporate Bond Dir Mn IDCW-R,Average,0.4,1.27,85.87,1.1,1.53
Baroda BNP P Shrt Dur Dir Mly IDCW-R,Below Average,0.4,1.12,81.75,0.99,1.54
Mirae Asset Equity Allctr FOF Reg Gr,–,0.4,0.98,99.69,14.05,0.78
Nippon India Credit Risk Qt IDCW-P,Average,0.39,0.87,86,0.77,1.68
SBI Magnum Gilt PF Reg IDCW-P,–,0.39,0.64,66.46,2.05,0.21
ICICI Pru Short Term Gr,Below Average,0.39,0.85,74.67,0.77,1.58
Nippon India Credit Risk Qt IDCW-R,Average,0.39,0.87,86,0.77,1.68
SBI Magnum Gilt PF Reg IDCW-R,–,0.39,0.64,66.46,2.05,0.21
Mirae Asset Equity Allctr FOF Reg IDCW-P,–,0.39,0.98,99.7,14.05,0.78
Mirae Asset Equity Allctr FOF Reg IDCW-R,–,0.39,0.98,99.7,14.05,0.78
UTI Credit Risk Dir Fl IDCW-P,Above Average,0.38,0.89,72.4,0.86,1.52
SBI Magnum Income Dir IDCW-P,Low,0.38,0.92,92.1,1.65,1.28
Sundaram LT Mic capTax Ad Sr VI Dir IDCW,–,0.38,0.77,87.09,16.53,0.93
Kotak Low Duration Reg Wk IDCW-R,–,0.38,0.88,0.86,1.25,–
UTI Credit Risk Dir Gr,Above Average,0.38,0.89,72.41,0.86,1.52
ICICI Pru All Seasons Bond Prem Gr,–,0.38,0.72,81.13,2.5,–
SBI Magnum Income Dir Gr,Low,0.38,0.92,92.09,1.65,1.28
SBI Magnum Medium Dur Dir Gr,Below Average,0.38,1.34,87.1,1.16,1.5
UTI Credit Risk Dir HY IDCW-P,Above Average,0.38,0.89,72.36,0.86,1.51
UTI Credit Risk Dir Qt IDCW-P,Above Average,0.38,0.89,72.37,0.86,1.52
SBI Magnum Medium Dur Dir IDCW-P,Below Average,0.38,1.34,87.11,1.16,1.5
SBI Magnum Income Dir Qt IDCW-P,Below Average,0.38,0.92,92.09,1.65,1.28
Nippon India Corporate Bd Dir Qt IDCW-P,Below Average,0.38,1.3,84.34,1.14,1.48
ICICI Pru All Seasons Bond Retl Cumu,–,0.38,0.72,81.12,2.51,–
SBI Magnum Income Dir IDCW-R,Low,0.38,0.92,92.1,1.65,1.28
UTI Credit Risk Dir Qt IDCW-R,Above Average,0.38,0.89,72.37,0.86,1.52
SBI Magnum Medium Dur Dir IDCW-R,Below Average,0.38,1.34,87.11,1.16,1.5
SBI Magnum Income Dir Qt IDCW-R,Below Average,0.38,0.92,92.09,1.65,1.28
UTI Credit Risk Dir Fl IDCW-R,Above Average,0.38,0.89,72.4,0.86,1.52
UTI Credit Risk Dir HY IDCW-R,Above Average,0.38,0.89,72.36,0.86,1.51
Nippon India Corporate Bd Dir Qt IDCW-R,Below Average,0.38,1.3,84.34,1.14,1.48
UTI Credit Risk Dir Ann IDCW-P,Above Average,0.37,0.89,72.44,0.86,1.51
HDFC Corporate Bond Dir Nrm IDCW-R,Average,0.37,1.27,85.22,1.11,1.48
HDFC Corporate Bond Dir Gr,Average,0.37,1.27,85.23,1.11,1.49
HDFC Corporate Bond Dir Nrm IDCW-P,Average,0.37,1.27,85.22,1.11,1.48
SBI Magnum Income Dir Bns,Low,0.37,0.92,92.09,1.65,1.27
UTI Credit Risk Dir Ann IDCW-R,Above Average,0.37,0.89,72.44,0.86,1.51
Motilal Oswal 5 Year G-Sec FoF Dir Gr,Above Average,0.37,0.62,9.58,3.5,0.47
Axis Short Duration Dir Wk IDCW-P,Below Average,0.36,1.12,86.82,0.98,1.53
UTI Short Duration Dir Gr,Average,0.36,0.97,77.01,0.9,1.5
Axis Short Duration Dir Gr,Below Average,0.36,1.12,86.81,0.97,1.54
Sundaram Div Yield Dir Hlf Yrly IDCW-P,–,0.36,0.9,89.72,13.77,0.77
ICICI Pru Floating Interest DirWk IDCW-P,Above Average,0.36,4.1,8.53,1.07,1.32
SBI PSU Dir Gr,–,0.36,0.97,93.68,22.76,1.2
UTI Short Duration Dir Qt IDCW-P,Above Average,0.36,0.97,77.02,0.9,1.5
SBI PSU Dir IDCW-P,–,0.36,0.97,93.68,22.76,1.2
Axis Short Duration Dir IDCW-P,Below Average,0.36,1.12,86.79,0.98,1.53
DSP World Gold FoF IDCW-P,–,0.36,0.85,96.16,28.18,0.58
Baroda BNP P Liquid Dir Bonus,–,0.36,0.7,65.37,0.25,–
Invesco India Shrt DurDir Dl IDCW-R,Average,0.36,1.09,75.87,1.02,1.45
Axis Short Duration Dir Mn IDCW-P,Below Average,0.36,1.12,86.8,0.97,1.53
Axis Short Duration Dir IDCW-R,Below Average,0.36,1.12,86.79,0.98,1.53
ICICI Pru Floating Interest DirWk IDCW-R,Above Average,0.36,4.1,8.53,1.07,1.32
DSP World Gold FoF IDCW-R,–,0.36,0.85,96.16,28.18,0.58
UTI Short Duration Dir Qt IDCW-R,Above Average,0.36,0.97,77.02,0.9,1.5
Sundaram Div Yield Dir Hlf Yrly IDCW-R,–,0.36,0.9,89.72,13.77,0.77
Axis Short Duration Dir Wk IDCW-R,Below Average,0.36,1.12,86.82,0.98,1.53
SBI PSU Dir IDCW-R,–,0.36,0.97,93.68,22.76,1.2
Axis Short Duration Dir Mn IDCW-R,Below Average,0.36,1.12,86.8,0.97,1.53
HDFC Hybrid Eq Dir IDCW-P,Below Average,0.36,0.95,92.79,9.44,0.81
HDFC Hybrid Eq Dir IDCW-R,Below Average,0.36,0.95,92.79,9.44,0.81
Bandhan FTP Ser 179 Dir HY IDCW-P,–,0.35,0.57,17.96,2.27,0.62
DSP Ultra Short Dir IDCW-P,High,0.35,-3.69,1.37,2.44,-0.25
DSP Ultra Short Dir IDCW-R,High,0.35,-3.69,1.37,2.44,-0.25
ITI Dynamic Bond Dir Qt IDCW-R,Below Average,0.35,0.7,52.91,1.68,1.01
Tata Corporate Bond Dir Periodic IDCW-R,Below Average,0.35,1.18,78.52,1.08,1.43
Tata Corporate Bond Dir Monthly IDCW-R,Below Average,0.35,1.18,78.52,1.08,1.43
Tata Corporate Bond Dir Quarterly IDCW-R,Below Average,0.35,1.18,78.52,1.08,1.43
Tata Corporate Bond Dir Periodic IDCW-P,Below Average,0.35,1.18,78.52,1.08,1.43
Tata Corporate Bond Dir Quarterly IDCW-P,Below Average,0.35,1.18,78.52,1.08,1.43
Tata Corporate Bond Dir Monthly IDCW-P,Below Average,0.35,1.18,78.52,1.08,1.43
Tata Corporate Bond Dir Gr,Below Average,0.35,1.18,78.52,1.08,1.43
ITI Dynamic Bond Dir Qt IDCW-P,Below Average,0.35,0.7,52.91,1.68,1.01
Baroda BNP P Gilt Dir Gr,Below Average,0.34,1.05,77.62,2.12,1.19
Kotak M/T Dir Std IDCW-P,Average,0.34,1.56,70.55,1.51,1.28
Aditya BSL Dynamic Bond Reg Qt IDCW-P,High,0.34,1.13,17.84,4.56,0.54
Kotak M/T Dir Gr,Average,0.34,1.56,70.56,1.51,1.28
DSP Savings Reg Mn IDCW-P,High,0.34,-1.56,0.9,1.26,-0.05
Kotak M/T Dir Std IDCW-R,Average,0.34,1.56,70.55,1.51,1.28
DSP Savings Reg Mn IDCW-R,High,0.34,-1.56,0.9,1.26,-0.05
Aditya BSL Dynamic Bond Reg Qt IDCW-R,High,0.34,1.13,17.84,4.56,0.54
Mahindra Manulife Short Dur Dir Gr,Below Average,0.34,1.07,84.19,0.95,1.51
PGIM India Money Market Dir Mn IDCW-P,High,0.34,-2.36,2.3,1.21,-0.22
Nippon India Short Term Dir Gr,Average,0.33,1.21,90.94,1.03,1.51
Canara Robeco ELSS Tax Saver Reg Gr,Below Average,0.33,0.95,95.61,13.82,0.76
Baroda BNP P Shrt Dur Dir Qt IDCW-P,Below Average,0.33,1.12,82.17,0.99,1.47
Baroda BNP P Shrt Dur Dir Qt IDCW-R,Below Average,0.33,1.12,82.17,0.99,1.47
Mirae Asset Aggressive Hybrid Dir IDCW-P,Below Average,0.32,1.07,96.36,10.5,0.81
UTI Short Duration Dir Mn IDCW-P,Above Average,0.32,0.97,77.02,0.9,1.46
ICICI Pru Banking & PSU Debt Gr,Below Average,0.32,0.77,57.68,0.81,1.34
Baroda BNP P Credit Risk Reg Qt IDCW-P,Average,0.32,0.7,60.03,0.72,1.41
Bandhan Gov Sec-Constant Mat DirQtIDCW-P,Above Average,0.32,0.71,41.3,3.33,0.8
Baroda BNP P Credit Risk Reg Qt IDCW-R,Average,0.32,0.7,60.03,0.72,1.41
Nippon India Hybrid Bond Gr,Below Average,0.32,0.58,77.07,2.08,1.04
Axis Small Cap Fund Reg IDCW-P,Low,0.32,0.71,94.2,14.59,0.96
ICICI Pru All Seasons Bond Bns,–,0.32,0.72,81.34,2.51,–
Bandhan Gov Sec-Constant Mat DirQtIDCW-R,Above Average,0.32,0.71,41.3,3.33,0.8
Bandhan Flexi Cap IDCW-P,Average,0.32,0.88,79.01,14.37,0.72
HDFC Credit Risk Debt Dir Qt IDCW-P,Below Average,0.32,1.08,81.77,0.97,1.46
Mirae Asset Aggressive Hybrid Dir IDCW-R,Below Average,0.32,1.07,96.36,10.5,0.81
HDFC Credit Risk Debt Dir Qt IDCW-R,Below Average,0.32,1.08,81.77,0.97,1.46
Bandhan Flexi Cap IDCW-R,Average,0.32,0.88,79.01,14.37,0.72
Axis Small Cap Fund Reg IDCW-R,Low,0.32,0.71,94.2,14.59,0.96
UTI Short Duration Dir Mn IDCW-R,Above Average,0.32,0.97,77.02,0.9,1.46
DSP S/T Dir Mn IDCW-P,Above Average,0.31,1.11,28.39,1.68,0.85
Aditya BSL Dynamic Bond DAP,Above Average,0.31,1.16,56.39,2.62,0.94
Aditya BSL Dynamic Bond Reg Gr,Above Average,0.31,1.16,56.39,2.62,0.94
DSP S/T Dir Mn IDCW-R,Above Average,0.31,1.11,28.39,1.68,0.85
Aditya BSL Special Opports Reg Gr,–,0.31,0.99,94.5,14.79,0.78
HDFC Corporate Bond Dir Qt IDCW-P,Average,0.3,1.29,85.62,1.12,1.42
LIC MF Medium to Long Dur Dir IDCW-P,Below Average,0.3,1.21,94.35,2.14,1.2
LIC MF Medium to Long Dur Dir Gr,Below Average,0.3,1.21,94.35,2.14,1.2
Canara Robeco Flexi Cap Fund Dir IDCW-P,Average,0.3,0.92,96.85,13.5,0.79
SBI Magnum Global Dir IDCW-P,–,0.3,0.63,65.03,11.46,0.57
ICICI Pru Credit Risk Qt IDCW-P,Average,0.3,0.83,16.63,1.63,0.7
SBI Magnum Global Dir Gr,–,0.3,0.63,65.03,11.46,0.57
Aditya BSL Corporate Bond Reg Gr,Below Average,0.3,1.12,79.75,1.01,1.42
SBI Magnum Global Dir IDCW-R,–,0.3,0.63,65.03,11.46,0.57
Canara Robeco Flexi Cap Fund Dir IDCW-R,Average,0.3,0.92,96.85,13.5,0.79
ICICI Pru Credit Risk Qt IDCW-R,Average,0.3,0.83,16.63,1.63,0.7
LIC MF Medium to Long Dur Dir IDCW-R,Below Average,0.3,1.21,94.35,2.14,1.2
HDFC Corporate Bond Dir Qt IDCW-R,Average,0.3,1.29,85.62,1.12,1.42
Motilal Oswal 5 Year G-Sec FoF Reg Gr,Above Average,0.3,0.62,9.58,3.5,0.45
Nippon India Short Term Dir Mn IDCW-P,Average,0.29,1.2,91.08,1.02,1.48
SBI Credit Risk Fund Reg Gr,Below Average,0.29,0.98,42.85,1.22,1.06
SBI Magnum Comma Reg Gr,–,0.29,0.81,79.5,17.07,0.56
SBI Magnum Comma Reg IDCW-P,–,0.29,0.81,79.5,17.07,0.56
SBI Credit Risk Fund Reg IDCW-P,Below Average,0.29,0.98,42.85,1.22,1.06
SBI Credit Risk Fund Reg Dl IDCW,Below Average,0.29,0.99,42.9,1.22,1.06
PGIM India Liquid Dr Pl An Bs Opt,–,0.29,0.56,68.04,0.16,5.26
Nippon India Short Term Dir Mn IDCW-R,Average,0.29,1.2,91.08,1.02,1.48
SBI Credit Risk Fund Reg IDCW-R,Below Average,0.29,0.98,42.85,1.22,1.06
SBI Magnum Comma Reg IDCW-R,–,0.29,0.81,79.5,17.07,0.56
ITI Dynamic Bond Dir Ann IDCW-R,Below Average,0.29,0.7,53.03,1.68,0.97
ITI Dynamic Bond Dir Gr,Below Average,0.29,0.7,53.03,1.68,0.97
ITI Dynamic Bond Dir Ann IDCW-P,Below Average,0.29,0.7,53.03,1.68,0.97
ICICI Pru Credit Risk Gr,Low,0.28,0.96,63.15,0.98,1.28
UTI Short Duration Dir Ann IDCW-P,Average,0.28,0.94,76.23,0.87,1.41
Aditya BSL Focused Gr,Below Average,0.28,0.9,96.39,13.24,0.79
PGIM India Ultra S/D Dr Pl Ann Bns,–,0.28,1.6,38.83,0.46,–
PGIM India Gilt Dr Pl IDCW-P,Above Average,0.28,0.88,14.47,4.1,0.51
UTI Short Duration Dir Ann IDCW-R,Average,0.28,0.94,76.23,0.87,1.41
PGIM India Gilt Dr Pl IDCW-R,Above Average,0.28,0.88,14.47,4.1,0.51
Bank of India Small Cap Reg Gr,Average,0.28,0.87,91.11,18.22,0.94
Kotak Banking & PSU Debt Dir Gr,Average,0.27,1.14,73.83,1.07,1.33
HDFC Floating Rate Debt Mn IDCW-P,Average,0.27,2.62,3.53,1.07,0.89
Sundaram large and Mid Cap Gr,Above Average,0.27,1,91.29,14.95,0.74
ICICI Pru Credit Risk Bns,–,0.27,0.77,71.4,1.3,–
DSP Banking & PSU Debt Dir MlyIDCW-P,Above Average,0.27,1.26,18.13,2.4,0.64
Aditya BSL Frontline Equity IDCW-P,Average,0.27,0.96,98.64,13.27,0.75
HDFC Floating Rate Debt Mn IDCW-R,Average,0.27,2.62,3.53,1.07,0.89
DSP Banking & PSU Debt Dir MlyIDCW-R,Above Average,0.27,1.26,18.13,2.4,0.64
Aditya BSL Frontline Equity IDCW-R,Average,0.27,0.96,98.64,13.27,0.75
Nippon India Nivesh Lakshya Dir Gr,–,0.27,1.78,84.72,3.32,1.09
Sundaram Shrt Dur Dir Gr,Above Average,0.26,1.02,73.38,0.98,1.34
ICICI Pru Regular Savings Dir Mn IDCW-P,Above Average,0.26,1.42,69.78,5.39,0.9
HDFC M/T Debt Dir Gr,Below Average,0.26,1.45,86.84,1.25,1.37
ICICI Pru MidCap Dir IDCW-P,Above Average,0.26,0.9,89.29,16.56,1.02
Kotak Gilt Inv Growth - Direct,Above Average,0.26,1.04,48.71,2.66,0.91
ICICI Pru Corporate Bond Dir Mn IDCW-P,Above Average,0.26,1.39,42.8,1.67,0.97
HDFC M/T Debt Dir Normal IDCW-P,Below Average,0.26,1.45,86.85,1.25,1.37
ICICI Pru Medium Term Bond Dir Qt IDCW-P,Above Average,0.26,0.57,3.31,2.51,0.33
Kotak Banking & PSU Debt Dir Mn IDCW-P,Average,0.26,1.14,73.77,1.07,1.32
Kotak Gilt Inv PF & Trust Dir Gr,Above Average,0.26,1.04,48.68,2.66,0.91
HDFC M/T Debt Dir Normal IDCW-R,Below Average,0.26,1.45,86.85,1.25,1.37
HSBC Small Cap Fund Dir Gr,Above Average,0.26,0.89,93.68,18.41,0.95
Kotak Gilt Inv Dir Qt IDCW-P,Above Average,0.26,1.04,48.7,2.66,0.91
Kotak Gilt Inv Dir Qt IDCW-R,Above Average,0.26,1.04,48.7,2.66,0.91
ICICI Pru Regular Savings Dir Mn IDCW-R,Above Average,0.26,1.42,69.78,5.39,0.9
ICICI Pru Medium Term Bond Dir Qt IDCW-R,Above Average,0.26,0.57,3.31,2.51,0.33
Kotak Banking & PSU Debt Dir Mn IDCW-R,Average,0.26,1.14,73.77,1.07,1.32
ICICI Pru MidCap Dir IDCW-R,Above Average,0.26,0.9,89.29,16.56,1.02
ICICI Pru Corporate Bond Dir Mn IDCW-R,Above Average,0.26,1.39,42.8,1.67,0.97
Bank of India Small Cap Reg IDCW-P,Above Average,0.26,0.87,91.11,18.24,0.94
Bank of India Small Cap Reg IDCW-R,Above Average,0.26,0.87,91.11,18.24,0.94
Aditya BSL Liquid Instl Wk IDCW-P,–,0.25,6.67,34.73,0.9,2.26
PGIM India Liquid Ann Bns Opt,–,0.25,0.58,62.1,0.17,4.82
ICICI Pru Money Market Dir Bns,–,0.25,1.37,37.77,0.4,–
Mirae Asset Short Duration Dir Gr,Low,0.25,1.08,84.72,0.95,1.41
Kotak Bond S/T Dir IDCW-R,Average,0.25,1.18,88.12,1.02,1.42
Kotak Bond S/T Dir IDCW-P,Average,0.25,1.18,88.12,1.02,1.42
Aditya BSL Liquid Instl Wk IDCW-R,–,0.25,6.67,34.73,0.9,2.26
Sundaram Short Dur Dir Qt IDCW,Below Average,0.25,1.03,73.5,0.98,1.34
TrustMF Liquid Dir Wk IDCW-R,–,0.25,0.21,0.25,0.37,0.95
TrustMF Liquid Dir Wk IDCW-P,–,0.25,0.21,0.25,0.37,0.95
DSP Ultra Short Reg Mn IDCW-P,Above Average,0.24,-0.6,0.19,1.07,0.08
Kotak Bond S/T Dir Gr,Average,0.24,1.18,88.16,1.02,1.42
Kotak Corporate Bond Dir Gr,Below Average,0.24,1.15,80.66,1.04,1.36
Canara Robeco Equity Hyb Reg Gr,Below Average,0.24,1.06,96.01,10.36,0.81
DSP Ultra Short Reg Mn IDCW-R,Above Average,0.24,-0.6,0.19,1.07,0.08
Mirae Ast Nifty 100ESGSectLdrsFOFDrIDCWR,Below Average,0.24,0.91,94.6,13.38,0.6
Mirae Ast Nifty 100ESGSectLdrsFOFDrIDCWP,Below Average,0.24,0.91,94.6,13.38,0.6
Mirae Ast Nifty 100 ESG Sect LdrsFOFDrGr,Below Average,0.24,0.91,94.6,13.38,0.6
Nippon India FHF XLIII Ser 1 Reg IDCW-P,–,0.23,0.71,58.86,1.19,0.83
Mirae Asset Large & Midcap Dir IDCW-P,Average,0.23,0.98,92.52,14.44,0.74
Nippon India FHF XLIII Ser 1 Reg Gr,–,0.23,0.71,58.86,1.19,0.83
Union Flexi Cap Gr,Below Average,0.23,0.9,93.14,13.52,0.77
Kotak Corporate Bond Dir Mn IDCW-P,Below Average,0.23,1.15,80.65,1.04,1.35
Kotak Bond Ann Dir IDCW-P,Average,0.23,1.04,89.2,1.89,1.16
Kotak Bond Dir Gr,Average,0.23,1.04,89.2,1.89,1.16
Kotak Bond Ann Dir IDCW-R,Average,0.23,1.04,89.2,1.89,1.16
Mirae Asset Large & Midcap Dir IDCW-R,Average,0.23,0.98,92.52,14.44,0.74
Kotak Corporate Bond Dir Mn IDCW-R,Below Average,0.23,1.15,80.65,1.04,1.35
Nippon India Liquid Dir Dl IDCW-R,–,0.22,1.4,6.33,0.48,1.35
Sundaram Focused Dir Gr,Below Average,0.22,0.87,91.37,13.23,0.76
Union Flexi Cap IDCW-P,Below Average,0.22,0.9,93.05,13.54,0.77
ICICI Pru Banking & PSU Debt Qt IDCW-P,Below Average,0.22,0.78,58.09,0.81,1.22
Union Flexi Cap IDCW-R,Below Average,0.22,0.9,93.05,13.54,0.77
ICICI Pru Banking & PSU Debt Qt IDCW-R,Below Average,0.22,0.78,58.09,0.81,1.22
UTI Short Duration Dir HY IDCW-R,–,0.22,1.08,86.42,1.67,–
Sundaram Short Dur Dir HY IDCW,Below Average,0.22,1.01,73.95,0.96,1.3
PGIM India Ultra S/D Bns,–,0.21,1.41,54.38,0.44,–
Axis Corporate Bond Dir IDCW-P,Average,0.21,1.25,73.9,1.16,1.25
HDFC S/T Debt Dir Ft IDCW-P,Below Average,0.21,0.96,73.8,0.92,1.31
HDFC S/T Debt Dir Ft IDCW-R,Below Average,0.21,0.96,73.8,0.92,1.31
Axis Corporate Bond Dir IDCW-R,Average,0.21,1.25,73.9,1.16,1.25
ITI Banking & PSU Dir IDCW-R,Low,0.21,0.73,59.27,0.78,1.23
ITI Banking & PSU Dir IDCW-P,Low,0.21,0.73,59.27,0.78,1.23
ITI Banking & PSU Dir Gr,Low,0.21,0.73,59.26,0.78,1.23
Mahindra Manulife Short Dur Dir IDCW-R,Below Average,0.21,1.06,82.99,0.95,1.36
Mahindra Manulife Short Dur Dir IDCW-P,Below Average,0.21,1.06,82.99,0.95,1.36
ICICI Pru All Seasons Bond Ann IDCW-P,Below Average,0.2,0.64,72.41,1.27,1.08
Nippon India Short Term Dir Qt IDCW-P,Average,0.2,1.23,91.41,1.04,1.39
Canara Robeco Cons Hyb Dir Gr,Below Average,0.2,1.1,86.27,3.77,0.99
ICICI Pru All Seasons Bond Ann IDCW-R,Below Average,0.2,0.64,72.41,1.27,1.08
Kotak Bond S/T Dir HY IDCW-R,–,0.2,1.04,90.62,1.81,–
Mirae Asset Short Duration Dir IDCW-R,Low,0.2,1.09,84.66,0.96,1.36
Mirae Asset Short Duration Dir IDCW-P,Low,0.2,1.09,84.66,0.96,1.36
Nippon India Short Term Dir Qt IDCW-R,Average,0.2,1.23,91.41,1.04,1.39
Mahindra Manulife Consumption Reg Gr,–,0.2,0.94,83.41,14.96,0.73
Nippon India Income Dir Gr,Average,0.19,1.08,81.56,2.06,1.08
DSP Low Duration Reg Mn IDCW-P,Above Average,0.19,0.45,0.08,1.2,0.26
ICICI Pru Bond Gr,Low,0.19,0.92,92.28,1.64,1.17
HDFC Low Duration Dir Mn IDCW-P,Average,0.19,2.13,3.16,0.92,0.8
DSP Reg Sav Reg Mn IDCW-P,Average,0.19,0.98,69.68,3.74,0.9
Mahindra Manulife ELSS TaxSaverRegGr,Average,0.19,0.92,94.52,13.55,0.75
Nippon India Income Dir Bns,Average,0.19,1.08,81.57,2.06,1.08
Bandhan Credit Risk Dir Qt IDCW-P,Average,0.19,0.86,16.19,1.71,0.61
Franklin India Eq Advantage Dir IDCW-P,Above Average,0.19,0.94,90.62,14.05,0.73
DSP Low Duration Reg Mn IDCW-R,Above Average,0.19,0.45,0.08,1.2,0.26
Bandhan Credit Risk Dir Qt IDCW-R,Average,0.19,0.86,16.19,1.71,0.61
DSP Reg Sav Reg Mn IDCW-R,Average,0.19,0.98,69.68,3.74,0.9
HDFC Low Duration Dir Mn IDCW-R,Average,0.19,2.13,3.16,0.92,0.8
Franklin India Eq Advantage Dir IDCW-R,Above Average,0.19,0.94,90.62,14.05,0.73
ICICI Pru Ultra Short Term Dir Dl IDCW-R,Above Average,0.19,3.2,6.88,0.95,1.08
PGIM India Liquid Dir Mn IDCW-P,–,0.18,0.46,0.23,0.77,0.41
SBI Short Term Debt Dir Gr,Below Average,0.18,1.06,83.71,0.94,1.34
SBI Short Term Debt Dir Fr IDCW-P,Below Average,0.18,1.06,83.72,0.94,1.34
PGIM India Liquid Dir Mn IDCW-R,–,0.18,0.46,0.23,0.77,0.41
Axis Liquid Dir Bns,–,0.18,0.69,57.47,0.24,–
HDFC Banking & PSU Debt Dir Gr,Average,0.18,1.09,74.7,1.02,1.25
SBI Short Term Debt Dir Wk IDCW-P,Below Average,0.18,1.06,83.71,0.94,1.34
JM Dynamic Bond Dir Bns Princ,–,0.18,0.48,52.2,1.46,0.23
JM Dynamic Bond Dir HY Bns Princ,–,0.18,0.48,52.25,1.46,0.23
SBI Short Term Debt Dir Wk IDCW-R,Below Average,0.18,1.06,83.71,0.94,1.34
Groww ELSS Tax Saver Dir IDCW-T,Average,0.18,0.98,88.6,14.9,0.72
SBI Short Term Debt Dir Fr IDCW-R,Below Average,0.18,1.06,83.72,0.94,1.34
Groww ELSS Tax Saver Dir IDCW-P,Average,0.18,0.98,88.6,14.9,0.72
Groww ELSS Tax Saver Dir IDCW-R,Average,0.18,0.98,88.6,14.9,0.72
Nippon India Nivesh Lakshya Dir MnIDCW-P,–,0.18,1.77,84.72,3.29,1.06
Nippon India Nivesh Lakshya Dir MnIDCW-R,–,0.18,1.77,84.72,3.29,1.06
Canara Robeco Cons Hyb Dir Qt IDCW-P,High,0.17,1.1,41.71,5.4,0.69
Baroda BNP P Gilt Dir IDCW-P,Below Average,0.17,1.06,76.57,2.15,1.1
Mirae Asset Low Duration Dir Qt IDCW-P,Above Average,0.17,3.56,10.98,0.85,1.32
Kotak Bond S/T Dir HY IDCW-P,–,0.17,1.04,91.44,1.84,–
HDFC Dynamic Debt Dir Yr IDCW-P,Average,0.17,0.97,83.16,1.84,1.09
HDFC Dynamic Debt Dir Nor IDCW-R,Average,0.17,0.97,83.15,1.84,1.09
HDFC Dynamic Debt Dir Nrm IDCW-P,Average,0.17,0.97,83.15,1.84,1.09
ICICI Pru Floating Interest DirDl IDCW-R,Above Average,0.17,3.86,5.89,1.21,0.96
HDFC Dynamic Debt Dir Gr,Average,0.17,0.97,83.15,1.84,1.09
Mirae Asset Low Duration Dir Qt IDCW-R,Above Average,0.17,3.56,10.98,0.85,1.32
Baroda BNP P Gilt Dir IDCW-R,Below Average,0.17,1.06,76.57,2.15,1.1
Canara Robeco Cons Hyb Dir Qt IDCW-R,High,0.17,1.1,41.71,5.4,0.69
HDFC Dynamic Debt Dir Yr IDCW-R,Average,0.17,0.97,83.16,1.84,1.09
Sundaram LT Mic capTax Ad Sr VI Reg Gr,–,0.16,0.77,87.1,16.53,0.91
Kotak Bond Dir Qt IDCW-P,–,0.16,1.05,84.77,3.55,–
Axis Corporate Bond Dir Dl IDCW-R,Average,0.16,1.18,68.49,1.13,1.18
Groww ELSS Tax Saver Dir Gr,Average,0.16,0.98,88.64,14.91,0.72
Bandhan Floating Rate Dir Ann IDCW-T,High,0.16,-6.45,1.4,4.17,-0.36
Bandhan Floating Rate Dir Ann IDCW-P,High,0.16,-6.45,1.4,4.17,-0.36
HSBC Ultra Short Duration Reg Wk IDCW-R,Average,0.16,1.62,6.58,0.43,1.18
Bandhan Floating Rate Dir Ann IDCW-R,High,0.16,-6.45,1.4,4.17,-0.36
HSBC Medium Duration Dir Ann IDCW-P,Average,0.15,1.21,67.28,1.17,1.15
ICICI Pru Smallcap Dir Gr,Average,0.15,0.74,90.84,15.48,0.93
Nippon India Corporate Bd Wk IDCW-P,Below Average,0.15,1.28,83.68,1.13,1.28
Nippon India Dynamic Bond Gr,Above Average,0.15,1.05,83,1.96,1.07
Nippon India Corporate Bd Bns,Below Average,0.15,1.28,83.69,1.13,1.27
Nippon India Corporate Bd Gr,Below Average,0.15,1.28,83.69,1.13,1.28
Nippon India Dynamic Bond IDCW-P,Average,0.15,1.05,83,1.95,1.07
Nippon India Corporate Bd IDCW-P,Below Average,0.15,1.28,83.69,1.13,1.28
Nippon India Corporate Bd IDCW-R,Below Average,0.15,1.28,83.69,1.13,1.28
Nippon India Corporate Bd Wk IDCW-R,Below Average,0.15,1.28,83.68,1.13,1.28
Nippon India Dynamic Bond IDCW-R,Average,0.15,1.05,83,1.95,1.07
HSBC Medium Duration Dir Ann IDCW-R,Average,0.15,1.21,67.28,1.17,1.15
Navi ELSS Tax Saver Fund Dir Gr,Average,0.14,0.93,91.04,13.91,0.73
HDFC Dynamic Debt Dir Qt IDCW-P,Average,0.14,0.97,83.41,1.84,1.07
Aditya BSL FRF Retl Wk IDCW-P,Average,0.14,6.59,38.1,0.85,2.25
HDFC Dynamic Debt Dir HY IDCW-P,Average,0.14,0.96,83.32,1.83,1.08
HDFC Floating Rate Debt Dir Dl IDCW-R,Below Average,0.14,4.9,30.68,0.69,2.06
Groww Large Cap Dir IDCW-P,Above Average,0.14,0.98,95.97,13.83,0.73
HDFC M/T Debt Dir IDCW-P,Below Average,0.14,1.36,79.54,1.23,1.23
ICICI Pru Liquid Dir Bns,–,0.14,0.65,46.25,0.24,–
Groww Large Cap Dir IDCW-R,Above Average,0.14,0.98,95.97,13.83,0.73
HDFC M/T Debt Dir IDCW-R,Below Average,0.14,1.36,79.54,1.23,1.23
HDFC Dynamic Debt Dir HY IDCW-R,Average,0.14,0.96,83.32,1.83,1.08
Aditya BSL FRF Retl Wk IDCW-R,Average,0.14,6.59,38.1,0.85,2.25
HDFC Dynamic Debt Dir Qt IDCW-R,Average,0.14,0.97,83.41,1.84,1.07
PGIM India Glb Sel RE Scs FoF Dir Gr,–,0.14,0.93,97.56,17.32,-0.02
Kotak Bond S/T Dir Mn IDCW-P,–,0.13,1.03,89.52,1.84,–
Groww Large Cap Dir Gr,Above Average,0.13,0.98,95.93,13.84,0.73
Nippon India Income Dir Mn IDCW-P,Average,0.13,1.07,81.48,2.04,1.05
Sundaram LT Mic capTax Ad Sr VI Rg IDCW,–,0.13,0.77,87.1,16.53,0.91
360 ONE Dynamic Bond Dir Mn IDCW-P,Below Average,0.13,0.9,76.01,1.81,1.02
Bandhan Credit Risk Dir Gr,Below Average,0.13,0.95,80.32,0.86,1.27
Groww Large Cap Dir Mn IDCW-P,Above Average,0.13,0.98,95.95,13.83,0.73
Groww Large Cap Dir Mn IDCW-R,Above Average,0.13,0.98,95.95,13.83,0.73
Groww Large Cap Dir Qt IDCW-P,Above Average,0.13,0.98,95.94,13.84,0.73
DSP S/T Dir Wk IDCW-R,Average,0.13,1.22,74.15,1.13,1.19
Tata ELSS Tax Saver Reg IDCW-P,Average,0.13,0.98,91.48,14.53,0.73
360 ONE Dynamic Bond Dir Gr,Below Average,0.13,0.9,76.05,1.81,1.03
Groww Large Cap Dir Qt IDCW-R,Above Average,0.13,0.98,95.94,13.84,0.73
Bandhan Gov Sec-Constant Mat RegQtIDCW-P,Above Average,0.13,0.71,41.96,3.31,0.75
Nippon India Income Dir Mn IDCW-R,Average,0.13,1.07,81.48,2.04,1.05
360 ONE Dynamic Bond Dir Mn IDCW-R,Below Average,0.13,0.9,76.01,1.81,1.02
Bandhan Gov Sec-Constant Mat RegQtIDCW-R,Above Average,0.13,0.71,41.96,3.31,0.75
Tata ELSS Tax Saver Reg IDCW-R,Average,0.13,0.98,91.48,14.53,0.73
WhiteOak Capital Liquid Dir Daily IDCW-R,–,0.13,0.74,18.95,0.21,2.45
WhiteOak Capital Liquid Dir Daily IDCW-P,–,0.13,0.74,18.95,0.21,2.45
Aditya BSL Ret Fd 30s Dir Gr,–,0.13,0.95,91.76,14.36,0.77
Tata Short Term Bond Dir Gr,Above Average,0.12,1.13,79.41,1.03,1.23
Tata Short Term Bond Dir Prdic IDCW-P,Above Average,0.12,1.13,79.38,1.03,1.24
Aditya BSL Bkg & PSU Debt Dir Gr,Average,0.12,1.12,79.74,1.01,1.24
360 ONE Dynamic Bond Dir Qt IDCW-P,Below Average,0.12,0.9,76.08,1.81,1.02
Tata Short Term Bond Dir Mn IDCW-P,Above Average,0.12,1.13,79.36,1.03,1.23
PGIM India Liquid Mn Bns Opt,–,0.12,0.37,6.39,0.28,1.32
ICICI Pru Const Mat Gilt Dir Gr,Average,0.12,0.79,88.21,2.52,1.07
Tata Short Term Bond Dir Mn IDCW-R,Above Average,0.12,1.13,79.36,1.03,1.23
Kotak Bond S/T Dir Mn IDCW-R,–,0.12,1.03,88.72,1.81,–
Tata Short Term Bond Dir Prdic IDCW-R,Above Average,0.12,1.13,79.38,1.03,1.24
HDFC Ultra S/T Fund Dir Mn IDCW-P,Above Average,0.12,0.89,0.65,0.86,0.41
SBI Corporate Bond Dir Mn IDCW-R,Below Average,0.12,1.2,79.91,1.09,1.23
SBI Corporate Bond Dir Qt IDCW-P,Below Average,0.12,1.2,79.9,1.08,1.23
SBI Corporate Bond Dir Gr,Below Average,0.12,1.2,79.9,1.09,1.23
SBI Corporate Bond Dir Mn IDCW-P,Below Average,0.12,1.2,79.91,1.09,1.23
SBI Corporate Bond Dir Qt IDCW-R,Below Average,0.12,1.2,79.9,1.08,1.23
HDFC Ultra S/T Fund Dir Mn IDCW-R,Above Average,0.12,0.89,0.65,0.86,0.41
Nippon India U/ST Duration Dir Wk IDCW-R,Above Average,0.11,2.84,69.69,0.31,3.22
HDFC Corporate Bond Gr,Average,0.11,1.28,85.28,1.11,1.25
HDFC Corporate Bond Reg Nrm IDCW-P,Average,0.11,1.28,85.28,1.11,1.25
Nippon India U/ST Duration Dir Gr,Above Average,0.11,2.84,69.65,0.31,3.22
HDFC Corporate Bond Reg Nrm IDCW-R,Average,0.11,1.28,85.28,1.11,1.25
Franklin India Debt Hybd Gr,Below Average,0.11,1.08,86.09,3.71,0.97
DSP 10Y G-Sec Dir Mly IDCW-P,Above Average,0.11,0.78,55.41,3.19,0.84
ICICI Pru Medium Term Bond Gr,Low,0.11,1.17,83.41,1.01,1.25
Baroda BNP P Corp Bond Dir Mn IDCW-P,Above Average,0.11,1.36,73.56,1.28,1.16
Nippon India Corporate Bd Mn IDCW-P,Low,0.11,1.27,83.75,1.11,1.25
DSP Strategic Bd Dir Wk IDCW-P,–,0.11,0.87,54.96,3.49,–
DSP 10Y G-Sec Dir Mly IDCW-R,Above Average,0.11,0.78,55.41,3.19,0.84
Aditya BSL India GenNext Gr,–,0.11,0.94,87.62,14.6,0.74
DSP Strategic Bd Dir Wk IDCW-R,–,0.11,0.87,54.96,3.49,–
Nippon India Corporate Bd Mn IDCW-R,Low,0.11,1.27,83.75,1.11,1.25
Baroda BNP P Corp Bond Dir Mn IDCW-R,Above Average,0.11,1.36,73.56,1.28,1.16
Nippon India Corporate Bd Dl IDCW-R,Low,0.1,1.28,84.3,1.12,1.24
Navi ELSS Tax Saver Fund Dir IDCW-P,Average,0.1,0.93,90.99,13.91,0.73
Canara Robeco Short Dur Dir Qt IDCW-P,Above Average,0.1,0.66,3.96,2.66,0.29
Nippon India U/ST Duration Dir Dl IDCW-R,Above Average,0.1,2.78,67.45,0.31,3.15
HDFC Floating Rate Debt Dir Gr,Below Average,0.1,5.2,34.66,0.68,2.12
Sundaram Long Term Tax Adv Ser II Dir Gr,–,0.1,0.92,97.86,13.2,0.76
Mirae Asset ELSS Tax Saver Reg IDCW-P,Average,0.1,0.93,94.64,13.62,0.74
Groww Large Cap Dir HY IDCW-P,Average,0.1,0.99,95.92,13.86,0.72
Groww Large Cap Dir HY IDCW-R,Average,0.1,0.99,95.92,13.86,0.72
Baroda BNP P Corp Bond Dir Gr,Above Average,0.1,1.36,73.59,1.28,1.15
Canara Robeco Short Dur Dir Qt IDCW-R,Above Average,0.1,0.66,3.96,2.66,0.29
SBI Short Term Debt Dir Mn IDCW-P,Average,0.09,1.06,81.35,0.95,1.22
Quantum Dynamic Bond Dir Gr,Below Average,0.09,1.18,73.43,2.39,0.97
PGIM India Ultra S/D Dr Pl Mn DP,Above Average,0.09,1.58,1.11,1.15,0.43
Nippon India Liquid Dl IDCW-R,–,0.09,1.4,6.56,0.47,1.08
DSP Bond Fund Dir Mly IDCW-P,Above Average,0.09,1.49,29.75,2.19,0.72
SBI Short Term Debt Dir Mn IDCW-R,Average,0.09,1.06,81.35,0.95,1.22
PGIM India Ultra S/D Dr Pl Mn IDCW-R,Above Average,0.09,1.58,1.11,1.15,0.43
DSP Bond Fund Dir Mly IDCW-R,Above Average,0.09,1.49,29.75,2.19,0.72
Invesco India ESG Int StgyReg IDCW-P,Average,0.09,0.91,88.69,13.89,0.57
Bandhan Corporate Bond Dir Qt IDCW-P,Above Average,0.08,0.9,16.06,1.79,0.55
DSP Gilt Dir Gr,Above Average,0.08,1.2,55.2,2.88,0.9
SBI FMP Ser 43 1616D Dir IDCW-P,–,0.08,0.5,52.06,0.91,0.69
SBI FMP Ser 43 1616D Dir Gr,–,0.08,0.5,52.06,0.91,0.7
ICICI Pru Medium Term Bond Dir Bns,–,0.08,1.1,75.99,1.8,–
Bandhan Corporate Bond Dir Qt IDCW-R,Above Average,0.08,0.9,16.06,1.79,0.55
Bandhan Bond S/T Dir Qt IDCW-R,Above Average,0.08,1.24,25.68,1.95,0.67
Bandhan Bond S/T Dir Qt IDCW-P,Above Average,0.08,1.24,25.68,1.95,0.67
SBI Ret Benefit - Cnsrv Pln Reg IDCW-P,–,0.08,1.04,90.05,3.47,0.99
SBI Ret Benefit - Cnsrv Pln Reg Gr,–,0.08,1.04,90.05,3.47,0.99
Bandhan Corporate Bond Dir HY IDCW-P,Above Average,0.08,0.91,74.6,0.85,1.18
Bandhan Corporate Bond Dir HY IDCW-R,Above Average,0.08,0.91,74.6,0.85,1.18
Tata Hybrid Equity Dir Gr,Average,0.07,1.06,94.58,10.41,0.78
Bandhan Gov Sec-Constant Mat Dir Gr,Average,0.07,0.82,91.7,2.58,1.07
SBI Magnum Gilt PF 1yr IDCW-P,Below Average,0.07,1.01,56.85,2.38,0.91
HDFC S/T Debt Reg Nor IDCW-R,Below Average,0.07,1.04,87.93,0.91,1.25
Bandhan Gov Sec-Constant MatDirPrdIDCW-P,Above Average,0.07,0.82,91.7,2.58,1.07
SBI Magnum Gilt Reg Gr,Below Average,0.07,1.01,56.88,2.39,0.91
ICICI Pru Long Term Bond Instl Gr,–,0.07,1.38,91.7,4.54,–
SBI Magnum Gilt PF 2yr IDCW-P,Below Average,0.07,1.01,56.86,2.38,0.91
Franklin India Corp Dbt Dir Gr,Average,0.07,1.41,67.75,1.36,1.08
HDFC S/T Debt Reg Nor IDCW-P,Below Average,0.07,1.04,87.93,0.91,1.25
DSP Banking & PSU Debt Dir Qt IDCW-P,High,0.07,1.2,8.73,3.27,0.39
Bandhan Gov Sec-Constant MatDirPrdIDCW-R,Above Average,0.07,0.82,91.7,2.58,1.07
SBI Magnum Gilt PF 3yr IDCW-P,Below Average,0.07,1.01,56.87,2.39,0.91
SBI Magnum Gilt PF Reg Gr,Below Average,0.07,1.01,56.87,2.38,0.91
SBI Magnum Gilt PF 3yr Gr,Below Average,0.07,1.01,56.87,2.39,0.91
SBI Magnum Gilt Reg IDCW-P,Average,0.07,1.01,56.88,2.39,0.91
SBI Magnum Gilt PF 2yr IDCW-R,Below Average,0.07,1.01,56.86,2.38,0.91
SBI Magnum Gilt PF 1yr IDCW-R,Below Average,0.07,1.01,56.85,2.38,0.91
SBI Magnum Gilt Reg IDCW-R,Average,0.07,1.01,56.88,2.39,0.91
DSP Banking & PSU Debt Dir Qt IDCW-R,High,0.07,1.2,8.73,3.27,0.39
SBI Magnum Gilt PF 3yr IDCW-R,Below Average,0.07,1.01,56.87,2.39,0.91
Bandhan Ultra Short Term Dir Mn IDCW-P,Above Average,0.07,-2.64,5.41,0.91,-0.7
Bandhan Ultra Short Term Dir Mn IDCW-R,Above Average,0.07,-2.64,5.41,0.91,-0.7
Aditya BSL Pharma & Hlthcare Dir Gr,–,0.07,0.96,94.47,16.03,0.98
Tata Hybrid Equity Dir Mn IDCW-P,Average,0.06,1.06,94.58,10.41,0.78
ICICI Pru Long Term Bond Dir Gr,–,0.06,1.51,94.25,2.66,1.08
Bandhan Bond S/T Dir Gr,Average,0.06,1.34,85.73,1.17,1.21
Kotak Credit Risk Dir Gr,Average,0.06,1.18,45.33,1.43,0.88
Bandhan Corporate Bond Dir Gr,Below Average,0.06,0.99,75.87,0.93,1.14
Nippon India Gilt Sec Dir Gr,Average,0.06,1.1,64.78,2.42,0.97
Nippon India Gilt Sec DirAutoCapApIDCW-P,Average,0.06,1.1,64.78,2.42,0.97
HDFC S/T Debt Gr,Below Average,0.06,1.04,87.68,0.9,1.24
Nippon India Gilt Sec Dir Dfnd Mat Gth,Average,0.06,1.1,64.78,2.42,0.97
Kotak Credit Risk Dir Ann IDCW-P,Average,0.06,1.18,45.33,1.43,0.88
Nippon India Gilt Sec Dir PFAutoYrIDCW-R,Average,0.06,1.1,64.78,2.42,0.97
PGIM India Liquid Mn IDCW-P,–,0.06,0.47,0.25,0.76,0.24
Nippon India Gilt Sec Dir Gr Bns,Average,0.06,1.1,64.78,2.42,0.97
ICICI Pru Savings Dir IDCW-P Othrs,Above Average,0.06,3.48,16.95,0.66,1.48
ICICI Pru Savings Dir IDCW-R Othrs,Above Average,0.06,3.48,16.95,0.66,1.48
PGIM India Liquid Mn IDCW-R,–,0.06,0.47,0.25,0.76,0.24
Tata Hybrid Equity Dir Mn IDCW-R,Average,0.06,1.06,94.58,10.41,0.78
Kotak Credit Risk Dir Ann IDCW-R,Average,0.06,1.18,45.33,1.43,0.88
UTI Corporate Bond Dir Qt IDCW-R,Average,0.06,1.18,81.2,1.06,1.19
UTI Corporate Bond Dir Fl IDCW-P,Average,0.06,1.18,81.19,1.06,1.18
UTI Corporate Bond Dir Gr,Average,0.06,1.18,81.2,1.06,1.18
UTI Corporate Bond Dir Fl IDCW-R,Average,0.06,1.18,81.19,1.06,1.19
UTI Corporate Bond Dir Qt IDCW-P,Average,0.06,1.18,81.2,1.06,1.19
UTI Corporate Bond Dir HY IDCW-P,Average,0.06,1.18,81.19,1.06,1.18
UTI Corporate Bond Dir HY IDCW-R,Average,0.06,1.18,81.19,1.06,1.19
HDFC Corporate Bond Qt IDCW-P,Average,0.05,1.29,85.4,1.12,1.2
Navi Large & Mid Cap Dir IDCW-P,Average,0.05,0.97,84.4,14.99,0.7
Navi Large & Mid Cap Dir Gr,Average,0.05,0.97,84.4,14.99,0.7
Invesco India Shrt DurDir Wk IDCW-R,Average,0.05,1.11,74.51,1.05,1.13
ICICI Pru Floating Interest IDCW-P,Above Average,0.05,4.03,9.02,1.02,1.06
Bandhan Corporate Bond Dir Mn IDCW-P,Average,0.05,0.95,56.48,1.02,0.98
Axis Strategic Bond Gr,Below Average,0.05,1.39,85.19,1.21,1.2
Aditya BSL Bkg & PSU Debt DAP Gr,–,0.05,1.85,88.48,2.64,–
Franklin India Corp Dbt Dir Mn IDCW-P,Average,0.05,1.41,67.74,1.36,1.06
Sundaram Long Term Tax Adv Ser II DrIDCW,–,0.05,0.91,97.9,13.16,0.75
ICICI Pru Floating Interest Gr,Average,0.05,4.03,9.02,1.02,1.06
Bandhan Corporate Bond Dir Mn IDCW-R,Average,0.05,0.95,56.48,1.02,0.98
PGIM India Ultra S/D Mn Bns,–,0.05,1.57,37.92,0.45,–
ICICI Pru Regular Savings Dir Bonus,–,0.05,0.99,75.34,4.23,–
Bandhan Bond S/T Dir Prdic IDCW-R,Average,0.05,1.34,85.75,1.17,1.2
Bandhan Bond S/T Dir Prdic IDCW-P,Average,0.05,1.34,85.75,1.17,1.2
Navi Large & Mid Cap Dir An IDCW-P,Average,0.05,0.97,84.4,14.99,0.7
Navi Large & Mid Cap Dir An IDCW-R,Average,0.05,0.97,84.4,14.99,0.7
Navi Large & Mid Cap Dir HY IDCW-P,Average,0.05,0.97,84.4,14.99,0.7
Navi Large & Mid Cap Dir HY IDCW-R,Average,0.05,0.97,84.4,14.99,0.7
ICICI Pru Floating Interest IDCW-R Othr,Above Average,0.05,4.03,9.02,1.02,1.06
Navi Large & Mid Cap Dir IDCW-R,Average,0.05,0.97,84.4,14.99,0.7
Franklin India Corp Dbt Dir Mn IDCW-R,Average,0.05,1.41,67.74,1.36,1.06
HDFC Corporate Bond Qt IDCW-R,Average,0.05,1.29,85.4,1.12,1.2
Mahindra Manu Liquid Dir Dl IDCW-R,–,0.04,1.24,31.5,0.26,2.09
Invesco India Corp Bond Dir Gr,Average,0.04,1.27,83.55,1.12,1.18
ICICI Pru Savings Dir Gr,Average,0.04,3.85,20.01,0.68,1.56
Invesco India Corp Bond Dir Disc IDCW-P,Below Average,0.04,1.27,83.54,1.12,1.18
Aditya BSL Equity Hybrid '95 Dir Gr,Average,0.04,1.04,94.68,10.29,0.78
Baroda BNP P Ultra Shrt Dur Dir Gr,Below Average,0.04,2.37,56.95,0.28,2.68
Invesco India Corp Bond Dir Disc IDCW-R,Below Average,0.04,1.27,83.54,1.12,1.18
Tata Dividend Yield Reg IDCW-P,–,0.04,1.01,93.13,15.25,0.76
LIC MF Short Duration Dir Gr,Below Average,0.04,1.18,84.33,1.05,1.18
LIC MF Short Duration Dir IDCW-P,Below Average,0.04,1.18,84.33,1.05,1.18
LIC MF Short Duration Dir IDCW-R,Below Average,0.04,1.18,84.33,1.05,1.18
Tata Dividend Yield Reg IDCW-R,–,0.04,1.01,93.13,15.25,0.76
Tata Dividend Yield Reg Gr,–,0.04,1.01,93.13,15.25,0.76
Aditya BSL Corporate Bond Dir Mn IDCW-P,Average,0.03,1.22,71.72,1.16,1.08
Bandhan Bond S/T Dir Mn IDCW-P,Average,0.03,1.3,81.79,1.16,1.15
HSBC Aggressive Hybrid Dir Ann IDCW-P,Above Average,0.03,1.24,75.93,13.62,0.7
Mirae Asset Liquid Dir MnIDCW-P,–,0.03,0.3,0.53,0.4,0.33
Kotak Savings Fund Dir Wk IDCW-P,–,0.03,0.62,2.4,0.55,–
Bandhan Bkg & PSU Dbt Dir Qt IDCW-P,Above Average,0.03,0.76,12.51,1.73,0.46
SBI Magnum Constant Mat Dir IDCW-P,Average,0.03,0.8,90.56,2.54,1.05
Nippon India Corporate Bd Qt IDCW-P,Below Average,0.03,1.3,84.48,1.13,1.18
SBI Magnum Constant Mat Dir Gr,Below Average,0.03,0.8,90.56,2.54,1.05
DSP Gilt Reg IDCW-P,High,0.03,1.28,10.97,6.89,0.39
HSBC Conservative Hybrid Gr,Above Average,0.03,1.32,70.22,5.01,0.86
Franklin India Eq Advantage Gr,Above Average,0.03,0.95,91.55,14.1,0.73
HSBC Aggressive Hybrid Dir Ann IDCW-R,Above Average,0.03,1.24,75.93,13.62,0.7
Mirae Asset Liquid Dir MnIDCW-R,–,0.03,0.3,0.53,0.4,0.33
Bandhan Bkg & PSU Dbt Dir Qt IDCW-R,Above Average,0.03,0.76,12.51,1.73,0.46
Bandhan Bond S/T Dir Mn IDCW-R,Average,0.03,1.3,81.79,1.16,1.15
DSP Gilt Reg IDCW-R,High,0.03,1.28,10.97,6.89,0.39
SBI Magnum Constant Mat Dir IDCW-R,Average,0.03,0.8,90.56,2.54,1.05
Aditya BSL Corporate Bond Dir Mn IDCW-R,Average,0.03,1.22,71.72,1.16,1.08
Nippon India Corporate Bd Qt IDCW-R,Below Average,0.03,1.3,84.48,1.13,1.18
Sundaram Large Cap Dir Gr,Below Average,0.03,0.9,97.46,12.62,0.73
Invesco India PSU Equity Gr,–,0.02,0.97,92.43,22.95,1.17
Invesco India Corp Bond Dir Qt IDCW-P,Average,0.02,1.27,83.57,1.12,1.16
Quant Absolute Dir Gr,High,0.02,1.26,81.92,13.31,0.72
DSP S/T Dir Gr,Average,0.02,1.14,87.38,0.99,1.18
ICICI Pru Corporate Bond Mn IDCW-P,Above Average,0.02,1.4,43.81,1.66,0.84
JM Dynamic Bond Dl IDCW-R,Below Average,0.02,0.99,50.42,2.4,0.78
Quant Absolute Dir IDCW-P,High,0.02,1.26,81.92,13.31,0.72
Nippon India Focused Equity Dir IDCW-P,High,0.02,0.93,84.5,14.65,0.72
UTI Dynamic Bond Dir HY IDCW-P,Above Average,0.02,0.86,75.27,1.72,0.96
UTI Dynamic Bond Dir Gr,Above Average,0.02,0.86,75.28,1.72,0.96
ICICI Pru ELSS Tax Saver IDCW-P,Below Average,0.02,0.86,90.74,12.93,0.72
UTI Dynamic Bond Dir Qt IDCW-P,Above Average,0.02,0.86,75.29,1.72,0.96
Nippon India Strategic Debt Dir IDCW-P,Above Average,0.02,1.35,64.37,1.38,1.02
Nippon India Strategic Debt Dir Gr,Above Average,0.02,1.35,64.33,1.38,1.02
Baroda BNP P Corp Bond Dir Qt IDCW-P,Above Average,0.02,1.37,73.91,1.29,1.09
Nippon India Strategic Debt Dir Bns,Above Average,0.02,1.35,64.34,1.38,1.02
ICICI Pru ELSS Tax Saver IDCW-R,Below Average,0.02,0.86,90.74,12.93,0.72
ICICI Pru Corporate Bond Mn IDCW-R,Above Average,0.02,1.4,43.81,1.66,0.84
Nippon India Nivesh Lakshya Dir HYIDCW-P,–,0.02,1.78,84.19,3.33,1.01
Quant Absolute Dir IDCW-R,High,0.02,1.26,81.92,13.31,0.72
UTI Dynamic Bond Dir Qt IDCW-R,Above Average,0.02,0.86,75.29,1.72,0.96
Baroda BNP P Corp Bond Dir Qt IDCW-R,Above Average,0.02,1.37,73.91,1.29,1.09
Invesco India Corp Bond Dir Qt IDCW-R,Average,0.02,1.27,83.57,1.12,1.16
Nippon India Focused Equity Dir IDCW-R,High,0.02,0.93,84.5,14.65,0.72
UTI Dynamic Bond Dir HY IDCW-R,Above Average,0.02,0.86,75.27,1.72,0.96
Baroda BNP P Ultra Shrt Dur Dir ICDW,Below Average,0.02,2.32,54.61,0.28,2.56
Nippon India Strategic Debt Dir IDCW-R,Above Average,0.02,1.35,64.37,1.38,1.02
Nippon India Overnight Dir Daily IDCW-R,–,0.02,–,–,0.43,0.06
Bandhan Bkg & PSU Dbt Dir Ann IDCW-P,Below Average,0.02,0.75,58.02,0.8,0.97
Nippon India Nivesh Lakshya Dir HYIDCW-R,–,0.02,1.78,84.19,3.33,1.01
Sundaram Corp Bond Dir Gr,Below Average,0.01,0.92,55.42,1,0.94
Mahindra Manu Liquid Dir Gr,–,0.01,1.23,79.1,0.21,3.1
UTI Conservative Hybrid Reg Mn Py IDCW-P,Above Average,0.01,1.22,88.77,4.12,0.96
UTI Conservative Hybrid Reg Gr,Above Average,0.01,1.22,88.77,4.12,0.96
PGIM India Corporate Bond Dr Gr,Below Average,0.01,1.21,81,1.09,1.13
Aditya BSL Dynamic Bond Reg IDCW-P,Above Average,0.01,1.1,52.56,2.55,0.8
Nippon India Money Market Bns,–,0.01,1.55,51.09,0.4,–
HDFC Income Dir Nor IDCW-P,Average,0.01,1.18,94.77,2.09,1.07
HDFC Income Dir Nor IDCW-R,Average,0.01,1.18,94.77,2.09,1.07
PGIM India Liquid Dr Pl Wk IDCW-P,–,0.01,1.21,10.42,0.34,1.11
Aditya BSL Regular Sav Dir Mn IDCW-P,Above Average,0.01,1,63.59,3.98,0.81
HDFC Banking & PSU Debt Dir IDCW-P,Average,0.01,1.07,66,1.07,1.02
PGIM India Liquid Dr Pl Wk IDCW-R,–,0.01,1.21,10.42,0.34,1.11
HDFC Banking & PSU Debt Dir IDCW-R,Average,0.01,1.07,66,1.07,1.02
Aditya BSL Dynamic Bond Reg IDCW-R,Above Average,0.01,1.1,52.56,2.55,0.8
Aditya BSL Regular Sav Dir Mn IDCW-R,Above Average,0.01,1,63.59,3.98,0.81
JM Liquid Dir Wk IDCW-P,–,–,0.87,8.81,0.3,0.98
Nippon India Bnk& PSU Dbt Dir Gr,Average,–,1.32,83.04,1.17,1.13
Nippon India Bnk& PSU Dbt Dir Wk IDCW-P,Average,–,1.32,83.04,1.17,1.13
Nippon India Bnk& PSU Dbt Dir IDCW-P,Average,–,1.32,83.04,1.17,1.13
Nippon India Bnk& PSU Dbt Dir Bns,Average,–,1.32,83.05,1.17,1.14
Tata Money Market Dir Gr,Average,–,3.54,66.48,0.38,2.75
Invesco India Corp Bond Dir Mn IDCW-P,Average,–,1.25,83.77,1.11,1.15
Nippon India Gilt Sec Dir Mn IDCW-P,Average,–,1.08,64.53,2.39,0.94
Nippon India Income Dir Qt IDCW-P,Above Average,–,1.1,83.2,2.07,1
Nippon India Intr Fund-IV-Ser 2 Dir IDCW,–,–,0.08,0.52,3.96,–
Tata Young Citizens After 7 yrs Dir Gr,–,–,0.9,94.14,13.52,0.77
Bandhan Bkg & PSU Dbt Dir IDCW-P,Above Average,–,0.86,67.5,0.86,1.03
Bandhan Bkg & PSU Dbt Dir Gr,Below Average,–,0.86,67.58,0.86,1.03
Bandhan Bkg & PSU Dbt Dir IDCW-R,Above Average,–,0.86,67.5,0.86,1.03
Nippon India Bnk& PSU Dbt Dir Wk IDCW-R,Average,–,1.32,83.04,1.17,1.13
JM Liquid Dir Wk IDCW-R,–,–,0.87,8.81,0.3,0.98
Nippon India Bnk& PSU Dbt Dir IDCW-R,Average,–,1.32,83.04,1.17,1.13
Nippon India Gilt Sec Dir Mn IDCW-R,Average,–,1.08,64.53,2.39,0.94
Nippon India Income Dir Qt IDCW-R,Above Average,–,1.1,83.2,2.07,1
Invesco India Corp Bond Dir Mn IDCW-R,Average,–,1.25,83.77,1.11,1.15
Edelweiss Small Cap Reg IDCW-T,Below Average,–,0.81,94.1,16.79,0.94
Bandhan Ultra Short Term Dir Qt IDCW-R,High,–,-0.15,–,1.64,-0.03
Edelweiss Small Cap Reg IDCW-P,Below Average,–,0.81,94.1,16.79,0.94
Edelweiss Small Cap Reg IDCW-R,Below Average,–,0.81,94.1,16.79,0.94
Edelweiss Small Cap Reg Gr,Below Average,–,0.81,94.11,16.79,0.94
Aditya BSL Special Opports Reg IDCW-R,–,–,0.99,94.36,14.85,0.76
Bandhan Ultra Short Term Dir Qt IDCW-P,High,–,-0.15,–,1.64,-0.03
Aditya BSL Special Opports Reg IDCW-P,–,–,0.99,94.36,14.85,0.76
Invesco India Shrt DurDir Gr,Average,-0.01,1.11,81.26,1.01,1.12
Invesco India Shrt DurDir Mn IDCW-P,Average,-0.01,1.11,81.26,1.01,1.11
Sundaram Corp Bond Dir Yr IDCW-P,Below Average,-0.01,0.92,55.04,1,0.92
Invesco India Shrt DurDir Discr IDCW-P,Average,-0.01,1.11,81.26,1.01,1.11
UTI Conservative Hybrid Reg Mn IDCW-P,Above Average,-0.01,1.22,88.8,4.12,0.95
DSP Banking & PSU Debt Reg MlyIDCW-P,Above Average,-0.01,1.27,18.63,2.38,0.53
Baroda BNP P Liquid Dir Wly IDCW-P,–,-0.01,1.28,31.79,0.23,1.86
Sundaram Corp Bond Dir Yr IDCW-T,Below Average,-0.01,0.92,55.04,1,0.92
Invesco India Shrt DurDir Mn IDCW-R,Average,-0.01,1.11,81.26,1.01,1.11
DSP Banking & PSU Debt Reg MlyIDCW-R,Above Average,-0.01,1.27,18.63,2.38,0.53
Invesco India Shrt DurDir Discr IDCW-R,Average,-0.01,1.11,81.26,1.01,1.11
UTI Conservative Hybrid Reg Mn IDCW-R,Above Average,-0.01,1.22,88.8,4.12,0.95
Baroda BNP P Liquid Dir Wly IDCW-R,–,-0.01,1.28,31.79,0.23,1.86
Sundaram Corp Bond Dir Yr IDCW-R,Below Average,-0.01,0.92,55.04,1,0.92
UTI Corporate Bond Dir Ann IDCW-R,Below Average,-0.01,1.16,81.57,1.03,1.11
SBI Ret Benefit - Agrsv Hyb Pln Reg Gr,–,-0.01,1.05,89.74,10.6,0.76
SBI Ret Benefit - Agrsv Hyb Pn Rg IDCW-P,–,-0.01,1.05,89.74,10.6,0.75
Canara Robeco Liqd Unclmd Red Div Dir Gr,–,-0.01,1.47,80.46,0.23,2.92
ICICI Pru Savings Dir Dl IDCW-R,Above Average,-0.02,3.53,16.19,0.69,1.32
Nippon India Interval Yr I Dir Gr,–,-0.02,0.17,37.69,0.31,0.69
Union Liquid Dir Fr IDCW-P,–,-0.02,1.33,79.42,0.22,2.77
Mirae Asset Liquid Dir WkIDCW-R,–,-0.02,0.41,1.1,0.38,0.27
Axis Strategic Bond Qt IDCW-P,Below Average,-0.02,1.39,85.97,1.2,1.14
SBI Banking & PSU Dir DlIDCW-R,Average,-0.02,1.17,76.72,1.08,1.08
SBI Magnum Midcap Dir Gr,Below Average,-0.02,0.75,87.91,13.89,1
Axis Credit Risk Reg Wk IDCW-P,Low,-0.02,0.93,92.13,0.78,1.17
PGIM India Liquid Dr Pl Gr,–,-0.02,1.32,71.51,0.22,2.67
Bandhan Bkg & PSU Dbt Dir Mn IDCW-P,Below Average,-0.02,0.83,65.8,0.84,0.99
Axis Credit Risk Reg Gr,Below Average,-0.02,0.93,92.14,0.78,1.17
ICICI Pru Long Term Bond Bns,–,-0.02,1.38,91.7,4.54,–
SBI Banking & PSU Dir Gr,Average,-0.02,1.17,76.72,1.08,1.08
Axis Credit Risk Reg Mn IDCW-P,Below Average,-0.02,0.93,92.12,0.78,1.17
SBI Banking & PSU Dir WkIDCW-P,Average,-0.02,1.17,76.71,1.08,1.08
Axis Credit Risk Reg Mn IDCW-R,Below Average,-0.02,0.93,92.12,0.78,1.17
Axis Credit Risk Reg Wk IDCW-R,Low,-0.02,0.93,92.13,0.78,1.17
SBI Magnum Midcap Dir IDCW-P,Below Average,-0.02,0.75,87.91,13.89,1
SBI Banking & PSU Dir WkIDCW-R,Average,-0.02,1.17,76.71,1.08,1.08
Axis Strategic Bond Qt IDCW-R,Below Average,-0.02,1.39,85.97,1.2,1.14
SBI Magnum Midcap Dir IDCW-R,Below Average,-0.02,0.75,87.91,13.89,1
Union Liquid Dir Fr IDCW-R,–,-0.02,1.33,79.42,0.22,2.77
Bandhan Bkg & PSU Dbt Dir Mn IDCW-R,Below Average,-0.02,0.83,65.8,0.84,0.99
PGIM India Money Market Reg Mn IDCW-P,High,-0.02,-2.14,1.96,1.19,-0.49
JM Overnight Dir Unclaimed IDCW Gr,–,-0.02,-0.33,7.42,0.22,-1.11
Mahindra Manu Liqd UnclmdRed/DivUpto3Yrs,–,-0.02,0.98,27.7,0.51,–
Edelweiss Liquid Dir Gr,–,-0.03,1.42,81.02,0.22,2.77
Axis Gilt Fund Dir Gr,Average,-0.03,1.1,63.72,2.45,0.92
HSBC Short Duration Dir Gr,Below Average,-0.03,1.14,84.19,1.01,1.11
Edelweiss Liquid Dir Fr IDCW-P,–,-0.03,1.42,81.02,0.22,2.77
Edelweiss Liquid Dir Wk IDCW-P,–,-0.03,1.42,81.05,0.22,2.77
Union Liquid Dir Gr,–,-0.03,1.34,80.23,0.22,2.75
Nippon India U/ST Duration Dir Qt IDCW-P,High,-0.03,2.92,71.46,0.31,2.72
Edelweiss Liquid Dir Bns,–,-0.03,1.42,81.02,0.22,2.77
Aditya BSL Savings Dir Gr,Average,-0.03,3.05,56.96,0.36,2.44
Bandhan Liquid Dir Mn IDCW-P,–,-0.03,1.06,2.88,0.51,0.51
PGIM India Liquid Dr Pl Dl IDCW-R,–,-0.03,1.34,71.43,0.22,2.56
Edelweiss Liquid Dir Mn IDCW-P,–,-0.03,1.42,81.01,0.22,2.77
HSBC Liquid Dir Wk IDCW-P,–,-0.03,0.97,16.68,0.28,1.18
Union Liquid Dir Mn IDCW-P,–,-0.03,1.34,80.13,0.22,2.75
Nippon India U/ST Duration Dir Qt IDCW-R,High,-0.03,2.92,71.46,0.31,2.72
Edelweiss Liquid Dir Mn IDCW-R,–,-0.03,1.42,81.01,0.22,2.77
Union Liquid Dir Mn IDCW-R,–,-0.03,1.34,80.13,0.22,2.75
Bandhan Liquid Dir Mn IDCW-R,–,-0.03,1.06,2.88,0.51,0.51
Edelweiss Liquid Dir Fr IDCW-R,–,-0.03,1.42,81.02,0.22,2.77
HSBC Liquid Dir Wk IDCW-R,–,-0.03,0.97,16.68,0.28,1.18
Edelweiss Liquid Dir Wk IDCW-R,–,-0.03,1.42,81.05,0.22,2.77
Edelweiss Liquid Dir IDCW-R,–,-0.03,1.42,81.04,0.22,2.77
Tata Ultra Short Term Dir Gr,Low,-0.03,2.72,67.32,0.32,2.63
Axis ESG Integration Strategy Dir IDCW-R,Above Average,-0.03,0.89,78.54,14.34,0.53
Edelweiss Liquid Dir Ann IDCW-R,–,-0.03,1.42,81.02,0.22,2.77
Axis ESG Integration Strategy Dir IDCW-P,Above Average,-0.03,0.89,78.54,14.34,0.53
Edelweiss Liquid Dir Ann IDCW-P,–,-0.03,1.42,81.02,0.22,2.77
Edelweiss Liquid Dir IDCW,–,-0.03,1.42,81.04,0.22,2.77
Axis Ultra Short Dur Fd Dir IDCW-R,Below Average,-0.03,2.98,73.74,0.32,2.75
Axis Ultra Short Dur Fd Dir IDCW-P,Below Average,-0.03,2.98,73.74,0.32,2.75
Axis Ultra Short Dur Fd Dir Gr,Below Average,-0.03,2.99,73.63,0.32,2.78
ICICI Pru Corporate Bond Retl Gr,–,-0.04,0.9,89.26,1.38,–
Nippon India Bnk& PSU Dbt Dir Mn IDCW-P,Average,-0.04,1.3,83.08,1.15,1.1
DSP Bond Fund Dir Gr,Average,-0.04,1.63,89.63,1.37,1.16
Axis Gilt Fund Dir IDCW-P,Average,-0.04,1.1,63.72,2.46,0.92
Nippon India Focused Equity Gr,Above Average,-0.04,0.91,90.82,13.84,0.74
Sundaram Focused Dir HY IDCW-P,Below Average,-0.04,0.87,91.28,13.24,0.74
ICICI Pru Smallcap Dir IDCW-P,Average,-0.04,0.74,90.67,15.46,0.92
Bank of India Liquid Dir Gr,–,-0.04,1.38,86.18,0.22,2.74
Aditya BSL FRF Dir Gr,Below Average,-0.04,4.33,51.87,0.49,2.34
Aditya BSL Liquid Dir IDCW-P,–,-0.04,1.47,73.56,0.23,2.53
Baroda BNP P Liquid Dir Gr,–,-0.04,1.32,78.27,0.22,2.59
PGIM India Gilt Dr Pl Gr,Low,-0.04,1.05,65.63,2.31,0.93
Tata Large Cap Gr,Above Average,-0.04,0.98,97.65,13.6,0.72
HSBC Dynamic Bond Dir Gr,Average,-0.04,0.95,69.66,1.98,0.89
ICICI Pru Savings IDCW-P,Above Average,-0.04,3.46,16.74,0.66,1.31
DSP Banking & PSU Debt Dir Gr,Average,-0.04,1.34,61.06,1.39,0.94
ICICI Pru Const Mat Gilt Gr,Average,-0.04,0.79,88.2,2.52,1.01
Nippon India Bnk& PSU Dbt Dir Mn IDCW-R,Average,-0.04,1.3,83.08,1.15,1.1
Nippon India Nivesh LakshyaRegIDCW-P,–,-0.04,1.78,84.81,3.33,0.99
Nippon India Nivesh Lakshya RegIDCW-R,–,-0.04,1.78,84.81,3.33,0.99
Axis Gilt Fund Dir IDCW-R,Average,-0.04,1.1,63.72,2.46,0.92
ICICI Pru Savings IDCW-R Othrs,Above Average,-0.04,3.46,16.74,0.66,1.31
Aditya BSL Liquid Dir IDCW-R,–,-0.04,1.47,73.56,0.23,2.53
Sundaram Focused Dir HY IDCW-R,Below Average,-0.04,0.87,91.28,13.24,0.74
ICICI Pru Smallcap Dir IDCW-R,Average,-0.04,0.74,90.67,15.46,0.92
Nippon India Nivesh Lakshya Reg Gr,–,-0.04,1.78,84.82,3.32,1
Axis Ultra Short Dur Fd Dir Mn IDCW-P,Average,-0.04,3.08,70.38,0.33,2.67
Axis Ultra Short Dur Fd Dir Mn IDCW-R,Average,-0.04,3.08,70.38,0.33,2.67
HDFC S/T Debt Ft IDCW-P,Below Average,-0.05,0.97,77.43,0.9,1.04
Aditya BSL Money Mgr Dir Gr,Low,-0.05,3.36,65.44,0.37,2.57
Sundaram Liquid Dir Gr,–,-0.05,1.41,69.78,0.23,2.44
Mirae Asset Liquid Dir Gr,–,-0.05,1.37,71.99,0.23,2.41
Axis Liquid Dir Mn IDCW-P,–,-0.05,1.46,78.04,0.23,2.54
Axis Liquid Dir Wk IDCW-P,–,-0.05,1.45,78.02,0.23,2.56
HSBC Liquid Dir Gr,–,-0.05,1.39,71.38,0.23,2.41
Axis Liquid Dir Gr,–,-0.05,1.45,78.05,0.23,2.55
Aditya BSL Liquid Dir Gr,–,-0.05,1.54,77.8,0.23,2.58
Mirae Asset Dynamic Bond Dir Gr,Below Average,-0.05,0.63,72.2,1.26,0.89
Bank of India Liquid Dir Wly IDCW-R,–,-0.05,1.39,86.77,0.22,2.66
HDFC S/T Debt Ft IDCW-R,Below Average,-0.05,0.97,77.43,0.9,1.04
Axis Liquid Dir Wk IDCW-R,–,-0.05,1.45,78.02,0.23,2.56
Axis Liquid Dir Mn IDCW-R,–,-0.05,1.46,78.04,0.23,2.54
TrustMF Banking & PSU Dir Gr,Below Average,-0.05,0.99,83.03,0.89,1.08
Sundaram Liquid Dir Principal Units-R,–,-0.05,1.4,69.8,0.23,2.44
JM Liquid Dir Gr,–,-0.06,1.11,77.85,0.21,2.33
SBI FMP Ser 43 1616D Reg Gr,–,-0.06,0.51,52.26,0.91,0.54
SBI FMP Ser 43 1616D Reg IDCW-P,–,-0.06,0.51,52.26,0.91,0.54
JM Liquid Dir Qt IDCW-P,–,-0.06,1.11,77.88,0.21,2.34
ICICI Pru Savings Gr,Average,-0.06,3.84,19.9,0.68,1.4
HSBC Flexi Cap IDCW-P,High,-0.06,1.23,78.54,20.11,0.69
Tata Large Cap IDCW-P,Above Average,-0.06,0.98,97.65,13.6,0.72
DSP Liquidity Dir Gr,–,-0.06,1.35,78.17,0.22,2.48
HSBC Liquid Dir Mn IDCW-P,–,-0.06,1.4,70.71,0.23,2.36
PGIM India Hyb Eq Gr Opt,Below Average,-0.06,0.9,84.22,9.46,0.73
JM Liquid Dir Qt IDCW-R,–,-0.06,1.11,77.88,0.21,2.34
Tata Large Cap IDCW-R,Above Average,-0.06,0.98,97.65,13.6,0.72
Kotak Bond Dir Qt IDCW-R,–,-0.06,1.07,84.74,3.51,–
HSBC Liquid Dir Mn IDCW-R,–,-0.06,1.4,70.71,0.23,2.36
HSBC Flexi Cap IDCW,High,-0.06,1.23,78.54,20.11,0.69
Baroda BNP P IndiaCnsmptnRegIDCW-R,–,-0.06,0.91,80.36,14.73,0.7
Baroda BNP P IndiaCnsmptnRegIDCW-P,–,-0.06,0.91,80.36,14.73,0.7
Mahindra Manulife Ultr ShrtDurDirDlIDCWR,High,-0.06,-3.59,0.98,2.76,-0.35
DSP Liquidity Dir Wk IDCW-P,–,-0.06,1.35,78.24,0.22,2.48
UTI Money Market Reg Wk IDCW-P,Below Average,-0.07,2.39,21.88,0.43,1.39
Mahindra Manu Liquid Dir Wk IDCW-R,–,-0.07,1.03,21.5,0.25,1.17
Mirae Asset Liquid Wk IDCW-R,–,-0.07,0.41,1.21,0.37,0.12
UTI Liquid Dir Ann IDCW-P,–,-0.07,1.42,76.47,0.22,2.36
UTI Liquid Dir Wk IDCW-R,–,-0.07,1.42,76.47,0.22,2.36
Franklin India Bank&PSU Dbt Dir Gr,Average,-0.07,1.14,91.61,0.95,1.12
UTI Liquid Dir Qt IDCW-P,–,-0.07,1.42,76.45,0.22,2.36
Axis Gilt Fund Dir HY IDCW-P,Average,-0.07,1.1,64.22,2.46,0.91
UTI Liquid Dir Gr,–,-0.07,1.42,76.47,0.22,2.36
Franklin India Dbt Hybd Qt IDCW-P,Below Average,-0.07,1.09,86.22,3.72,0.92
DSP Bond Fund Reg Mly IDCW-P,Above Average,-0.07,1.58,33.62,2.19,0.69
UTI Liquid Dir HY IDCW-P,–,-0.07,1.42,76.44,0.22,2.36
Mirae Asset Dynamic Bond Dir IDCW-P,Below Average,-0.07,0.63,72.2,1.26,0.87
ICICI Pru Gilt Dir Bns,–,-0.07,1.13,57.85,4.17,–
ICICI Pru Savings Dir Qt IDCW-P,Average,-0.07,3.93,20.69,0.68,1.43
Mirae Asset Dynamic Bond Dir IDCW-R,Below Average,-0.07,0.63,72.2,1.26,0.87
UTI Liquid Dir Qt IDCW-R,–,-0.07,1.42,76.45,0.22,2.36
DSP Bond Fund Reg Mly IDCW-R,Above Average,-0.07,1.58,33.62,2.19,0.69
UTI Money Market Reg Wk IDCW-R,Below Average,-0.07,2.39,21.88,0.43,1.39
Franklin India Dbt Hybd Qt IDCW-R,Below Average,-0.07,1.09,86.22,3.72,0.92
Axis Gilt Fund Dir HY IDCW-R,Average,-0.07,1.1,64.22,2.46,0.91
UTI Liquid Dir Fl IDCW-P,–,-0.07,1.42,76.45,0.22,2.36
UTI Liquid Dir HY IDCW-R,–,-0.07,1.42,76.44,0.22,2.36
UTI Liquid Dir Fl IDCW-R,–,-0.07,1.42,76.45,0.22,2.36
ICICI Pru Savings Dir Qt IDCW-R,Average,-0.07,3.93,20.69,0.68,1.43
Franklin India Liquid Unclmd Red Gr,–,-0.07,1.34,63.4,0.23,2.08
Franklin India Liquid Unclmd Div Gr,–,-0.07,1.34,63.4,0.23,2.08
DSP Savings Unclmd Red Upto 3 Yrs,–,-0.07,3.57,47.8,0.88,–
DSP Savings Unclmd Div Upto 3 Yrs,–,-0.07,3.57,47.81,0.88,–
TrustMF Liquid Dir Gr,–,-0.07,1.23,66.17,0.22,2.14
Sundaram Liquid Dir Qt IDCW-R,–,-0.07,1.42,71.84,0.23,2.3
Mahindra Manulife Ultr ShrtDurDirGr,Below Average,-0.07,2.62,69.29,0.3,2.49
Nippon India Low Duration Dir Dl IDCW-R,Average,-0.08,4.01,41.04,0.51,1.99
Aditya BSL Low Duration Dir Gr,Below Average,-0.08,3.97,55.46,0.43,2.29
Kotak Low Duration Dir IDCW-P,Average,-0.08,4.22,48.55,0.49,2.17
Invesco India Corp Bond Dir Ann IDCW-P,Below Average,-0.08,1.17,83.16,1.04,1.06
Kotak Savings Fund Dir Dl IDCW-R,–,-0.08,0.82,3.54,0.6,0.48
Canara Robeco Liquid Dir Wly IDCW-P,–,-0.08,1.47,80.6,0.23,2.36
Canara Robeco Liquid Dir IDCW-P,–,-0.08,1.47,80.52,0.23,2.36
Canara Robeco Liquid Dir Gr,–,-0.08,1.47,80.61,0.23,2.41
Franklin India Liquid Sup Inst Dir Gr,–,-0.08,1.43,76.08,0.22,2.29
Bandhan Liquid Dir Gr,–,-0.08,1.41,80.95,0.22,2.35
Aditya BSL Liquid DAP Gr,–,-0.08,1.88,66.62,0.27,2.26
Kotak Low Duration Dir Gr,Average,-0.08,4.22,48.55,0.49,2.17
Quant Liquid Dir Gr,–,-0.08,1.03,51.65,0.22,1.63
Mirae Asset Liquid Mn IDCW-P,–,-0.08,0.28,0.44,0.4,-0.03
Groww S/D Dir Ft IDCW-P,Average,-0.08,1.13,73.41,1.06,0.99
Canara Robeco Liquid Dir Mly IDCW-P,–,-0.08,1.47,80.61,0.23,2.36
Bandhan Liquid Dir Pd IDCW-P,–,-0.08,1.41,80.85,0.22,2.34
Groww S/D Dir Mn IDCW-P,Below Average,-0.08,1.13,73.81,1.06,0.99
DSP Ultra Short Dir Gr,Average,-0.08,2.9,56.17,0.36,2.23
Franklin India Liquid Instl Gr,–,-0.08,0.49,29.26,0.28,–
HSBC Credit Risk Dir IDCW-P,Above Average,-0.08,4.3,27.73,6.51,0.65
ICICI Pru Ultra Short Term Dir Gr,Average,-0.08,3.01,69.74,0.32,2.52
Groww S/D Dir Ft IDCW-R,Average,-0.08,1.13,73.41,1.06,0.99
Edelweiss Arbitrage Fund Reg Bn,–,-0.08,0.68,53.42,0.6,0.32
ICICI Pru Corporate Bond Bns,–,-0.08,0.9,89.23,1.38,–
HSBC Conservative Hybrid Qt IDCW-P,Above Average,-0.08,1.32,70.25,5.01,0.83
Canara Robeco Liquid Dir Mly IDCW-R,–,-0.08,1.47,80.61,0.23,2.36
HSBC Conservative Hybrid Qt IDCW-R,Above Average,-0.08,1.32,70.25,5.01,0.83
Canara Robeco Liquid Dir Wly IDCW-R,–,-0.08,1.47,80.6,0.23,2.36
HSBC Credit Risk Dir IDCW-R,Above Average,-0.08,4.3,27.73,6.51,0.65
Invesco India Corp Bond Dir Ann IDCW-R,Below Average,-0.08,1.17,83.16,1.04,1.06
Kotak Low Duration Dir IDCW-R,Average,-0.08,4.22,48.55,0.49,2.17
Groww S/D Dir Mn IDCW-R,Below Average,-0.08,1.13,73.81,1.06,0.99
Bandhan Liquid Dir Pd IDCW-R,–,-0.08,1.41,80.85,0.22,2.34
DSP Ultra Short Dir Wk IDCW-R,Average,-0.08,2.9,56.18,0.36,2.23
Mirae Asset Liquid Mn IDCW-R,–,-0.08,0.28,0.44,0.4,-0.03
SBI Floating Rate Debt Dir Gr,Below Average,-0.08,4.88,31.77,0.69,1.76
HSBC Ultra Short Duration Reg Dl IDCW-R,Average,-0.08,2.18,21.42,0.42,1.33
ITI Liquid Dir Wkly IDCW-R,–,-0.08,0.46,1.86,0.32,0.16
Edelweiss Overnight Reg Mn IDCW-R,–,-0.08,-2.32,21.73,0.45,-1.78
Edelweiss Overnight Reg Mn IDCW-P,–,-0.08,-2.32,21.73,0.45,-1.78
SBI Floating Rate Debt Dir Mn IDCW-R,Below Average,-0.08,4.88,31.82,0.68,1.77
SBI Floating Rate Debt Dir Qt IDCW-R,Below Average,-0.08,4.87,31.81,0.69,1.77
SBI Floating Rate Debt Dir Qt IDCW-P,Below Average,-0.08,4.87,31.81,0.69,1.77
Bandhan Liquid Unclmd Redem < 3 Yrs,–,-0.08,1.41,80.96,0.24,1.89
Motilal Oswal S&P 500 Index Dir Gr,–,-0.08,0.87,92.73,14.67,0.69
SBI Floating Rate Debt Dir Mn IDCW-P,Below Average,-0.08,4.88,31.82,0.68,1.77
DSP Ultra Short Dir Wk IDCW-P,Average,-0.08,2.9,56.18,0.36,2.23
Bandhan Liquid Unclmd Div < 3 Yrs,–,-0.08,1.41,80.96,0.24,1.89
Nippon India Liquid Dir Gr,–,-0.09,1.52,80.89,0.23,2.34
Axis Liquid Dir Dl IDCW-R,–,-0.09,0.69,1.9,0.41,0.22
Nippon India Liquid Dir Mn IDCW-P,–,-0.09,1.52,80.89,0.23,2.35
Nippon India Liquid Dir Qt IDCW-P,–,-0.09,1.52,80.92,0.23,2.34
JM Liquid Dir Dl IDCW-R,–,-0.09,1.06,47.74,0.21,1.55
Kotak Dynamic Bond Dir Qt IDCW-P,Average,-0.09,1.21,79.72,2.36,0.94
HSBC Credit Risk Reg Bns,Above Average,-0.09,4.52,27.77,6.84,0.65
Kotak Dynamic Bond Dir Gr,Average,-0.09,1.22,79.73,2.36,0.94
Nippon India Liquid Dir Wk IDCW-R,–,-0.09,1.52,80.89,0.23,2.35
Bank of India Liquid Reg Gr,–,-0.09,1.39,85,0.22,2.3
LIC MF Liquid Dir Gr,–,-0.09,1.38,77.63,0.23,2.21
Sundaram Ultra Shrt Dur Dir Gr,Average,-0.09,2.71,68.37,0.31,2.43
Aditya BSL Focused IDCW-P,Below Average,-0.09,0.88,96.24,13.09,0.76
Groww S/D Dir Gr,Below Average,-0.09,1.13,74.04,1.06,0.99
JM Liquid Dir Bns Princ,–,-0.09,0.98,75.52,0.34,0.9
Aditya BSL Focused IDCW-R,Below Average,-0.09,0.88,96.24,13.09,0.76
Kotak Dynamic Bond Dir Qt IDCW-R,Average,-0.09,1.21,79.72,2.36,0.94
Nippon India Liquid Dir Mn IDCW-R,–,-0.09,1.52,80.89,0.23,2.35
Nippon India Liquid Dir Qt IDCW-R,–,-0.09,1.52,80.92,0.23,2.34
Baroda BNP P Bkg &PSU Bd Dir Gr,Average,-0.09,1.29,71.12,1.24,0.98
Axis Retirement Dynamic Reg Gr,–,-0.09,1.23,86.73,12.64,0.74
Axis Retirement Dyn Reg IDCW-P,–,-0.09,1.23,86.74,12.63,0.74
Invesco India Liquid Dir Mn IDCW-P,–,-0.1,1.43,81.61,0.22,2.2
Nippon India Interval Yr I IDCW-P,–,-0.1,0.17,37.77,0.31,0.32
Kotak Emerging Equity Reg Gr,Average,-0.1,0.87,87.72,16.22,0.99
Invesco India Liquid Dir Gr,–,-0.1,1.42,81.28,0.22,2.22
UTI Money Market Dir Gr,Below Average,-0.1,3.41,63.59,0.37,2.36
HSBC Credit Risk Reg Gr,Above Average,-0.1,4.52,27.78,6.84,0.64
Nippon India Interval Yr I Gr,–,-0.1,0.17,37.92,0.31,0.33
HSBC Dynamic Bond Dir IDCW-P,Average,-0.1,0.94,69.77,1.94,0.86
Kotak Corporate Bond Reg Gr,Below Average,-0.1,1.15,80.72,1.04,1.02
Nippon India Interval Yr I IDCW-R,–,-0.1,0.17,37.77,0.31,0.32
Kotak Corporate Bond Reg Mn IDCW-P,Low,-0.1,1.15,80.67,1.04,1.02
Mahindra Manu Liquid Reg Gr,–,-0.1,1.22,79.33,0.21,2.05
Bank of India Liquid Reg Wly IDCW-R,–,-0.1,1.42,87.73,0.22,2.3
Kotak Emerging Equity Reg IDCW-P,Average,-0.1,0.87,87.73,16.23,0.99
UTI Money Market Dir HY IDCW-P,Below Average,-0.1,3.41,63.62,0.37,2.36
UTI Money Market Dir Ann IDCW-P,Below Average,-0.1,3.41,63.6,0.37,2.36
UTI Conservative Hybrid Reg Flex IDCW-P,Above Average,-0.1,1.22,88.63,4.11,0.93
Tata Liquid Dir Gr,–,-0.1,1.5,80.05,0.23,2.18
UTI Money Market Dir Mn IDCW-P,Average,-0.1,3.41,63.61,0.37,2.36
JM Liquid Wk IDCW-P,–,-0.1,0.87,12.91,0.27,0.67
Baroda BNP P Gilt Reg Gr,Below Average,-0.1,1.06,77.67,2.14,0.98
ICICI Pru Liquid Dir Pln IDCW-Others,–,-0.1,1.43,66.45,0.24,1.98
UTI Money Market Dir Qt IDCW-R,Below Average,-0.1,3.41,63.43,0.37,2.37
Kotak Corporate Bond Reg Mn IDCW-R,Low,-0.1,1.15,80.67,1.04,1.02
Invesco India Liquid Dir Mn IDCW-R,–,-0.1,1.43,81.61,0.22,2.2
JM Liquid Wk IDCW-R,–,-0.1,0.87,12.91,0.27,0.67
Kotak Emerging Equity Reg IDCW-R,Average,-0.1,0.87,87.73,16.23,0.99
UTI Money Market Dir Qt IDCW-P,Below Average,-0.1,3.41,63.43,0.37,2.37
Kotak Money Market Dir Wk IDCW-R,–,-0.1,0.73,5.98,0.47,–
UTI Money Market Dir Mn IDCW-R,Average,-0.1,3.41,63.61,0.37,2.36
UTI Money Market Dir HY IDCW-R,Below Average,-0.1,3.41,63.62,0.37,2.36
HSBC Dynamic Bond Dir IDCW-R,Average,-0.1,0.94,69.77,1.94,0.86
UTI Money Market Dir Ann IDCW-R,Below Average,-0.1,3.41,63.6,0.37,2.36
UTI Conservative Hybrid Reg Flex IDCW-R,Above Average,-0.1,1.22,88.63,4.11,0.93
Nippon India Nivesh Lakshya Dir QtIDCW-P,–,-0.1,1.83,85.24,3.4,0.98
Invesco India Liquid Unclmd Div < 3Yrs,–,-0.1,1.42,81.34,0.22,2.2
WhiteOak Capital Ultr S/D Dir Dl IDCW-R,Average,-0.1,2.41,25.42,0.41,1.42
Invesco India Liquid Unclmd Redem < 3Yrs,–,-0.1,1.42,81.43,0.22,2.21
Tata Floating Rate Dir Gr,Average,-0.1,5.02,21.09,0.85,1.42
Tata Floating Rate Dir Mn IDCW-P,Average,-0.1,5.02,21.09,0.85,1.42
Nippon India Nivesh Lakshya Dir QtIDCW-R,–,-0.1,1.83,85.24,3.4,0.98
Tata Floating Rate Dir Qt IDCW-P,Average,-0.1,5.02,21.09,0.85,1.42
ICICI Pru Liquid Dir Others IDCW-R,–,-0.1,1.43,66.45,0.24,1.98
Tata Floating Rate Dir Pd IDCW-R,Average,-0.1,5.02,21.09,0.85,1.42
Tata Floating Rate Dir Pd IDCW-P,Average,-0.1,5.02,21.09,0.85,1.42
Tata Floating Rate Dir Mn IDCW-R,Average,-0.1,5.02,21.09,0.85,1.42
Tata Floating Rate Dir Qt IDCW-R,Average,-0.1,5.02,21.09,0.85,1.42
UTI Money Market Dir Wk IDCW-P,Below Average,-0.11,3.29,50.73,0.4,2.08
Sundaram Long Term Tax Adv Ser II Reg Gr,–,-0.11,0.92,97.86,13.2,0.74
Canara Robeco Short Dur Dir Mly IDCW-P,Above Average,-0.11,1,38.62,1.28,0.69
Sundaram Liquid Dir Mn IDCW-P,–,-0.11,1.51,73.33,0.23,2.06
UTI MNC Dir IDCW-P,–,-0.11,0.84,85.01,13.36,0.62
HDFC Income Dir Gr,Average,-0.11,1.19,94.41,2.11,1.01
Bandhan Money Manager C Gr,–,-0.11,1.37,43.1,0.5,–
Canara Robeco ELSS Tax Saver Reg IDCW-P,Average,-0.11,0.9,93.36,13.26,0.72
UTI Liquid Dir Mn IDCW-P,–,-0.11,1.38,73.47,0.22,1.98
UTI MNC Dir Gr,–,-0.11,0.84,85.01,13.36,0.62
Baroda BNP P Liquid Dir Dl IDCW-R,–,-0.11,1.2,50.31,0.22,1.55
DSP 10Y G-Sec Reg Mly IDCW-R,Above Average,-0.11,0.78,55.89,3.18,0.78
DSP 10Y G-Sec Reg Mly IDCW-P,Above Average,-0.11,0.78,55.89,3.18,0.78
UTI Money Market Dir Wk IDCW-R,Below Average,-0.11,3.29,50.73,0.4,2.08
Sundaram Liquid Dir Mn IDCW-R,–,-0.11,1.51,73.33,0.23,2.06
UTI MNC Dir IDCW-R,–,-0.11,0.84,85.01,13.36,0.62
Canara Robeco Short Dur Dir Mly IDCW-R,Above Average,-0.11,1,38.62,1.28,0.69
Canara Robeco ELSS Tax Saver Reg IDCW-R,Average,-0.11,0.9,93.36,13.26,0.72
UTI Liquid Dir Mn IDCW-R,–,-0.11,1.38,73.47,0.22,1.98
UTI Nifty200 Momentum 30 Index Dir Gr,–,-0.11,1,99.99,19.29,0.72
Groww Aggressive Hybrid Dir Gr,Average,-0.11,1.08,94.67,10.61,0.77
Invesco India Overnight Dir Dl IDCW-R,–,-0.11,0.62,0.26,0.98,0.06
UTI Money Market Dir Fl IDCW-R,Below Average,-0.11,3.43,63.73,0.38,2.34
UTI Money Market Dir Fl IDCW-P,Below Average,-0.11,3.43,63.73,0.38,2.34
Tata Ultra Short Term Dir Wkly IDCW-P,Below Average,-0.11,2.22,30.3,0.38,1.48
Tata Ultra Short Term Dir Wkly IDCW-R,Below Average,-0.11,2.22,30.3,0.38,1.48
Invesco India PSU Equity IDCW-P,–,-0.12,0.96,92.59,22.77,1.17
LIC MF Banking & PSU Dir Gr,Below Average,-0.12,1.3,78.06,1.2,1
Nippon India Bnk& PSU Dbt Dir Qt IDCW-P,Average,-0.12,1.34,83.63,1.18,1.04
Mirae Asset Large & Midcap Gr,Average,-0.12,0.98,92.16,14.51,0.72
Nippon India Money Market Dir Gr,Low,-0.12,3.6,66.54,0.38,2.4
Bandhan Gov Sec-Constant MatRegPrdIDCW-P,Above Average,-0.12,0.82,91.77,2.57,1
Aditya BSL Savings Retl Dl IDCW-R,Above Average,-0.12,4.89,47.92,0.57,2.1
Baroda BNP P Liquid Reg Wly IDCW-P,–,-0.12,1.28,33.55,0.23,1.24
Invesco India Low Dur Dir Bns,–,-0.12,7.63,50.76,0.99,–
HDFC Floating Rate Debt Gr,Below Average,-0.12,5.17,34.49,0.68,1.79
360 ONE Liquid Dir Plan Wk IDCW-R,–,-0.12,0.61,9.15,0.24,0.23
360 ONE Liquid Dir Plan Wk IDCW-P,–,-0.12,0.61,9.15,0.24,0.23
Bandhan Gov Sec-Constant Mat Reg Gr,Average,-0.12,0.82,91.76,2.57,1
LIC MF Banking & PSU Dir Mn IDCW-P,Below Average,-0.12,1.3,78.07,1.2,1
ICICI Pru Liquid Dir Gr,–,-0.12,1.51,78.56,0.23,2.09
PGIM India Hyb Eq Mn IDCW-P,Low,-0.12,0.9,84.38,9.46,0.72
Bandhan Gov Sec-Constant MatRegPrdIDCW-R,Above Average,-0.12,0.82,91.77,2.57,1
PGIM India Hyb Eq Mn IDCW-R,Low,-0.12,0.9,84.38,9.46,0.72
LIC MF Banking & PSU Dir Wk IDCW-P,Below Average,-0.12,1.3,78.05,1.2,1
360 ONE Dynamic Bond Reg Bonus,Below Average,-0.12,0.9,76.05,1.81,0.88
DSP 10Y G-Sec Dir Gr,Average,-0.12,0.76,85.28,2.48,0.96
360 ONE Dynamic Bond Reg HY IDCW-P,Below Average,-0.12,0.9,76.05,1.81,0.88
Nippon India Money Market Dir Bns,Low,-0.12,3.6,66.54,0.38,2.4
360 ONE Dynamic Bond Reg Qt IDCW-P,Below Average,-0.12,0.9,76.04,1.81,0.88
360 ONE Dynamic Bond Reg Gr,Low,-0.12,0.9,76.04,1.81,0.88
360 ONE Dynamic Bond Reg Mn IDCW-P,Low,-0.12,0.9,76.04,1.81,0.88
Franklin India Dbt Hybd Mn IDCW-P,Below Average,-0.12,1.08,85.24,3.7,0.9
Franklin India Dbt Hybd Mn IDCW-R,Below Average,-0.12,1.08,85.24,3.7,0.9
Invesco India PSU Equity IDCW-R,–,-0.12,0.96,92.59,22.77,1.17
360 ONE Dynamic Bond Reg Qt IDCW-R,Below Average,-0.12,0.9,76.04,1.81,0.88
LIC MF Banking & PSU Dir Wk IDCW-R,Below Average,-0.12,1.3,78.05,1.2,1
Baroda BNP P Liquid Reg Wly IDCW-R,–,-0.12,1.28,33.55,0.23,1.24
LIC MF Banking & PSU Dir Mn IDCW-R,Below Average,-0.12,1.3,78.07,1.2,1
Nippon India Bnk& PSU Dbt Dir Qt IDCW-R,Average,-0.12,1.34,83.63,1.18,1.04
360 ONE Dynamic Bond Reg Mn IDCW-R,Low,-0.12,0.9,76.04,1.81,0.88
360 ONE Dynamic Bond Reg HY IDCW-R,Below Average,-0.12,0.9,76.05,1.81,0.88
SBI Equity Minimum Variance Dir Gr,–,-0.12,1.02,89.38,14.22,0.63
SBI Equity Minimum Variance Dir IDCW-P,–,-0.12,1.02,89.38,14.22,0.63
SBI Equity Minimum Variance Dir IDCW-R,–,-0.12,1.02,89.38,14.22,0.63
Baroda BNP P Bkg &PSUBdDirMnIDCW-P,Average,-0.12,1.29,71.12,1.23,0.95
Baroda BNP P Bkg &PSUBdDirMnIDCW-R,Average,-0.12,1.29,71.12,1.23,0.95
Edelweiss Liquid Unclmd Div Upto 3 Yrs,–,-0.12,0.96,55.12,0.48,–
Edelweiss Liquid Unclmd Red Upto 3 Yrs,–,-0.12,0.96,55.11,0.48,–
Mirae Asset Ultra Short Dur Dir IDCW-R,Below Average,-0.12,2.93,73.02,0.33,2.39
Mirae Asset Ultra Short Dur Dir IDCW-P,Below Average,-0.12,2.93,73.02,0.33,2.39
Mirae Asset Ultra Short Dur Dir Gr,Below Average,-0.12,2.92,72.82,0.33,2.42
SBI Liquid Dir Fr IDCW-P,–,-0.13,1.45,81.51,0.22,2.01
Axis Liquid Wk IDCW-P,–,-0.13,1.49,76.98,0.23,1.93
PGIM India Liquid Wk IDCW-P,–,-0.13,1.23,11.09,0.34,0.65
Sundaram Ultra Shrt Dur Dir Mn IDCW-P,Average,-0.13,2.71,68.17,0.31,2.27
Axis Liquid Gr,–,-0.13,1.45,75.85,0.23,1.92
UTI Ultra Short Duration Dir Dl IDCW-P,Average,-0.13,2.77,66.84,0.32,2.24
HSBC Aggressive Hybrid Gr,Above Average,-0.13,1.21,76.42,13.32,0.69
Union Liquid Gr,–,-0.13,1.35,80.36,0.22,1.89
Union Liquid Fr IDCW-P,–,-0.13,1.34,80.24,0.22,1.9
HDFC Low Duration Dir Dl IDCW-R,Average,-0.13,4.11,42.16,0.51,1.91
UTI Ultra Short Duration Dir Gr,Above Average,-0.13,2.77,66.84,0.32,2.24
HSBC Liquid Dir Dl IDCW-R,–,-0.13,1.25,43.19,0.23,1.31
UTI Ultra Short Duration Dir Ann IDCW-P,Above Average,-0.13,2.77,66.84,0.32,2.24
Axis Liquid Mn IDCW-P,–,-0.13,1.45,75.87,0.23,1.91
SBI Liquid Dir Gr,–,-0.13,1.45,81.5,0.22,2.01
UTI Ultra Short Duration Dir Flexi IDCWP,Above Average,-0.13,2.77,66.84,0.32,2.24
HDFC Low Duration Dir Gr,Average,-0.13,4.38,49.57,0.5,2.09
Invesco India Liquid Bonus,–,-0.13,1.43,81.22,0.22,1.95
SBI Liquid Dir Wk IDCW-P,–,-0.13,1.45,81.49,0.22,2
HSBC Midcap IDCW-P,Average,-0.13,0.91,85.18,17.22,0.97
UTI Ultra Short Duration Dir Qt IDCW-P,Above Average,-0.13,2.77,66.84,0.32,2.24
Baroda BNP P Corp Bond Dir Ann IDCW-P,Above Average,-0.13,1.31,66.87,1.29,0.92
Edelweiss Arbitrage Fund Reg IDCW-P,–,-0.13,0.61,55.27,0.55,0.2
Edelweiss Arbitrage Fund Reg Mn IDCW-P,–,-0.13,0.61,55.33,0.55,0.2
Edelweiss Arbitrage Fund Reg Gr,–,-0.13,0.61,55.29,0.55,0.2
SBI Liquid Dir Fr IDCW-R,–,-0.13,1.45,81.51,0.22,2.01
UTI Ultra Short Duration Dir Dl IDCW-R,Average,-0.13,2.77,66.84,0.32,2.24
Union Liquid Fr IDCW-R,–,-0.13,1.34,80.24,0.22,1.9
Sundaram Ultra Shrt Dur Dir Mn IDCW-R,Average,-0.13,2.71,68.17,0.31,2.27
SBI Liquid Dir Wk IDCW-R,–,-0.13,1.45,81.49,0.22,2
UTI Ultra Short Duration Dir Flexi IDCWR,Above Average,-0.13,2.77,66.84,0.32,2.24
Nippon India Nivesh Lakshya Reg MnIDCW-P,–,-0.13,1.77,84.79,3.29,0.97
HSBC Midcap IDCW-R,Average,-0.13,0.91,85.18,17.22,0.97
Baroda BNP P Corp Bond Dir Ann IDCW-R,Above Average,-0.13,1.31,66.87,1.29,0.92
UTI Ultra Short Duration Dir Qt IDCW-R,Above Average,-0.13,2.77,66.84,0.32,2.24
Axis Liquid Wk IDCW-R,–,-0.13,1.49,76.98,0.23,1.93
Edelweiss Arbitrage Fund Reg IDCW-R,–,-0.13,0.61,55.27,0.55,0.2
Axis Liquid Mn IDCW-R,–,-0.13,1.45,75.87,0.23,1.91
Edelweiss Arbitrage Fund Reg Mn IDCW-R,–,-0.13,0.61,55.33,0.55,0.2
UTI Ultra Short Duration Dir Ann IDCW-R,Above Average,-0.13,2.77,66.84,0.32,2.24
PGIM India Liquid Wk IDCW-R,–,-0.13,1.23,11.09,0.34,0.65
Groww Aggressive Hybrid Dir IDCW-P,Average,-0.13,1.08,94.68,10.62,0.76
Mirae Asset Banking & PSU Dir Gr,Average,-0.13,1.22,76.61,1.13,0.98
Groww Aggressive Hybrid Dir IDCW-R,Average,-0.13,1.08,94.68,10.62,0.76
Kotak Floating Rate Dir Mn IDCW-P,Average,-0.13,5.98,37.91,0.75,1.9
Quant Liquid Unclmd Redem Inv Edu Gr,–,-0.13,1.09,50.7,0.24,1.26
Kotak Floating Rate Dir Mn IDCW-R,Average,-0.13,5.98,37.91,0.75,1.9
Kotak Floating Rate Dir Gr,Above Average,-0.13,5.98,37.91,0.75,1.9
UTI Ultra Short Duration Dir HY IDCW-R,Above Average,-0.13,2.77,66.84,0.32,2.24
UTI Ultra Short Duration Dir HY IDCW,Above Average,-0.13,2.77,66.84,0.32,2.24
Quant Liquid Unclmd Div Inv Edu Gr,–,-0.13,1.09,50.62,0.24,1.26
Nippon India Nivesh Lakshya Reg MnIDCW-R,–,-0.13,1.77,84.79,3.29,0.97
Quant Liquid Unclmd Div Gr,–,-0.13,1.09,51.13,0.23,1.25
Kotak Liquid Dir Gr,–,-0.14,1.57,75.16,0.24,1.93
Canara Robeco Liquid Reg Wly IDCW-P,–,-0.14,1.46,81.33,0.22,1.89
HDFC Liquid Dir Gr,–,-0.14,1.54,80.6,0.23,1.95
UTI Medium Duration Dir HY IDCW-P,Average,-0.14,1.39,83.01,1.22,1.02
Mirae Asset Low Duration Dir Mn IDCW-P,Average,-0.14,2.6,16.61,0.54,1.08
Canara Robeco Liquid Reg Mly IDCW-P,–,-0.14,1.46,81.33,0.22,1.89
UTI Medium Duration Dir Gr,Average,-0.14,1.39,83.08,1.23,1.02
Franklin India Floating Rate Dir Gr,Below Average,-0.14,7.58,47.2,0.86,2.14
Canara Robeco Liquid Reg Gr,–,-0.14,1.46,81.33,0.22,1.89
UTI Medium Duration Dir Qt IDCW-P,Average,-0.14,1.39,83.02,1.22,1.02
Groww Liquid Fund Dir Gr,–,-0.14,1.28,48.98,0.24,1.35
UTI Dynamic Bond Dir Ann IDCW-P,Above Average,-0.14,0.83,73.7,1.69,0.85
Baroda BNP P Liquid Gr,–,-0.14,1.29,77.57,0.21,1.72
Groww Liquid Fund Dir Wk IDCW-P,–,-0.14,1.28,48.89,0.24,1.34
Baroda BNP P Liquid IDCW-P,–,-0.14,1.29,77.49,0.21,1.73
Bandhan Credit Risk Dir Ann IDCW-P,Below Average,-0.14,0.84,71.78,0.79,0.88
SBI Magnum Medium Dur Reg Gr,Below Average,-0.14,1.34,87.21,1.16,1.04
Groww Liquid Fund Dir Mn IDCW-P,–,-0.14,1.28,48.98,0.24,1.35
Bandhan Credit Risk Dir Ann IDCW-R,Below Average,-0.14,0.84,71.78,0.79,0.88
Aditya BSL Money Mgr Retl Dl IDCW-R,Average,-0.14,3.31,60.38,0.37,2.18
HDFC Gilt Dir Gr,Average,-0.14,1.04,79.29,2.09,0.97
Kotak Banking & PSU Debt Reg Gr,Average,-0.14,1.15,73.93,1.07,0.94
SBI Magnum Medium Dur Reg IDCW-P,Below Average,-0.14,1.34,87.18,1.16,1.04
Aditya BSL Corporate Bond Dir IDCW-P,Average,-0.14,1.18,68.61,1.15,0.91
ICICI Pru Bond Dir Mn IDCW-P,Above Average,-0.14,1.59,62.68,3.43,0.82
ICICI Pru Bond Dir Mn IDCW-R,Above Average,-0.14,1.59,62.68,3.43,0.82
Baroda BNP P Liquid IDCW-R,–,-0.14,1.29,77.49,0.21,1.73
Aditya BSL Corporate Bond Dir IDCW-R,Average,-0.14,1.18,68.61,1.15,0.91
UTI Dynamic Bond Dir Ann IDCW-R,Above Average,-0.14,0.83,73.7,1.69,0.85
Canara Robeco Liquid Reg Mly IDCW-R,–,-0.14,1.46,81.33,0.22,1.89
Mirae Asset Low Duration Dir Mn IDCW-R,Average,-0.14,2.6,16.61,0.54,1.08
UTI Medium Duration Dir HY IDCW-R,Average,-0.14,1.39,83.01,1.22,1.02
Canara Robeco Liquid Reg Wly IDCW-R,–,-0.14,1.46,81.33,0.22,1.89
SBI Magnum Medium Dur Reg IDCW-R,Below Average,-0.14,1.34,87.18,1.16,1.04
Groww Liquid Fund Dir Wk IDCW-R,–,-0.14,1.28,48.89,0.24,1.34
UTI Medium Duration Dir Qt IDCW-R,Average,-0.14,1.39,83.02,1.22,1.02
Baroda BNP P Ultra S/D Reg Gr,Below Average,-0.14,2.38,56.97,0.28,1.96
Groww Liquid Fund Dir Mn IDCW-R,–,-0.14,1.28,48.98,0.24,1.35
Axis Money Market Dir Ann IDCW-R,Low,-0.14,3.28,68.94,0.34,2.33
Axis Money Market Dir Ann IDCW-P,Low,-0.14,3.28,68.94,0.34,2.33
Mirae Asset Banking & PSU DirIDCW-R,Average,-0.14,1.22,76.6,1.13,0.96
Axis Money Market Dir Gr,Below Average,-0.14,3.72,68.41,0.39,2.36
Mirae Asset Banking & PSU DirIDCW-P,Average,-0.14,1.22,76.6,1.13,0.96
Groww Aggressive Hybrid Dir Mn IDCW-P,Average,-0.14,1.08,94.68,10.62,0.76
Groww Aggressive Hybrid Dir Qt IDCW-P,Average,-0.14,1.08,94.68,10.62,0.76
Groww Aggressive Hybrid Dir HY IDCW-R,Average,-0.14,1.08,94.68,10.62,0.76
PGIM India Money Market Dir Wk IDCW-R,Above Average,-0.14,2.97,23.36,0.49,1.33
Mirae Ast Nifty 100 ESG Sect LdrsFOFRgGr,Below Average,-0.14,0.91,94.61,13.38,0.57
Mirae Ast Nifty 100ESGSectLdrsFOFRgIDCWR,Below Average,-0.14,0.91,94.61,13.38,0.57
Mirae Ast Nifty 100ESGSectLdrsFOFRgIDCWP,Below Average,-0.14,0.91,94.61,13.38,0.57
Groww Aggressive Hybrid Dir Mn IDCW-R,Average,-0.14,1.08,94.68,10.62,0.76
Nippon India Nivesh Lakshya DirAnnIDCW-P,–,-0.14,1.72,80.3,3.28,0.94
Nippon India Nivesh Lakshya DirAnnIDCW-R,–,-0.14,1.72,80.3,3.28,0.94
Groww Aggressive Hybrid Dir Qt IDCW-R,Average,-0.14,1.08,94.68,10.62,0.76
Groww Aggressive Hybrid Dir HY IDCW-P,Average,-0.14,1.08,94.68,10.62,0.76
Mirae Asset Low Duration Dir Wk IDCW-R,Average,-0.15,2.68,18.32,0.53,1.13
Aditya BSL FRF Dir Dl IDCW-R,Below Average,-0.15,4.33,47.35,0.5,2
Baroda BNP P Liquid Reg Gr,–,-0.15,1.31,78.82,0.21,1.62
PGIM India Liquid Reg Gr,–,-0.15,1.32,70.71,0.22,1.58
UTI Ultra Short Duration Dir Mn IDCW-P,Above Average,-0.15,2.78,66.84,0.32,2.15
Bandhan Money Manager Dir Mn IDCW-P,Above Average,-0.15,3.23,17.95,0.61,1.17
Invesco India UShrtDur Dir Dl IDCW-R,Below Average,-0.15,2.87,69.07,0.32,2.2
Invesco India UShrtDur Dir Ann IDCW-P,Average,-0.15,2.87,69.08,0.32,2.21
Bandhan Liquid Reg Mn IDCW-P,–,-0.15,1.06,2.99,0.5,0.25
Franklin India Liquid Super Instl Gr,–,-0.15,1.43,76.04,0.22,1.72
Invesco India UShrtDur Dir Mn IDCW-P,Below Average,-0.15,2.87,69.07,0.32,2.2
DSP Strategic Bd Dir Mn IDCW-P,Above Average,-0.15,1.46,34.27,4.31,0.61
HSBC Liquid Gr,–,-0.15,1.39,71.74,0.23,1.63
Kotak Money Market Reg Wk IDCW-R,–,-0.15,0.4,1.6,0.46,–
Kotak Banking & PSU Debt Reg Mn IDCW-P,Average,-0.15,1.15,73.91,1.07,0.94
Kotak Banking & PSU Debt Reg Mn IDCW-R,Average,-0.15,1.15,73.91,1.07,0.94
DSP Strategic Bd Dir Mn IDCW-R,Above Average,-0.15,1.46,34.27,4.31,0.61
Invesco India UShrtDur Dir Mn IDCW-R,Below Average,-0.15,2.87,69.07,0.32,2.2
Bandhan Liquid Reg Mn IDCW-R,–,-0.15,1.06,2.99,0.5,0.25
Invesco India UShrtDur Dir Ann IDCW-R,Average,-0.15,2.87,69.08,0.32,2.21
UTI Ultra Short Duration Dir Mn IDCW-R,Above Average,-0.15,2.78,66.84,0.32,2.15
Baroda BNP P Ultra Shrt Dur Reg ICDW,Below Average,-0.15,2.32,54.59,0.28,1.84
Bandhan Money Manager Dir Mn IDCW-R,Above Average,-0.15,3.23,17.95,0.61,1.17
Aditya BSL Nifty 50 EW Index Reg Gr,–,-0.15,1,99.95,14.76,0.75
Aditya BSL Nifty 50 EW Index Reg IDCW-P,–,-0.15,1,99.95,14.76,0.75
Aditya BSL Nifty 50 EW Index Reg IDCW-R,–,-0.15,1,99.95,14.76,0.75
Axis Money Market Dir Qt IDCW-R,Above Average,-0.15,3.72,68.85,0.39,2.35
Axis Money Market Dir Mn IDCW-R,Below Average,-0.15,3.73,68.5,0.39,2.34
Axis Quant Dir IDCW-P,–,-0.15,0.98,88.49,14.77,0.7
Axis Money Market Dir Qt IDCW-P,Above Average,-0.15,3.72,68.85,0.39,2.35
Axis Money Market Dir Mn IDCW-P,Below Average,-0.15,3.73,68.5,0.39,2.34
Axis Quant Dir IDCW-R,–,-0.15,0.98,88.49,14.77,0.7
Kotak Nifty Next 50 Index Dir IDCW-R,–,-0.15,0.99,99.99,19.44,0.72
Kotak Nifty Next 50 Index Dir IDCW-P,–,-0.15,0.99,99.99,19.44,0.72
Kotak Nifty Next 50 Index Dir Gr,–,-0.15,0.99,99.99,19.44,0.72
ICICI Pru Liquid Unclmd Div,–,-0.15,0.96,52.91,0.48,–
ICICI Pru Liquid Unclmd Redem,–,-0.15,0.96,52.91,0.48,–
Franklin India Liquid SI Dir Dl IDCW-R,–,-0.16,1.21,43.44,0.22,1.09
HDFC Money Market Dir Gr,Average,-0.16,3.62,66.57,0.38,2.26
Canara Robeco Liquid Reg Dl IDCW-R,–,-0.16,1.39,70.24,0.22,1.52
Invesco India UShrtDur Dir Gr,Below Average,-0.16,2.87,69.12,0.32,2.2
ICICI Pru Floating Interest Wk IDCW-P,Average,-0.16,3.84,7.99,1.04,0.8
UTI Liquid Reg Ann IDCW-P,–,-0.16,1.43,76.42,0.22,1.64
UTI Liquid Reg Qt IDCW-P,–,-0.16,1.43,76.4,0.22,1.64
Mirae Asset Liquid Gr,–,-0.16,1.36,72.46,0.23,1.57
DSP Reg Sav Dir Qt IDCW-P,Above Average,-0.16,1.02,49.33,4.64,0.68
HSBC Short Duration Dir Qt IDCW-P,Average,-0.16,1.14,84.8,1,0.99
HSBC Medium Duration Reg Gr,Average,-0.16,1.37,81.02,1.23,1
UTI Liquid Reg Wk IDCW-R,–,-0.16,1.14,12.31,0.32,0.53
JM Liquid Qt IDCW-P,–,-0.16,1.11,77.94,0.21,1.29
JM Liquid Bns Princ,–,-0.16,1.11,77.91,0.21,1.28
ICICI Pru Short Term Mn IDCW-P,Above Average,-0.16,1.53,45.54,1.78,0.75
JM Liquid Gr,–,-0.16,1.11,77.99,0.21,1.29
ICICI Pru FMCG Gr,–,-0.16,0.84,95.88,13.18,0.41
HSBC Liquid Mn IDCW-P,–,-0.16,1.4,71.09,0.23,1.59
Baroda BNP P Low Dur Dir Wk IDCW-P,Below Average,-0.16,3.74,50.68,0.43,1.98
DSP Liquidity Reg Gr,–,-0.16,1.36,78.66,0.22,1.65
Aditya BSL Corporate Bond Reg Mn IDCW-P,Average,-0.16,1.23,72.2,1.16,0.92
UTI Liquid Reg Gr,–,-0.16,1.43,76.44,0.22,1.64
PGIM India Ultra S/D Dr Pl Gr,Below Average,-0.16,2.44,67.34,0.29,2.02
HDFC Liquid Dir Mn IDCW-P,–,-0.16,1.56,4.13,0.62,0.42
Axis Short Duration Bns,–,-0.16,0.92,91.82,1.39,–
Nippon India Gilt Sec Reg Bns,–,-0.16,1.77,86.64,5.15,–
Baroda BNP P Low Dur Dir Gr,Below Average,-0.16,3.72,54.81,0.41,2.09
LIC MF Banking & PSU Dir Dl IDCW-P,Below Average,-0.16,1.3,77.64,1.2,0.96
UTI Liquid Reg Ann IDCW-R,–,-0.16,1.43,76.42,0.22,1.64
DSP Reg Sav Dir Qt IDCW-R,Above Average,-0.16,1.02,49.33,4.64,0.68
JM Liquid Qt IDCW-R,–,-0.16,1.11,77.94,0.21,1.29
HDFC Liquid Dir Mn IDCW-R,–,-0.16,1.56,4.13,0.62,0.42
ICICI Pru Floating Interest Wk IDCW-R,Average,-0.16,3.84,7.99,1.04,0.8
Aditya BSL Corporate Bond Reg Mn IDCW-R,Average,-0.16,1.23,72.2,1.16,0.92
ICICI Pru Short Term Mn IDCW-R,Above Average,-0.16,1.53,45.54,1.78,0.75
Baroda BNP P Low Dur Dir Wk IDCW-R,Below Average,-0.16,3.74,50.68,0.43,1.98
UTI Liquid Reg Qt IDCW-R,–,-0.16,1.43,76.4,0.22,1.64
UTI Liquid Reg Fl IDCW-R,–,-0.16,1.43,76.42,0.22,1.64
UTI Liquid Reg Fl IDCW-P,–,-0.16,1.43,76.42,0.22,1.64
LIC MF Banking & PSU Dir Dl IDCW-R,Below Average,-0.16,1.3,77.64,1.2,0.96
HSBC Short Duration Dir Qt IDCW-R,Average,-0.16,1.14,84.8,1,0.99
HSBC Liquid Mn IDCW-R,–,-0.16,1.4,71.09,0.23,1.59
Bandhan Ultra Short Term Reg Mn IDCW-R,Above Average,-0.16,-2.52,5.29,0.88,-0.97
Bandhan Ultra Short Term Reg Mn IDCW-P,Above Average,-0.16,-2.52,5.29,0.88,-0.97
Axis Quant Dir Gr,–,-0.16,0.98,88.52,14.79,0.7
HSBC Ultra S/D Gr Dir,Below Average,-0.16,2.81,71.25,0.31,2.21
UTI Liquid Reg HY IDCW-R,–,-0.16,1.43,76.4,0.22,1.63
UTI Liquid Reg HY IDCW-P,–,-0.16,1.43,76.4,0.22,1.63
Invesco India Liquid Mn IDCW-P,–,-0.17,1.44,81.11,0.23,1.64
Invesco India Liquid Gr,–,-0.17,1.44,81.1,0.23,1.64
HSBC Money Market Dir Wk IDCW-R,Average,-0.17,2.08,14.23,0.47,0.86
Mirae Asset Liquid Dl IDCW-R,–,-0.17,1.2,63.04,0.22,1.15
Sundaram Long Term Tax Adv Ser II RgIDCW,–,-0.17,0.91,97.9,13.15,0.74
Mahindra Manu Liquid Reg Wk IDCW-R,–,-0.17,1.05,22.29,0.25,0.58
Invesco India Liquid Wk IDCW-R,–,-0.17,1.44,81.11,0.23,1.65
Aditya BSL Liquid Reg IDCW-P,–,-0.17,1.53,77.55,0.23,1.65
Aditya BSL Money Mgr Retl Gr,Low,-0.17,3.35,65.48,0.36,2.18
Aditya BSL Savings Dir Dl IDCW-R,Average,-0.17,2.91,50.67,0.35,1.84
ICICI Pru Savings Qt IDCW-P,Average,-0.17,3.89,20.42,0.67,1.25
Aditya BSL Money Mgr Reg Gr,Low,-0.17,3.36,65.49,0.36,2.18
SBI Dynamic Bond Reg Gr,Average,-0.17,1.05,68.76,2.17,0.83
Bandhan Money Manager Dir Prdic IDCW-P,Average,-0.17,3.62,66.14,0.39,2.22
Baroda BNP P Low Dur Dir Dl IDCW-R,Below Average,-0.17,3.67,53.04,0.41,1.99
360 ONE Liquid Dir Gr,–,-0.17,1.12,66,0.21,1.14
JM Liquid Sup Instl Gr,–,-0.17,1.13,77.49,0.21,1.24
Canara Robeco Liquid Dir Dl IDCW-R,–,-0.17,0.9,4.59,0.35,0.19
Bandhan Money Manager Dir Prdic IDCW-R,Average,-0.17,3.62,66.14,0.39,2.22
SBI Dynamic Bond Reg IDCW-P,Average,-0.17,1.05,68.76,2.17,0.83
Invesco India Liquid Mn IDCW-R,–,-0.17,1.44,81.11,0.23,1.64
Parag Parikh Liquid Dir Mn IDCW-P,–,-0.17,-0.22,0.43,0.33,-0.9
Parag Parikh Liquid Dir Mn IDCW-R,–,-0.17,-0.22,0.43,0.33,-0.9
Aditya BSL Liquid Reg IDCW-R,–,-0.17,1.53,77.55,0.23,1.65
HSBC Money Market Dir Wk IDCW-P,Average,-0.17,2.08,14.23,0.47,0.86
SBI Dynamic Bond Reg IDCW-R,Average,-0.17,1.05,68.76,2.17,0.83
ICICI Pru Savings Qt IDCW-R,Average,-0.17,3.89,20.42,0.67,1.25
Baroda BNP P Low Dur Dir Dl IDCW-P,Below Average,-0.17,3.67,53.04,0.41,1.99
TrustMF Short Duration Dir Gr,Average,-0.17,1.19,88.59,1.02,1
Baroda BNP P Bkg &PSUBdDirQtIDCW-P,Average,-0.17,1.29,71.11,1.24,0.91
Baroda BNP P Bkg &PSUBdDirQtIDCW-R,Average,-0.17,1.29,71.11,1.24,0.91
HSBC Aggressive Hybrid IDCW-P,Above Average,-0.18,1.21,76.41,13.32,0.68
UTI Medium Duration Dir Ann IDCW-P,Average,-0.18,1.38,82.41,1.22,0.99
Nippon India Income Dir Ann IDCW-P,Average,-0.18,1.01,77.87,1.97,0.87
UTI Medium Duration Dir Mt IDCW-P,Average,-0.18,1.39,82.97,1.23,0.99
Invesco Ind Bnk & PSU Dir Gr,Above Average,-0.18,1.4,81.57,1.26,0.98
Franklin India Corp Dbt Dir HY IDCW-P,Average,-0.18,1.42,67.35,1.38,0.9
UTI Money Market Reg HY IDCW-P,Below Average,-0.18,3.39,63.2,0.37,2.13
Bandhan Nifty 50 Index Dir IDCW-P,–,-0.18,1,100,13.14,0.66
ICICI Pru Bond Instl Gr,–,-0.18,0.78,89.79,2.6,–
Canara Robeco Gilt Dir IDCW-P,High,-0.18,1.04,16.35,4.55,0.43
ICICI Pru Liquid Dir Dl IDCW-R,–,-0.18,1.16,23.8,0.26,0.64
Bandhan Nifty 50 Index Dir Gr,–,-0.18,1,100,13.14,0.66
UTI Money Market Reg Gr,Below Average,-0.18,3.39,63.13,0.37,2.13
Aditya BSL Liquid Retl Gr,–,-0.18,1.54,77.93,0.23,1.64
UTI Money Market Reg Ann IDCW-P,Below Average,-0.18,3.39,63.13,0.37,2.13
Aditya BSL Liquid Reg Gr,–,-0.18,1.54,77.93,0.23,1.64
Sundaram Liquid Gr,–,-0.18,1.35,71.15,0.22,1.4
Mahindra Manu Low Duration Dir Gr,Low,-0.18,4.01,65.12,0.42,2.23
Aditya BSL Liquid Instl Gr,–,-0.18,1.54,77.94,0.23,1.64
ICICI Pru Ultra Short Term Dir Qt IDCW-P,Average,-0.18,3.05,71.74,0.32,2.17
UTI Money Market Dir Dl IDCW-R,Below Average,-0.18,3.44,62.17,0.38,2.1
Canara Robeco Gilt Dir IDCW-R,High,-0.18,1.04,16.35,4.55,0.43
Bandhan Nifty 50 Index Dir IDCW-R,–,-0.18,1,100,13.14,0.66
UTI Money Market Reg Ann IDCW-R,Below Average,-0.18,3.39,63.13,0.37,2.13
ICICI Pru Ultra Short Term Dir Qt IDCW-R,Average,-0.18,3.05,71.74,0.32,2.17
Franklin India Corp Dbt Dir HY IDCW-R,Average,-0.18,1.42,67.35,1.38,0.9
UTI Medium Duration Dir Mt IDCW-R,Average,-0.18,1.39,82.97,1.23,0.99
HSBC Aggressive Hybrid IDCW-R,Above Average,-0.18,1.21,76.41,13.32,0.68
UTI Medium Duration Dir Ann IDCW-R,Average,-0.18,1.38,82.41,1.22,0.99
Nippon India Income Dir Ann IDCW-R,Average,-0.18,1.01,77.87,1.97,0.87
UTI Money Market Reg HY IDCW-R,Below Average,-0.18,3.39,63.2,0.37,2.13
Invesco India Medium Dur Dir Dis IDCW-R,Average,-0.18,1.68,87.44,1.44,1.04
Invesco India Medium Dur Dir Gr,Average,-0.18,1.68,87.42,1.44,1.04
Invesco India Medium Dur Dir Dis IDCW-P,Average,-0.18,1.68,87.44,1.44,1.04
Mahindra Manulife Dyn Bd Dir Gr,Below Average,-0.18,1.12,87.66,2.06,0.93
Bank of India Overnight Unc Red Up to 3Y,–,-0.18,0.03,0.84,0.16,-6.48
Motilal Oswal Nifty 50 Index Dir Gr,–,-0.18,1,100,13.14,0.66
Sundaram Liquid Reg Principal Units-R,–,-0.18,1.35,71.16,0.22,1.4
SBI Savings Dir Dl IDCW-R,Below Average,-0.19,3.6,69.13,0.37,2.22
SBI Savings Dir Gr,Below Average,-0.19,3.6,69.04,0.37,2.22
Bandhan Corporate Bond Dir Ann IDCW-P,Below Average,-0.19,0.89,65.48,0.88,0.8
ICICI Pru Money Market Dir Gr,Below Average,-0.19,3.67,65.49,0.39,2.18
SBI Savings Dir IDCW-P,Average,-0.19,3.6,69.04,0.37,2.22
Baroda BNP P Corp Bond Qt IDCW-P,Above Average,-0.19,1.38,73.11,1.3,0.92
Sundaram Banking & PSU Dir Gr,Below Average,-0.19,1.2,83.4,1.06,0.96
Aditya BSL Money Mgr Dir Dl IDCW-R,Below Average,-0.19,3.16,58.13,0.35,1.96
Aditya BSL Short Term Reg Gr,Average,-0.19,1.1,83.89,0.96,0.94
Sundaram Banking & PSU Dir Bns,Below Average,-0.19,1.2,83.39,1.06,0.96
ICICI Pru Money Market Dir IDCW-P Othrs,Average,-0.19,3.66,65.49,0.39,2.18
ICICI Pru Const Mat Gilt Qt IDCW-P,Above Average,-0.19,0.79,88.37,2.54,0.95
ICICI Pru Liquid Oth IDCW-P,–,-0.19,1.43,66.67,0.24,1.31
Bandhan Corporate Bond Dir Ann IDCW-R,Below Average,-0.19,0.89,65.48,0.88,0.8
JM Liquid Dl IDCW-R,–,-0.19,1.06,48.38,0.21,0.7
ICICI Pru Const Mat Gilt Qt IDCW-R,Above Average,-0.19,0.79,88.37,2.54,0.95
ICICI Pru Liquid Oth IDCW-R,–,-0.19,1.43,66.67,0.24,1.31
ICICI Pru Money Market Dir IDCW-R Othrs,Average,-0.19,3.66,65.49,0.39,2.18
SBI Savings Dir IDCW-R,Average,-0.19,3.6,69.04,0.37,2.22
Baroda BNP P Corp Bond Qt IDCW-R,Above Average,-0.19,1.38,73.11,1.3,0.92
Bank of India Overnight Dir Wly IDCW-P,–,-0.19,0.06,0.71,0.27,-3.57
TRUSTMF Overnight Dir Daily IDCW-R,–,-0.19,0.95,5.96,0.35,0.17
Bandhan Nifty 100 Index Dir Gr,–,-0.19,1,100,13.97,0.66
HSBC Ultra Short Duration Dir Mn IDCW-P,Below Average,-0.19,2.78,70.95,0.31,2.06
ITI Liquid Dir Ann IDCW-P,–,-0.19,0.95,56,0.19,0.57
ICICI Pru BSE 500 ETF FOF Dir Gr,Below Average,-0.19,0.96,98.79,14.05,0.76
HSBC Ultra Short Duration Dir Mn IDCW-R,Below Average,-0.19,2.78,70.95,0.31,2.06
ITI Liquid Dir Ann IDCW-R,–,-0.19,0.95,56,0.19,0.57
ICICI Pru BSE 500 ETF FOF Dir IDCW-R,Below Average,-0.19,0.96,98.78,14.05,0.76
Bandhan Nifty 100 Index Dir IDCW-T,–,-0.19,1,100,13.97,0.65
Groww Overnight Unc Div < 3 years,–,-0.19,-0.42,1.98,0.3,-1.3
Bank of India Overnight Unc IDCW Up to3Y,–,-0.19,0.05,4,0.16,-9.03
Bandhan Ultra Short Term Reg Qt IDCW-R,High,-0.19,-0.07,–,1.59,-0.13
ICICI Pru S&P BSE 500 ETF FOF Dir IDCW-T,Below Average,-0.19,0.96,98.78,14.05,0.76
Bandhan Nifty 100 Index Dir IDCW-P,–,-0.19,1,100,13.97,0.65
Bandhan Nifty 100 Index Dir IDCW-R,–,-0.19,1,100,13.97,0.65
Bank of India Overnight Dir Wly IDCW-R,–,-0.19,-0.2,3.02,0.24,-2.57
Bandhan Ultra Short Term Reg Qt IDCW-P,High,-0.19,-0.07,–,1.59,-0.13
ICICI Pru BSE 500 ETF FOF Dir IDCW-P,Below Average,-0.19,0.96,98.78,14.05,0.76
Sundaram Liquid Reg Qt IDCW-R,–,-0.19,1.39,70.04,0.23,1.29
Kotak Money Market Dir Gr,Below Average,-0.2,3.64,68.54,0.38,2.18
UTI Short Duration Reg HY IDCW-P,Average,-0.2,0.98,77.48,0.91,0.87
Bandhan Liquid Reg Gr,–,-0.2,1.4,81.36,0.22,1.3
DSP Savings Dir Gr,Average,-0.2,2.97,64.52,0.34,2
Bandhan Liquid Reg Pd IDCW-P,–,-0.2,1.4,81.45,0.22,1.3
UTI Short Duration Reg Ann IDCW-P,Above Average,-0.2,0.98,77.51,0.91,0.87
UTI Short Duration Reg Qt IDCW-P,Average,-0.2,0.98,77.5,0.91,0.87
UTI Short Duration Reg Gr,Average,-0.2,0.98,77.48,0.91,0.87
Tata Money Market Dir Dl IDCW-R,Above Average,-0.2,3.58,38.75,0.47,1.62
UTI Liquid Reg Mn IDCW-P,–,-0.2,1.43,74.51,0.22,1.32
LIC MF Liquid Gr,–,-0.2,1.4,76.08,0.23,1.28
Mahindra Manu Low Duration Dir Mn IDCW-P,Low,-0.2,3.99,64.97,0.42,2.18
Groww S/D Dir Wk IDCW-P,Average,-0.2,1.14,73.98,1.06,0.89
DSP Banking & PSU Debt Reg Qt IDCW-P,High,-0.2,1.21,9.38,3.19,0.32
Mahindra Manulife ELSS TaxSaverRegIDCW-P,Average,-0.2,0.92,94.79,13.53,0.72
HSBC Liquid Wk IDCW-P,–,-0.2,1.12,23.55,0.27,0.5
UTI Liquid Dir Ft IDCW-P,–,-0.2,1.46,29.18,0.27,0.87
UTI Short Duration Reg Flexi IDCW-P,Average,-0.2,0.98,77.49,0.91,0.87
360 ONE Liquid Reg Wk IDCW-P,–,-0.2,0.59,9.24,0.24,-0.29
UTI Short Duration Reg Qt IDCW-R,Average,-0.2,0.98,77.5,0.91,0.87
Bandhan Liquid Reg Pd IDCW-R,–,-0.2,1.4,81.45,0.22,1.3
Baroda BNP P Focused Dir IDCW-P,Average,-0.2,0.98,88.25,15.2,0.72
Baroda BNP P Focused Dir IDCW-R,Average,-0.2,0.98,88.25,15.2,0.72
Mahindra Manu Low Duration Dir Mn IDCW-R,Low,-0.2,3.99,64.97,0.42,2.18
UTI Liquid Dir Ft IDCW-R,–,-0.2,1.46,29.18,0.27,0.87
DSP Banking & PSU Debt Reg Qt IDCW-R,High,-0.2,1.21,9.38,3.19,0.32
Groww S/D Dir Wk IDCW-R,Average,-0.2,1.14,73.98,1.06,0.89
HSBC Liquid Wk IDCW-R,–,-0.2,1.12,23.55,0.27,0.5
UTI Short Duration Reg HY IDCW-R,Average,-0.2,0.98,77.48,0.91,0.87
UTI Liquid Reg Mn IDCW-R,–,-0.2,1.43,74.51,0.22,1.32
UTI Short Duration Reg Ann IDCW-R,Above Average,-0.2,0.98,77.51,0.91,0.87
360 ONE Liquid Reg Wk IDCW-R,–,-0.2,0.59,9.24,0.24,-0.29
UTI Short Duration Reg Flexi IDCW-R,Average,-0.2,0.98,77.49,0.91,0.87
Aditya BSL Business Cycle Dir Gr,–,-0.2,0.96,96.69,14.23,0.75
Sundaram Large Cap Dir IDCW-P,Low,-0.2,0.9,97.44,12.59,0.71
Sundaram Large Cap Dir IDCW-T,Low,-0.2,0.9,97.44,12.59,0.71
HDFC Ultra S/T Fund Dir Gr,Average,-0.2,3.02,72.57,0.33,2.13
Navi Nifty 50 Index Dir Gr,–,-0.2,1,100,13.13,0.66
Axis Nifty 50 Index Dir IDCW-P,–,-0.2,1,100,13.08,0.66
Axis Nifty 50 Index Dir IDCW-R,–,-0.2,1,100,13.08,0.66
Axis Nifty 50 Index Dir Gr,–,-0.2,1,100,13.08,0.66
Invesco India Medium Dur Dir Qt IDCW-P,Average,-0.2,1.67,87.66,1.43,1.03
Bank of India Overnight Dir Gr,–,-0.2,0.07,7.67,0.17,-9.04
Aditya BSL Ret Fd 30s Dir IDCW-R,–,-0.2,0.95,91.93,14.35,0.75
Aditya BSL Ret Fd 30s Dir IDCW-P,–,-0.2,0.95,91.93,14.35,0.75
ITI Ultra Short Dur Dir Ann IDCW-P,Low,-0.2,2.4,71.5,0.28,1.9
ITI Ultra Short Dur Dir Ann IDCW-R,Low,-0.2,2.4,71.5,0.28,1.9
Invesco India Medium Dur Dir Qt IDCW-R,Average,-0.2,1.67,87.66,1.43,1.03
UTI Money Market Reg Mn IDCW-P,Average,-0.21,3.35,62.85,0.37,2.02
UTI Liquid Reg Ft IDCW-P,–,-0.21,1.45,70.81,0.22,1.21
JM Dynamic Bond Dir Gr,Low,-0.21,0.91,74.45,1.83,0.83
Kotak Savings Fund Dir Gr,Average,-0.21,2.99,65.11,0.33,1.98
Canara Robeco Short Dur Dir Gr,Below Average,-0.21,1,87.52,0.87,0.92
JM Dynamic Bond Dir IDCW-P,Low,-0.21,0.91,74.44,1.83,0.83
HSBC Credit Risk Reg IDCW-P,Above Average,-0.21,4.19,26.43,6.49,0.61
Bandhan Money Manager Dir Gr,Average,-0.21,3.62,66.21,0.39,2.12
Navi Liquid Dir Gr,–,-0.21,0.66,39.45,0.18,-0.48
Invesco India Gilt Dir Qt IDCW-P,Average,-0.21,1.18,55.16,2.85,0.79
Franklin India Bluechip Dir Gr,Average,-0.21,0.91,96.48,12.81,0.7
Axis Corporate Bond Reg Mn IDCW-P,Average,-0.21,1.27,85.9,1.1,0.97
Kotak Savings Fund Dir Mn IDCW-R,Average,-0.21,2.88,55.32,0.34,1.8
JM Dynamic Bond Bns Princ,–,-0.21,0.48,52.5,1.45,-0.05
JM Dynamic Bond Dir Mn IDCW-R,Low,-0.21,0.91,74.44,1.83,0.83
360 ONE Liquid Reg Gr,–,-0.21,1.08,65.38,0.21,0.63
Sundaram Liquid Mn IDCW-P,–,-0.21,1.34,70.98,0.22,1.12
Axis Corporate Bond Reg Wk IDCW-P,Average,-0.21,1.28,86.03,1.1,0.96
Axis Corporate Bond Reg Gr,Average,-0.21,1.28,86.02,1.1,0.96
JM Dynamic Bond Dir Mn IDCW-P,Low,-0.21,0.91,74.44,1.83,0.83
ICICI Pru Liquid Gr,–,-0.21,1.51,78.52,0.23,1.39
JM Dynamic Bond HY Bns Princ,–,-0.21,0.48,52.49,1.46,-0.05
UTI Liquid Reg Ft IDCW-R,–,-0.21,1.45,70.81,0.22,1.21
Axis Corporate Bond Reg Wk IDCW-R,Average,-0.21,1.28,86.03,1.1,0.96
HSBC Credit Risk Reg IDCW-R,Above Average,-0.21,4.19,26.43,6.49,0.61
JM Dynamic Bond Dir IDCW-R,Low,-0.21,0.91,74.44,1.83,0.83
Invesco India Gilt Dir Qt IDCW-R,Average,-0.21,1.18,55.16,2.85,0.79
Sundaram Liquid Mn IDCW-R,–,-0.21,1.34,70.98,0.22,1.12
Axis Corporate Bond Reg Mn IDCW-R,Average,-0.21,1.27,85.9,1.1,0.97
UTI Money Market Reg Mn IDCW-R,Average,-0.21,3.35,62.85,0.37,2.02
Axis Nifty 100 Index Dir IDCW-P,–,-0.21,1,100,13.94,0.65
Bandhan Bond S/T Dir Yr IDCW-R,Average,-0.21,1.23,76.51,1.13,0.9
Bandhan Bond S/T Dir Yr IDCW-P,Average,-0.21,1.23,76.51,1.13,0.9
Bandhan Bond S/T Dir Yr IDCW-T,Average,-0.21,1.23,76.51,1.13,0.9
Tata Corporate Bond Reg Gr,Below Average,-0.21,1.18,78.52,1.08,0.91
Tata Corporate Bond Reg Monthly IDCW-P,Below Average,-0.21,1.18,78.52,1.08,0.91
Tata Corporate Bond Reg Quarterly IDCW-P,Below Average,-0.21,1.18,78.52,1.08,0.91
Bandhan Ultra Short Term Dir Pd IDCW-R,Below Average,-0.21,2.97,75.1,0.32,2.09
Axis Nifty 100 Index Dir Gr,–,-0.21,1,100,13.95,0.65
Bandhan Ultra Short Term Dir Pd IDCW-P,Below Average,-0.21,2.97,75.1,0.32,2.09
Tata Corporate Bond Reg Periodic IDCW-P,Below Average,-0.21,1.18,78.52,1.08,0.91
Tata Corporate Bond Reg Monthly IDCW-R,Below Average,-0.21,1.18,78.52,1.08,0.91
Tata Corporate Bond Reg Quarterly IDCW-R,Below Average,-0.21,1.18,78.52,1.08,0.91
Tata Corporate Bond Reg Periodic IDCW-R,Below Average,-0.21,1.18,78.52,1.08,0.91
Axis Nifty 100 Index Dir IDCW-R,–,-0.21,1,100,13.94,0.65
ITI Liquid Dir Gr,–,-0.21,0.94,55.77,0.19,0.37
Invesco India Gilt Dir Mn IDCW-R,Above Average,-0.22,1.18,55.02,2.86,0.79
Invesco India Gilt Dir Gr,Average,-0.22,1.18,54.98,2.86,0.79
Aditya BSL Bkg & PSU Debt Reg Gr,Average,-0.22,1.12,79.84,1.01,0.89
Invesco Ind Bnk & PSU Dir Mn IDCW-P,Above Average,-0.22,1.38,81.79,1.24,0.95
ICICI Pru Bond Bns,–,-0.22,0.85,92.86,3.09,–
Nippon India Liquid Qt IDCW-P,–,-0.22,1.54,79.85,0.23,1.3
Nippon India IdxBSESensexDirAnnIDCWP,–,-0.22,1,100,12.69,0.63
Franklin India Liquid SI Dir Wk IDCW-P,–,-0.22,0.9,7.3,0.33,0.04
Baroda BNP P Corp Bond Gr,Above Average,-0.22,1.39,72.57,1.33,0.9
Baroda BNP P Corp Bond Reg Gr,Above Average,-0.22,1.39,72.61,1.32,0.89
Franklin India Corp Dbt Dir Ann IDCW-P,Average,-0.22,1.3,57.36,1.36,0.78
Nippon India Idx BSESensexDirHYIDCWP,–,-0.22,1,100,12.69,0.63
HDFC Credit Risk Debt Reg IDCW-R,Below Average,-0.22,1.06,81.77,0.95,0.9
Nippon India Idx BSESensexDirQtIDCWP,–,-0.22,1,100,12.69,0.63
UTI Nifty 50 Index Fund Dir Gr,–,-0.22,1,100,13.13,0.66
Nippon India Idx BSE Sensex Dir Gr,–,-0.22,1,100,12.69,0.63
UTI Nifty 50 Index Fund IDCW-P,–,-0.22,1,100,13.13,0.66
HDFC Credit Risk Debt Reg IDCW-P,Below Average,-0.22,1.06,81.77,0.95,0.9
Baroda BNP P Mid Cap Reg Gr,Low,-0.22,0.8,94.53,14.39,1.02
Aditya BSL Bkg & PSU Debt Retl Gr,Average,-0.22,1.12,79.84,1.01,0.89
Aditya BSL Savings Retl Gr,Average,-0.22,3.03,56.91,0.36,1.81
HDFC Credit Risk Debt Gr,Below Average,-0.22,1.06,81.74,0.95,0.9
Sundaram Corp Bond Gr,Below Average,-0.22,0.92,55.66,1,0.71
HDFC Liquid Dir Dl IDCW-R,–,-0.22,1.15,38.54,0.22,0.54
Nippon India Liquid Wk IDCW-R,–,-0.22,1.54,79.99,0.23,1.34
Aditya BSL Savings Gr,Average,-0.22,3.03,56.94,0.36,1.81
Nippon India Idx BSE Sensex Dir Bns,–,-0.22,1,100,12.69,0.63
Nippon India Liquid Gr,–,-0.22,1.54,79.88,0.23,1.29
DSP Strategic Bd Dir Gr,Above Average,-0.22,1.36,66.44,2.89,0.81
Canara Robeco Corporate Bond Dir Gr,Below Average,-0.22,1.03,74.75,0.97,0.85
Nippon India Low Duration Dir IDCW-P,Average,-0.22,4.02,57.95,0.43,2.02
Tata Liquid Reg Gr,–,-0.22,1.5,80.11,0.23,1.27
DSP Strategic Bd Dir IDCW-P,Above Average,-0.22,1.36,66.44,2.89,0.81
Invesco Ind Bnk & PSU Dir Mn IDCW-R,Above Average,-0.22,1.38,81.79,1.24,0.95
Franklin India Corp Dbt Dir Ann IDCW-R,Average,-0.22,1.3,57.36,1.36,0.78
UTI Nifty 50 Index Fund IDCW-R,–,-0.22,1,100,13.13,0.66
Franklin India Liquid SI Dir Wk IDCW-R,–,-0.22,0.9,7.3,0.33,0.04
Nippon India Low Duration Dir IDCW-R,Average,-0.22,4.02,57.95,0.43,2.02
Nippon India Idx BSESensexDirQtIDCWR,–,-0.22,1,100,12.69,0.63
Nippon India IdxBSESensexDirAnnIDCWR,–,-0.22,1,100,12.69,0.63
DSP Strategic Bd Dir IDCW-R,Above Average,-0.22,1.36,66.44,2.89,0.81
Nippon India Idx BSESensexDirHYIDCWR,–,-0.22,1,100,12.69,0.63
Nippon India Liquid Qt IDCW-R,–,-0.22,1.54,79.85,0.23,1.3
DSP Floater Fund Dir IDCW-R,Above Average,-0.22,7.6,38.89,0.97,1.86
DSP Floater Fund Dir IDCW-P,Above Average,-0.22,7.6,38.89,0.97,1.86
DSP Floater Fund Dir Gr,Above Average,-0.22,7.6,38.89,0.97,1.86
TrustMF Liquid Reg Gr,–,-0.22,1.22,66.85,0.22,0.83
Mirae Asset Corporate Bond Dir Gr,Average,-0.22,1.33,83.86,1.18,0.95
WhiteOak Capital Liquid Dir Gr,–,-0.22,1.43,64.18,0.24,1.08
Bank of India Overnight Reg Mly IDCW-R,–,-0.22,0.07,6.76,0.17,-9.98
WhiteOak Capital Liquid Dir Mn IDCW-P,–,-0.22,1.43,64.35,0.24,1.07
Bank of India Overnight Reg Mly IDCW-P,–,-0.22,0.07,6.76,0.17,-9.98
Tata Ultra Short Term Dir Mn IDCW-P,Average,-0.22,2.79,17.06,0.54,0.96
Tata Ultra Short Term Dir Mn IDCW-R,Average,-0.22,2.79,17.06,0.54,0.96
WhiteOak Capital Liquid Dir Mn IDCW-R,–,-0.22,1.43,64.35,0.24,1.07
Nippon India Index Nifty 50 Dir Qt IDCWP,–,-0.23,1,100,13.12,0.66
UTI Money Market Dir Ft IDCW-P,Below Average,-0.23,3.43,54.7,0.39,1.84
Nippon India Index Nifty 50 Dir HY IDCWP,–,-0.23,1,100,13.12,0.66
UTI Ultra Short Duration Dir Wk IDCW-P,Average,-0.23,2.83,38.27,0.41,1.43
Nippon India Low Duration Dir Gr,Average,-0.23,4.17,60.86,0.44,2.07
Edelweiss Liquid Reg Mn IDCW-P,–,-0.23,1.5,69.45,0.24,1.15
Nippon India Index Nifty 50 Dir Gr,–,-0.23,1,100,13.12,0.66
HSBC Medium Duration Reg IDCW-P,Below Average,-0.23,1.23,68.57,1.21,0.84
Aditya BSL Low Duration Dir Dl IDCW-R,Below Average,-0.23,3.85,51.09,0.43,1.84
Nippon India Low Duration Dir Bns,Average,-0.23,4.17,60.86,0.44,2.07
Nippon India Index Nifty 50 Dir Bns,–,-0.23,1,100,13.12,0.66
Nippon India Index Nifty 50 Dir AnnIDCWP,–,-0.23,1,100,13.12,0.66
Bandhan Corporate Bond Reg Qt IDCW-P,Above Average,-0.23,0.9,17.04,1.74,0.39
ICICI Pru Money Market Retl Gr,–,-0.23,1.38,38.64,0.4,–
HSBC Medium Duration Reg IDCW-R,Below Average,-0.23,1.23,68.57,1.21,0.84
Bandhan Corporate Bond Reg Qt IDCW-R,Above Average,-0.23,0.9,17.04,1.74,0.39
Nippon India Low Duration Dir Wk IDCW-P,Average,-0.23,4.17,60.94,0.44,2.07
HDFC Banking & PSU Debt Reg Gr,Average,-0.23,1.1,74.74,1.03,0.85
Quantum Dynamic Bond Reg Gr,Below Average,-0.23,1.18,73.53,2.38,0.84
Quantum Dynamic Bond Reg Mn IDCW-P,Average,-0.23,1.18,73.53,2.38,0.84
HSBC Liquid Dl IDCW-R,–,-0.23,1.28,48.47,0.22,0.69
UTI Short Duration Reg Mn IDCW-P,Above Average,-0.23,0.98,77.52,0.91,0.84
Sundaram Banking & PSU Dir Mn IDCW-P,Below Average,-0.23,1.19,83.31,1.06,0.92
Nippon India Money Market Gr,Low,-0.23,3.56,66.36,0.37,2.04
Nippon India Index Nifty 50 Dir HY IDCWR,–,-0.23,1,100,13.12,0.66
Nippon India Index Nifty 50 Dir AnnIDCWR,–,-0.23,1,100,13.12,0.66
Quantum Dynamic Bond Reg Mn IDCW-R,Average,-0.23,1.18,73.53,2.38,0.84
Sundaram Banking & PSU Dir Mn IDCW-T,Below Average,-0.23,1.19,83.31,1.06,0.92
Nippon India Index Nifty 50 Dir Qt IDCWR,–,-0.23,1,100,13.12,0.66
Edelweiss Liquid Reg Mn IDCW-R,–,-0.23,1.5,69.45,0.24,1.15
UTI Short Duration Reg Mn IDCW-R,Above Average,-0.23,0.98,77.52,0.91,0.84
UTI Money Market Dir Ft IDCW-R,Below Average,-0.23,3.43,54.7,0.39,1.84
Nippon India Low Duration Dir Wk IDCW-R,Average,-0.23,4.17,60.94,0.44,2.07
UTI Ultra Short Duration Dir Wk IDCW-R,Average,-0.23,2.83,38.27,0.41,1.43
Sundaram Banking & PSU Dir Mn IDCW-R,Below Average,-0.23,1.19,83.31,1.06,0.92
HDFC Ultra S/T Fund Reg Mn IDCW-P,Above Average,-0.23,1.02,0.92,0.83,0.04
ITI Liquid Dir Mn IDCW-P,–,-0.23,0.92,55.37,0.19,0.05
ITI Liquid Dir Mn IDCW-R,–,-0.23,0.92,55.37,0.19,0.05
Motilal Oswal Nifty Midcap 150 Idx DirGr,–,-0.23,1,99.99,17.01,1.09
Motilal Oswal Nifty Bank Index Dir Gr,–,-0.23,1,100,14.92,0.68
Mirae Asset Corporate Bond Dir IDCW-P,Average,-0.23,1.33,83.87,1.18,0.95
Mirae Asset Corporate Bond Dir IDCW-R,Average,-0.23,1.33,83.87,1.18,0.95
TRUSTMF Overnight Reg Daily IDCW-R,–,-0.23,1.05,6.96,0.36,0.13
Bank of India Overnight Reg Gr,–,-0.23,0.08,8.59,0.17,-10.28
HDFC Ultra S/T Fund Reg Mn IDCW-R,Above Average,-0.23,1.02,0.92,0.83,0.04
SBI Liquid Reg Gr,–,-0.24,1.46,81.38,0.22,1.11
Aditya BSL Gov Sec Dir Gr,Above Average,-0.24,1.2,64.71,2.67,0.85
Axis Short Duration Gr,Below Average,-0.24,1.13,86.66,0.98,0.92
Axis Short Duration Reg IDCW-P,Below Average,-0.24,1.13,86.64,0.99,0.92
Groww Liquid Wk IDCW-P,–,-0.24,1.28,49.32,0.24,0.65
Sundaram Shrt Dur Dir Mn IDCW-P,Above Average,-0.24,1.08,59.26,1.14,0.75
Groww Liquid Gr,–,-0.24,1.28,49.42,0.24,0.65
Groww Liquid Fund Fr IDCW-P,–,-0.24,1.27,49.37,0.24,0.64
Groww Liquid Mn IDCW-P,–,-0.24,1.27,49.21,0.24,0.63
Axis Short Duration Reg Wk IDCW-P,Below Average,-0.24,1.13,86.65,0.99,0.92
SBI Liquid Reg Wk IDCW-P,–,-0.24,1.46,81.37,0.22,1.11
Axis Short Duration Mn IDCW-P,Below Average,-0.24,1.13,86.65,0.98,0.92
HSBC Short Duration Dir IDCW-P,Below Average,-0.24,0.32,6.84,1.04,0.09
Kotak Money Market Dir Dl IDCW-R,–,-0.24,0.55,2.25,0.5,–
SBI Liquid Instl Dl IDCW-R,–,-0.24,1.46,81.34,0.22,1.12
SBI Liquid Reg Fr IDCW-P,–,-0.24,1.46,81.37,0.22,1.11
Franklin India Liquid SI Dl IDCW-R,–,-0.24,1.25,41.8,0.22,0.51
PGIM India Ultra S/D Rg Pl Gr,–,-0.24,8.52,32.69,2.12,–
Franklin India NSE Nifty 50 Index Dir Gr,–,-0.24,0.99,99.98,13.03,0.66
SBI Liquid Instl Gr,–,-0.24,1.46,81.35,0.22,1.12
HDFC Liquid Gr,–,-0.24,1.56,80.57,0.23,1.25
Axis Short Duration Reg IDCW-R,Below Average,-0.24,1.13,86.64,0.99,0.92
Axis Short Duration Mn IDCW-R,Below Average,-0.24,1.13,86.65,0.98,0.92
Aditya BSL Gov Sec Dir Gr IG,Above Average,-0.24,1.2,64.71,2.67,0.85
SBI Liquid Reg Wk IDCW-R,–,-0.24,1.46,81.37,0.22,1.11
HSBC Short Duration Dir IDCW-R,Below Average,-0.24,0.32,6.84,1.04,0.09
Axis Short Duration Reg Wk IDCW-R,Below Average,-0.24,1.13,86.65,0.99,0.92
Groww Liquid Mn IDCW-R,–,-0.24,1.27,49.21,0.24,0.63
Sundaram Shrt Dur Dir Mn IDCW-R,Above Average,-0.24,1.08,59.26,1.14,0.75
Groww Liquid Wk IDCW-R,–,-0.24,1.28,49.32,0.24,0.65
SBI Liquid Reg Fr IDCW-R,–,-0.24,1.46,81.37,0.22,1.11
Groww Liquid Fund Fr IDCW-R,–,-0.24,1.27,49.37,0.24,0.64
UTI Corporate Bond Reg Qt IDCW-P,Below Average,-0.24,1.18,81.22,1.06,0.89
UTI Corporate Bond Reg Qt IDCW-R,Below Average,-0.24,1.18,81.22,1.06,0.89
PGIM India Money Market Dir Gr,Below Average,-0.24,3.41,59.07,0.38,1.86
UTI Corporate Bond Reg HY IDCW-P,Average,-0.24,1.18,81.23,1.06,0.89
UTI Corporate Bond Reg Gr,Average,-0.24,1.18,81.24,1.06,0.89
UTI Corporate Bond Reg Fl IDCW-P,Average,-0.24,1.18,81.22,1.06,0.89
UTI Corporate Bond Reg HY IDCW-R,Average,-0.24,1.18,81.23,1.06,0.89
UTI Corporate Bond Reg Fl IDCW-R,Average,-0.24,1.18,81.22,1.06,0.89
Bank of India Overnight Dir Mly IDCW-R,–,-0.24,-1.3,7.3,0.39,-1.55
Sundaram Shrt Dur Dir Mn IDCW-T,Above Average,-0.24,1.08,59.26,1.14,0.75
ICICI Pru Ultra Short Term Dir Wk IDCW-R,Average,-0.24,2.87,31.35,0.42,1.28
Baroda BNP P Overnight Dir Wly ICDW,–,-0.24,0.03,0.04,0.18,-1.97
ICICI Pru Ultra Short Term Dir Wk IDCW-P,Average,-0.24,2.87,31.35,0.42,1.28
TrustMF Liquid Reg Dl IDCW-R,–,-0.24,1.28,17.07,0.28,0.37
ITI Ultra Short Dur Dir Gr,Low,-0.24,2.41,71.12,0.29,1.75
DSP Nifty 50 Index Dir Gr,–,-0.24,1,100,13.13,0.66
Bandhan Overnight Dir Mn IDCW-R,–,-0.24,-0.23,0.15,0.48,-0.65
Bandhan Overnight Dir Mn IDCW-P,–,-0.24,-0.23,0.15,0.48,-0.65
Axis Short Duration Retl Gr,Below Average,-0.25,1.13,86.68,0.98,0.91
Aditya BSL Savings DAP Gr,Average,-0.25,2.52,48.64,0.34,1.45
Edelweiss Liquid Retl Mn IDCW-P,–,-0.25,1.5,78.66,0.23,1.04
Axis Short Duration Retl Mn IDCW-P,Below Average,-0.25,1.13,86.65,0.98,0.91
Edelweiss Liquid Reg Fr IDCW-P,–,-0.25,1.5,78.72,0.23,1.06
Edelweiss Liquid Reg Gr,–,-0.25,1.5,78.73,0.23,1.04
Baroda BNP P Shrt Dur Reg Gr,Below Average,-0.25,1.12,81.84,0.99,0.88
Axis Short Duration Retl Reg Wk IDCW-P,Below Average,-0.25,1.13,86.66,0.98,0.91
Edelweiss Liquid Reg Ann IDCW-P,–,-0.25,1.5,78.68,0.23,1.04
Edelweiss Liquid Reg Bns,–,-0.25,1.51,78.59,0.23,1.06
HDFC Nifty 50 Index Dir,–,-0.25,1,100,13.12,0.66
HDFC BSE Sensex Index Dir,–,-0.25,1,100,12.71,0.63
Mirae Asset Low Duration Dir Gr,Below Average,-0.25,4.07,61.13,0.43,1.99
Edelweiss Liquid Reg Wk IDCW-P,–,-0.25,1.5,78.73,0.23,1.04
Nippon India Low Duration Dir Mn IDCW-P,Average,-0.25,4.12,60.94,0.43,1.99
Edelweiss Liquid Reg Dl IDCW-R,–,-0.25,1.5,78.73,0.23,1.04
SBI Nifty Index Dir Gr,–,-0.25,1,100,13.14,0.66
Edelweiss Liquid Retl Gr,–,-0.25,1.5,78.68,0.23,1.04
SBI Nifty Index Dir IDCW-P,–,-0.25,1,100,13.14,0.66
Edelweiss Liquid Retl Wk IDCW-P,–,-0.25,1.5,78.69,0.23,1.04
PGIM India Ultra S/D Dr Pl Wk IDCW-P,Average,-0.25,2.4,20.99,0.43,0.91
HDFC Liquid Mn IDCW-P,–,-0.25,1.59,4.34,0.61,0.27
Tata Money Market Reg Gr,Average,-0.25,3.54,66.62,0.38,1.99
Nippon India Money Market Dir Qt IDCW-P,Average,-0.25,3.67,69.42,0.37,2.06
Edelweiss Liquid Retl Mn IDCW-R,–,-0.25,1.5,78.66,0.23,1.04
PGIM India Ultra S/D Dr Pl Wk IDCW-R,Average,-0.25,2.4,20.99,0.43,0.91
Axis Short Duration Retl Reg Wk IDCW-R,Below Average,-0.25,1.13,86.66,0.98,0.91
SBI Nifty Index Dir IDCW-R,–,-0.25,1,100,13.14,0.66
Nippon India Low Duration Dir Mn IDCW-R,Average,-0.25,4.12,60.94,0.43,1.99
Edelweiss Liquid Reg Fr IDCW-R,–,-0.25,1.5,78.72,0.23,1.06
Nippon India Money Market Dir Qt IDCW-R,Average,-0.25,3.67,69.42,0.37,2.06
Edelweiss Liquid Retl Wk IDCW-R,–,-0.25,1.5,78.69,0.23,1.04
Axis Short Duration Retl Mn IDCW-R,Below Average,-0.25,1.13,86.65,0.98,0.91
HDFC Liquid Mn IDCW-R,–,-0.25,1.59,4.34,0.61,0.27
Edelweiss Liquid Reg Ann IDCW-R,–,-0.25,1.5,78.68,0.23,1.04
Edelweiss Liquid Reg Wk IDCW-R,–,-0.25,1.5,78.73,0.23,1.04
Invesco India Overnight Dir Mn IDCW-P,–,-0.25,0.02,0.84,0.17,-15.15
Invesco India Overnight Dir Mn IDCW-R,–,-0.25,0.02,0.84,0.17,-15.15
Edelweiss Liquid Reg IDCW-P,–,-0.25,1.5,78.73,0.23,1.04
Edelweiss Liquid Reg IDCW-R,–,-0.25,1.5,78.73,0.23,1.04
Axis Overnight Dir Gr,–,-0.25,0.08,13.88,0.16,-13.77
Axis Overnight Dir Mn IDCW-R,–,-0.25,0.08,13.92,0.16,-13.79
Axis Overnight Dir Wk IDCW-R,–,-0.25,0.08,13.97,0.16,-13.83
JM Liquid Unclmd Redem Dir Gr,–,-0.25,0.85,54.92,0.46,–
Axis Overnight Dir Wk IDCW-P,–,-0.25,0.08,13.97,0.16,-13.81
HSBC Nifty 50 Index Dir IDCW-R,–,-0.25,1,100,13.1,0.66
Axis Overnight Dir Mn IDCW-P,–,-0.25,0.08,13.92,0.16,-13.79
HSBC Nifty 50 Index Dir IDCW-P,–,-0.25,1,100,13.1,0.66
HSBC Nifty 50 Index Dir Gr,–,-0.25,1,100,13.1,0.66
JM Liquid Unclmd Div Dir Gr,–,-0.25,0.85,54.93,0.46,–
Groww Liquid Dly IDCW-R,–,-0.26,1.23,48.91,0.24,0.44
ICICI Pru Nifty 50 Index Dir IDCW-P,–,-0.26,1,100,13.12,0.66
Nippon India Interval Yr I Retl Gr,–,-0.26,0.18,40.27,0.3,-0.37
Nippon India Interval Yr I Retl IDCW-P,–,-0.26,0.18,40.26,0.3,-0.37
ICICI Pru Savings Wk IDCW-P,Average,-0.26,3.95,18.32,0.73,1.08
Bandhan Corporate Bond Reg Mn IDCW-P,Average,-0.26,0.95,57.76,1.01,0.69
Nippon India Interval Yr I Retl IDCW-R,–,-0.26,0.18,40.26,0.3,-0.37
Bandhan Corporate Bond Reg Gr,Below Average,-0.26,0.99,76,0.92,0.81
Navi Liquid Reg Gr,–,-0.26,0.67,41.38,0.18,-1.02
Franklin India Money Mkt Dir Gr,Average,-0.26,3.83,64.58,0.41,1.98
Aditya BSL FRF Reg Gr,Below Average,-0.26,4.34,51.91,0.49,1.85
ICICI Pru Nifty 50 Index Dir Gr,–,-0.26,1,100,13.12,0.66
Tata Mid Cap Growth Dir Gr,Average,-0.26,0.88,95.16,15.65,1.02
Baroda BNP P Gilt Reg IDCW-P,Average,-0.26,1.06,76.69,2.16,0.9
UTI Ultra Short Duration Dir Ft IDCW-P,Above Average,-0.26,2.8,59.35,0.33,1.65
360 ONE Liquid Dir Dl IDCW-R,–,-0.26,0.84,25.22,0.21,-0.3
Bandhan Agrsv Hyb Reg IDCW-P,Above Average,-0.26,1.08,82.85,11.43,0.7
ICICI Pru Nifty 50 Index Dir IDCW-R,–,-0.26,1,100,13.12,0.66
Kotak Liquid Reg Gr,–,-0.26,1.58,75.47,0.24,1.08
DSP Liquidity Reg Wk IDCW-P,–,-0.26,0.89,9.11,0.3,-0.12
PGIM India Large Cap Dr Pl Gr,Low,-0.26,0.92,95.88,12.89,0.7
Aditya BSL FRF Retl Gr,Below Average,-0.26,4.34,51.9,0.49,1.85
Bandhan Corporate Bond Reg Mn IDCW-R,Average,-0.26,0.95,57.76,1.01,0.69
Bandhan Agrsv Hyb Reg IDCW-R,Above Average,-0.26,1.08,82.85,11.43,0.7
Baroda BNP P Gilt Reg IDCW-R,Average,-0.26,1.06,76.69,2.16,0.9
ICICI Pru Savings Wk IDCW-R,Average,-0.26,3.95,18.32,0.73,1.08
UTI Ultra Short Duration Dir Ft IDCW-R,Above Average,-0.26,2.8,59.35,0.33,1.65
ICICI Pru BSE Sensex Index Dir IDCWP,–,-0.26,1,100,12.71,0.63
ICICI Pru BSE Sensex Index Dir IDCWR,–,-0.26,1,100,12.71,0.63
ICICI Pru BSE Sensex Index Dir Gr,–,-0.26,1,100,12.71,0.63
Mirae Asset Overnight Dir Gr,–,-0.26,0.07,3.1,0.17,-7.57
Mirae Asset Overnight Dir Mn IDCW-P,–,-0.26,0.06,2.36,0.17,-7.81
Tata Overnight Dir Gr,–,-0.26,0.07,9.7,0.17,-13.85
Mahindra Manulife Dyn Bd Dir Qt IDCWR,Below Average,-0.26,1.1,88.63,2.01,0.9
Mahindra Manulife Dyn Bd Dir Qt IDCWP,Below Average,-0.26,1.1,88.63,2.01,0.9
LIC MF Overnight Dir Gr,–,-0.26,0.03,1.19,0.16,-14.19
Mirae Asset Overnight Dir Wk IDCW-R,–,-0.26,0.06,2.39,0.17,-7.8
Mirae Asset Overnight Dir Mn IDCW-R,–,-0.26,0.06,2.36,0.17,-7.81
DSP Overnight Dir Gr,–,-0.26,0.02,0.26,0.17,-6.54
Axis Nifty Next 50 Index Dir IDCW-P,–,-0.26,0.99,99.99,19.44,0.71
Axis Nifty Next 50 Index Dir Gr,–,-0.26,0.99,99.99,19.44,0.71
Axis Nifty Next 50 Index Dir IDCW-R,–,-0.26,0.99,99.99,19.44,0.71
JM Overnight Dir Wk IDCW-P,–,-0.26,-0.24,3.32,0.2,-3.2
JM Overnight Dir Wk IDCW-R,–,-0.26,-0.24,3.32,0.2,-3.2
Mahindra Manulife Consumption RegIDCW-P,–,-0.26,0.94,83.42,14.96,0.7
Mahindra Manulife Consumption RegIDCW-R,–,-0.26,0.94,83.42,14.96,0.7
DSP Liquidity Reg Wk IDCW-R,–,-0.26,0.89,9.11,0.3,-0.12
HSBC Overnight Dir Wk IDCW-P,–,-0.26,-0.29,1.58,0.28,-1.9
DSP Overnight Unclaimed IDCW Upto 3 yrs,–,-0.26,0.02,0.25,0.17,-6.55
HSBC Overnight Dir Wk IDCW-R,–,-0.26,-0.29,1.58,0.28,-1.9
Axis Dynamic Bond Dir Gr,Average,-0.27,1.19,89.38,2.16,0.91
ICICI Pru Savings Dl IDCW-R,Above Average,-0.27,3.55,13.9,0.74,0.88
Axis Treasury Advantage Dir Gr,Below Average,-0.27,4.35,65.78,0.44,2.06
Quantum Dynamic Bond Dir Mn IDCW-P,Average,-0.27,1.13,65.58,2.43,0.77
Tata Mid Cap Growth Dir IDCW-P,Average,-0.27,0.88,95.15,15.66,1.02
ICICI Pru Liquid Dir Wk IDCW-P,–,-0.27,1.61,34.43,0.3,0.68
Bandhan Bkg & PSU Dbt Reg Qt IDCW-P,Above Average,-0.27,0.77,13.33,1.68,0.29
Franklin India Corp Dbt Dir Qt IDCW-P,Above Average,-0.27,1.4,65.82,1.37,0.82
Quant ELSS Tax Saver IDCW-P,High,-0.27,1.1,83.41,17.22,0.68
Aditya BSL Corporate Bond Reg IDCW-P,Average,-0.27,1.17,70.48,1.11,0.8
LIC MF Liquid Dl IDCW-P,–,-0.27,0.64,1.64,0.42,-0.26
Sundaram Diversified Equity Dir Gr,Average,-0.27,0.89,95.82,12.95,0.72
Parag Parikh Liquid Reg Mn IDCW-P,–,-0.27,-0.19,0.36,0.32,-1.31
LIC MF Liquid Dl IDCW-R,–,-0.27,0.64,1.64,0.42,-0.26
Tata Mid Cap Growth Dir IDCW-R,Average,-0.27,0.88,95.15,15.66,1.02
Parag Parikh Liquid Reg Mn IDCW-R,–,-0.27,-0.19,0.36,0.32,-1.31
Franklin India Corp Dbt Dir Qt IDCW-R,Above Average,-0.27,1.4,65.82,1.37,0.82
ICICI Pru Liquid Dir Wk IDCW-R,–,-0.27,1.61,34.43,0.3,0.68
Bandhan Bkg & PSU Dbt Reg Qt IDCW-R,Above Average,-0.27,0.77,13.33,1.68,0.29
Quant ELSS Tax Saver IDCW-R,High,-0.27,1.1,83.41,17.22,0.68
Aditya BSL Corporate Bond Reg IDCW-R,Average,-0.27,1.17,70.48,1.11,0.8
Quantum Dynamic Bond Dir Mn IDCW-R,Average,-0.27,1.13,65.58,2.43,0.77
Nippon India Flexi Cap Reg IDCW-P,Average,-0.27,0.94,93.86,14.07,0.74
Mahindra Manu Overnight UC Rd/IDCWupto3Y,–,-0.27,0.04,1.99,0.16,-11.17
HSBC Overnight Dir Gr,–,-0.27,0.07,2.12,0.17,-6.93
Nippon India Overnight Dir Wkly IDCW-R,–,-0.27,0.11,21.9,0.17,-13.07
Baroda BNP P Overnight Dir Gr,–,-0.27,0.06,7.6,0.16,-14.29
Nippon India Flexi Cap Reg IDCW-R,Average,-0.27,0.94,93.86,14.07,0.74
TRUSTMF Overnight Dir Gr,–,-0.27,-0.05,0.76,0.17,-6.29
Baroda BNP P Overnight C Unc Red Upto3Y,–,-0.27,0.06,7.56,0.16,-14.3
Baroda BNP P Overnight C Unc IDCW Upto3Y,–,-0.27,0.06,7.83,0.17,-14.31
Nippon India Overnight Dir Mn IDCW-R,–,-0.27,0.11,21.94,0.17,-13.11
Bandhan Overnight Dir Gr,–,-0.27,0.05,6.29,0.17,-16.67
Aditya BSL Overnight Dir Gr,–,-0.27,0.07,9.12,0.17,-15.23
LIC MF Overnight Dir Pd IDCW-R,–,-0.27,0.06,4.7,0.16,-11.81
LIC MF Overnight Dir Pd IDCW-P,–,-0.27,0.06,4.7,0.16,-11.81
Nippon India Overnight Dir Gr,–,-0.27,0.11,22.06,0.17,-13.03
Kotak Overnight Dir Gr,–,-0.27,0.06,1.49,0.17,-6.94
Nippon India Overnight Dir Qt IDCW-P,–,-0.27,0.11,22.37,0.17,-13.2
Nippon India Flexi Cap Reg Gr,Average,-0.27,0.94,93.86,14.07,0.74
Nippon India Overnight Dir Qt IDCW-R,–,-0.27,0.11,22.37,0.17,-13.2
Nippon India Overnight Dir Mn IDCW-P,–,-0.27,0.11,21.94,0.17,-13.11
Axis Banking & PSU Debt Dir Gr,Below Average,-0.28,1.08,79.76,0.99,0.82
Baroda BNP P Shrt Dur Reg Mly IDCW-P,Below Average,-0.28,1.12,81.86,0.99,0.85
Tata Nifty 50 Index Dir,–,-0.28,1,100,13.11,0.66
Quantum Liquid Dir Gr,–,-0.28,1.09,85.93,0.21,-0.02
Franklin India Liquid SI Wk IDCW-P,–,-0.28,1,10.71,0.31,-0.12
Aditya BSL India GenNext IDCW-P,–,-0.28,0.94,87.3,14.59,0.71
UTI Overnight Dir IDCW-P,–,-0.28,0.06,7.59,0.17,-16.99
Axis Banking & PSU Debt Dir Wk IDCW-P,Low,-0.28,1.08,79.76,0.99,0.82
UTI Overnight Dir Gr,–,-0.28,0.06,7.38,0.17,-17
HDFC Credit Risk Debt Qt IDCW-P,Below Average,-0.28,1.08,82.18,0.96,0.83
Axis Banking & PSU Debt Dir Mn IDCW-P,Low,-0.28,1.08,79.76,0.99,0.82
HDFC Credit Risk Debt Qt IDCW-R,Below Average,-0.28,1.08,82.18,0.96,0.83
Axis Banking & PSU Debt Dir Wk IDCW-R,Low,-0.28,1.08,79.76,0.99,0.82
Nippon India Nivesh Lakshya Reg HYIDCW-P,–,-0.28,1.78,84.35,3.32,0.92
UTI Overnight Dir IDCW-R,–,-0.28,0.06,7.59,0.17,-16.99
Axis Banking & PSU Debt Dir Mn IDCW-R,Low,-0.28,1.08,79.76,0.99,0.82
Baroda BNP P Shrt Dur Reg Mly IDCW-R,Below Average,-0.28,1.12,81.86,0.99,0.85
Aditya BSL India GenNext IDCW-R,–,-0.28,0.94,87.3,14.59,0.71
Franklin India Liquid SI Wk IDCW-R,–,-0.28,1,10.71,0.31,-0.12
ICICI Pru Overnight Dir Unc IDCW Tra Sch,–,-0.28,-0.01,0.05,0.17,-6.25
Nippon India Nivesh Lakshya Reg HYIDCW-R,–,-0.28,1.78,84.35,3.32,0.92
Bank of India Bluechip Reg IDCW-R,Above Average,-0.28,1.06,91.01,15.31,0.68
Bank of India Bluechip Reg IDCW-P,Above Average,-0.28,1.06,91.01,15.31,0.68
Union Overnight Unc Amts IDCW Upto 3 ys,–,-0.28,0.08,14.84,0.17,-15.98
Union Overnight Unc Amts Red Upto 3 ys,–,-0.28,-0.02,0.28,0.17,-10.6
ICICI Pru Overnight Dir Unc Red Tra Sch,–,-0.28,-0.01,0.06,0.17,-6.22
SBI Floating Rate Debt Reg Qt IDCW-R,Below Average,-0.28,4.91,32.02,0.69,1.47
Union Overnight Dir Mn IDCW-P,–,-0.28,0.09,9.08,0.16,-12.04
SBI Floating Rate Debt Reg Qt IDCW-P,Below Average,-0.28,4.91,32.02,0.69,1.47
Mahindra Manu Overnight Dir Gr,–,-0.28,0.06,6.84,0.16,-14.89
PGIM India Overnight Dir Gr,–,-0.28,0.06,5.23,0.16,-12.75
Union Overnight Dir Mn IDCW-T,–,-0.28,0.09,9.08,0.16,-12.04
ITI Liquid Reg Ann IDCW-P,–,-0.28,1,63.1,0.21,-0.17
Invesco India Overnight Dir Gr,–,-0.28,0.03,2.62,0.17,-17.95
UTI BSE Sensex Index Fund Dir Gr,–,-0.28,1,100,12.71,0.63
ITI Liquid Reg Ann IDCW-R,–,-0.28,1,63.1,0.21,-0.17
Union Overnight Dir Mn IDCW-R,–,-0.28,0.09,9.08,0.16,-12.04
LIC MF Nifty 50 Index Dir Gr,–,-0.29,1,99.99,13.13,0.65
Aditya BSL Nifty 50 Index Dir Gr,–,-0.29,1,100,13.13,0.65
SBI Magnum Ultra Short Dur Dir Dl IDCW-R,Below Average,-0.29,3.03,76.61,0.32,1.84
SBI Magnum Ultra Short Dur Dir Gr,Below Average,-0.29,3.02,76.6,0.32,1.84
LIC MF Nifty 50 Index Dir IDCW-P,–,-0.29,1,99.99,13.14,0.65
Bandhan Liquid Dir Wk IDCW-R,–,-0.29,-0.92,1.14,0.67,-0.81
Aditya BSL Nifty 50 Index Dir IDCW-P,–,-0.29,1,100,13.12,0.65
UTI ELSS Tax Saver Dir Gr,Average,-0.29,0.95,91.11,14.12,0.7
UTI Gilt Dir Gr,Average,-0.29,0.97,59.77,2.24,0.77
Axis Treasury Advantage Dir Mn IDCW-P,Below Average,-0.29,4.36,65.67,0.44,2.02
SBI Liquid Instl Fr IDCW-P,–,-0.29,1.22,80.76,0.48,–
UTI ELSS Tax Saver Dir IDCW-P,Average,-0.29,0.95,91.11,14.12,0.7
ICICI Pru Floating Interest Dl IDCW-R,Above Average,-0.29,3.89,6.74,1.14,0.62
SBI Magnum Income Reg Qt IDCW-P,Low,-0.29,0.92,92.12,1.65,0.87
SBI Magnum Income Reg Gr,Low,-0.29,0.92,92.12,1.65,0.87
ICICI Pru Liquid Dl IDCW-R,–,-0.29,1.17,23.34,0.26,0.04
Axis Treasury Advantage Dir Wk IDCW-P,Below Average,-0.29,4.36,65.65,0.44,2.02
ICICI Pru Money Market IDCW-P Oth,Average,-0.29,3.68,65.4,0.4,1.88
Franklin India Money Mkt Dir Mn IDCW-P,Average,-0.29,3.83,64.44,0.41,1.89
SBI Magnum Income Reg Bns,Low,-0.29,0.92,92.12,1.65,0.87
SBI Magnum Income Reg IDCW-P,Low,-0.29,0.92,92.13,1.65,0.87
ICICI Pru MidCap Gr,Above Average,-0.29,0.9,89.14,16.6,0.99
ICICI Pru Money Market Reg Gr,Below Average,-0.29,3.68,65.4,0.4,1.88
Franklin India Money Mkt Dir Mn IDCW-R,Average,-0.29,3.83,64.44,0.41,1.89
SBI Magnum Income Reg IDCW-R,Low,-0.29,0.92,92.13,1.65,0.87
SBI Magnum Income Reg Qt IDCW-R,Low,-0.29,0.92,92.12,1.65,0.87
Axis Treasury Advantage Dir Mn IDCW-R,Below Average,-0.29,4.36,65.67,0.44,2.02
LIC MF Nifty 50 Index Dir IDCW-R,–,-0.29,1,99.99,13.14,0.65
UTI ELSS Tax Saver Dir IDCW-R,Average,-0.29,0.95,91.11,14.12,0.7
Axis Treasury Advantage Dir Wk IDCW-R,Below Average,-0.29,4.36,65.65,0.44,2.02
ICICI Pru Money Market IDCW-R,Average,-0.29,3.68,65.4,0.4,1.88
Aditya BSL Nifty 50 Index Dir IDCW-R,–,-0.29,1,100,13.12,0.65
SBI Liquid Instl Fr IDCW-R,–,-0.29,1.22,80.76,0.48,–
Bandhan Ultra Short Term Dir Wk IDCW-P,Above Average,-0.29,-1.78,2.8,0.85,-0.92
JM Overnight Dir Gr,–,-0.29,-0.11,3.76,0.17,-6.99
Union Overnight Dir Gr,–,-0.29,0.09,12.21,0.17,-13.8
SBI Floating Rate Debt Reg Mn IDCW-R,Below Average,-0.29,4.95,32.36,0.69,1.47
Bandhan Ultra Short Term Dir Wk IDCW-R,Above Average,-0.29,-1.78,2.8,0.85,-0.92
Bank of India Bluechip Reg Gr,Above Average,-0.29,1.06,91.06,15.34,0.68
SBI Floating Rate Debt Reg Mn IDCW-P,Below Average,-0.29,4.95,32.36,0.69,1.47
Sundaram Overnight Dir Gr,–,-0.29,0.08,16.16,0.17,-17.95
SBI Floating Rate Debt Reg Gr,Below Average,-0.29,4.91,32.02,0.69,1.47
Axis Ultra Short Dur Fd Dir Wk IDCW-R,Above Average,-0.29,3.27,20.62,0.58,0.99
ICICI Pru Overnight Dir Gr,–,-0.29,0.06,2.09,0.17,-8.69
JM Overnight Dir Unclaimed Rdmpt Gr,–,-0.29,-0.11,3.86,0.17,-6.98
Bandhan Overnight Reg Mn IDCW-R,–,-0.29,-0.19,0.11,0.48,-0.76
Bandhan Overnight Reg Mn IDCW-T,–,-0.29,-0.19,0.11,0.48,-0.76
Bandhan Overnight Reg Mn IDCW-P,–,-0.29,-0.19,0.11,0.48,-0.76
Axis Ultra Short Dur Fd Dir Wk IDCW-P,Above Average,-0.29,3.27,20.62,0.58,0.99
HSBC Large Cap Dir IDCW-P,Above Average,-0.3,0.99,93.28,14.11,0.69
Sundaram Low Duration Dir Gr,Above Average,-0.3,4.19,56.36,0.48,1.82
HSBC Money Market Dir Gr,Average,-0.3,3.53,64.9,0.39,1.82
Nippon India U/ST Duration Dir Mn IDCW-P,Above Average,-0.3,3.66,44.06,0.46,1.52
UTI Money Market Reg Frntly IDCW-P,Below Average,-0.3,3.41,54.43,0.39,1.63
Bandhan Bkg & PSU Dbt Reg IDCW-P,Average,-0.3,0.86,67.58,0.86,0.67
Navi Liquid Dir Mn IDCW-P,–,-0.3,3.16,2.39,1.57,0.33
Sundaram Corp Bond Dir Mn IDCW-P,Below Average,-0.3,0.53,38.62,0.72,0.34
UTI Gilt Dir IDCW-P,Average,-0.3,0.97,59.93,2.23,0.77
Sundaram Liquid Dl IDCW-R,–,-0.3,0.8,13.14,0.51,-0.91
Baroda BNP P Shrt Dur Reg Qt IDCW-P,Below Average,-0.3,1.13,82.53,0.99,0.84
SBI Magnum Constant Mat Reg Gr,Below Average,-0.3,0.8,90.56,2.54,0.92
Quant ELSS Tax Save rGr,High,-0.3,1.1,83.36,17.22,0.67
ICICI Pru Money Market Dir Wk IDCW-P,Average,-0.3,3.35,30.76,0.5,1.22
SBI Magnum Constant Mat Reg IDCW-P,Average,-0.3,0.8,90.56,2.54,0.92
360 ONE Liquid Reg Dl IDCW-R,–,-0.3,0.83,27.62,0.21,-0.7
Bandhan Bkg & PSU Dbt Reg Gr,Below Average,-0.3,0.86,67.62,0.86,0.67
HSBC Large Cap Dir IDCW-R,Above Average,-0.3,0.99,93.28,14.11,0.69
Bandhan Bkg & PSU Dbt Reg IDCW-R,Average,-0.3,0.86,67.58,0.86,0.67
Sundaram Corp Bond Dir Mn IDCW-T,Below Average,-0.3,0.53,38.62,0.72,0.34
Navi Liquid Dir Mn IDCW-R,–,-0.3,3.16,2.39,1.57,0.33
Sundaram Liquid Dl IDCW-T,–,-0.3,0.8,13.14,0.51,-0.91
SBI Magnum Constant Mat Reg IDCW-R,Average,-0.3,0.8,90.56,2.54,0.92
Sundaram Corp Bond Dir Mn IDCW-R,Below Average,-0.3,0.53,38.62,0.72,0.34
UTI Money Market Reg Frntly IDCW-R,Below Average,-0.3,3.41,54.43,0.39,1.63
ICICI Pru Money Market Dir Wk IDCW-R,Average,-0.3,3.35,30.76,0.5,1.22
UTI Gilt Dir IDCW-R,Average,-0.3,0.97,59.93,2.23,0.77
Nippon India U/ST Duration Dir Mn IDCW-R,Above Average,-0.3,3.66,44.06,0.46,1.52
Edelweiss Nifty 50 Index Dir IDCW-P,–,-0.3,1,99.99,13.09,0.65
Aditya BSL Ret Fd 40s Reg Gr,–,-0.3,1.07,87.35,10.97,0.72
Axis Overnight Dir Dl IDCW-R,–,-0.3,-0.65,2.03,0.37,-1.33
Axis Overnight Reg Gr,–,-0.3,0.11,13.25,0.17,-12.02
Axis Overnight Reg Wk IDCW-P,–,-0.3,0.1,12.21,0.17,-12.21
Axis Overnight Reg Mn IDCW-P,–,-0.3,0.11,13.94,0.17,-11.98
Axis Overnight Reg Wk IDCW-R,–,-0.3,0.1,12.21,0.17,-12.21
Axis Overnight Reg Mn IDCW-R,–,-0.3,0.11,13.94,0.17,-11.98
Aditya BSL ESG Intg Stgy Dir IDCW-P,Above Average,-0.3,0.95,83.38,14.86,0.53
Aditya BSL ESG Intg Stgy Dir IDCW-R,Above Average,-0.3,0.95,83.38,14.86,0.53
WhiteOak Capital Ultr S/DDirFortn IDCW-P,Above Average,-0.3,1.75,17.18,0.38,0.46
WhiteOak Capital Ultr S/DDirFortn IDCW-R,Above Average,-0.3,1.75,17.18,0.38,0.46
Edelweiss NIFTY Lrg Md Cp 250 IdxDrIDCWR,–,-0.3,0.99,99.99,14.91,0.92
Sundaram Money Market Reg Wk IDCW-T,–,-0.3,1.83,18.42,0.57,-0.02
Edelweiss Overnight Reg Fr IDCW-P,–,-0.3,0.06,1.38,0.19,-7.27
Axis Money Market Reg Ann IDCW-R,Low,-0.3,3.28,69.59,0.34,1.81
Axis Money Market Reg Ann IDCW-P,Low,-0.3,3.28,69.59,0.34,1.81
Edelweiss NIFTY Lrg Md Cp 250 IdxDrIDCWT,–,-0.3,0.99,99.99,14.91,0.92
Edelweiss NIFTY Lrg Md Cp 250 IdxDrIDCWP,–,-0.3,0.99,99.99,14.91,0.92
Edelweiss NIFTY Lrg Md Cp 250 Idx DrGr,–,-0.3,0.99,99.99,14.91,0.92
UTI Focused Reg Gr,Average,-0.3,0.94,90.18,14.3,0.72
UTI Focused Reg IDCW-P,Average,-0.3,0.94,90.18,14.3,0.72
UTI Focused Reg IDCW-R,Average,-0.3,0.94,90.18,14.3,0.72
UTI Focused Reg IDCW-T,Average,-0.3,0.94,90.18,14.3,0.72
Edelweiss Nifty 50 Index Dir IDCW-T,–,-0.3,1,99.99,13.09,0.65
Edelweiss Nifty 50 Index Dir IDCW-R,–,-0.3,1,99.99,13.09,0.65
Edelweiss Nifty 50 Index Dir Gr,–,-0.3,1,99.99,13.08,0.65
SBI Short Term Debt Reg Mn IDCW-P,Average,-0.31,1.06,83.74,0.94,0.8
SBI Short Term Debt Retl Gr,Below Average,-0.31,1.06,83.71,0.94,0.8
SBI Short Term Debt Retl Wk IDCW-P,Below Average,-0.31,1.06,83.72,0.94,0.8
Tata Young Citizens Upto 3 yrs Dir Gr,–,-0.31,0.48,83.9,7.4,–
SBI Short Term Debt Reg Wk IDCW-P,Below Average,-0.31,1.06,83.74,0.94,0.8
Kotak Liquid Dir Dl IDCW-R,–,-0.31,1.7,38.11,0.27,0.62
Invesco India Money Market DirDis IDCW-P,Above Average,-0.31,3.56,62.9,0.39,1.77
Invesco India Money Market Dir Dl IDCW-R,Average,-0.31,3.11,37.08,0.43,1.25
SBI Short Term Debt Retl Mn IDCW-P,Average,-0.31,1.06,83.71,0.94,0.81
Axis Dynamic Bond Dir Qt IDCW-P,Average,-0.31,1.2,89.48,2.17,0.89
SBI Short Term Debt Reg Gr,Below Average,-0.31,1.06,83.72,0.94,0.8
SBI Short Term Debt Retl Fr IDCW-P,Below Average,-0.31,1.06,83.71,0.94,0.81
SBI Short Term Debt Reg Fr IDCW-P,Below Average,-0.31,1.06,83.7,0.94,0.81
Tata Young Citizens >3 yrs -7 yrs Dir Gr,–,-0.31,0.48,83.9,7.4,–
SBI Overnight Fund Dir Gr,–,-0.31,0.07,9.39,0.16,-17.73
Invesco India Money Market Dir Gr,Average,-0.31,3.56,62.96,0.39,1.76
SBI Overnight Fund Dir Dl IDCW-R,–,-0.31,0.07,9.37,0.16,-17.74
HDFC Money Market Dl IDCW-R,Average,-0.31,3.3,48.12,0.41,1.48
DSP Banking & PSU Debt Reg Gr,Average,-0.31,1.34,61.16,1.39,0.75
Aditya BSL Money Mgr Reg Dl IDCW-R,Average,-0.31,3.19,59.13,0.35,1.6
SBI Overnight Fund Dir Wk IDCW-P,–,-0.31,0.07,9.34,0.16,-17.73
HDFC Liquid Dl IDCW-R,–,-0.31,1.18,41.54,0.22,-0.07
ICICI Pru Savings Dir Fr IDCW-P,Above Average,-0.31,4.62,7.35,1.29,0.67
Kotak Money Market Reg Gr,Below Average,-0.31,3.63,68.47,0.38,1.85
Sundaram Agg Hybrid Gr,Below Average,-0.31,1.05,93.41,10.41,0.74
ICICI Pru Savings Dir Fr IDCW-R,Above Average,-0.31,4.62,7.35,1.29,0.67
SBI Short Term Debt Retl Fr IDCW-R,Below Average,-0.31,1.06,83.71,0.94,0.81
Invesco India Money Market DirDis IDCW-R,Above Average,-0.31,3.56,62.9,0.39,1.77
SBI Short Term Debt Reg Mn IDCW-R,Average,-0.31,1.06,83.74,0.94,0.8
SBI Short Term Debt Reg Wk IDCW-R,Below Average,-0.31,1.06,83.74,0.94,0.8
SBI Overnight Fund Dir Wk IDCW-R,–,-0.31,0.07,9.34,0.16,-17.73
SBI Short Term Debt Reg Fr IDCW-R,Below Average,-0.31,1.06,83.7,0.94,0.81
SBI Short Term Debt Retl Mn IDCW-R,Average,-0.31,1.06,83.71,0.94,0.81
SBI Short Term Debt Retl Wk IDCW-R,Below Average,-0.31,1.06,83.72,0.94,0.8
Axis Dynamic Bond Dir Qt IDCW-R,Average,-0.31,1.2,89.48,2.17,0.89
Baroda BNP P Overnight Reg Wly ICDW,–,-0.31,0.02,0.02,0.17,-2.65
Motilal Oswal Nifty Next 50 Index Dir Gr,–,-0.31,1,100,19.51,0.71
Baroda BNP P Overnight Dir ICDW,–,-0.31,0.12,5.99,0.16,-7.5
Groww Overnight Dir Mn IDCW-R,–,-0.31,-0.29,3.17,0.22,-3.07
Axis Money Market Reg Gr,Below Average,-0.31,3.74,67.97,0.39,1.88
Axis Money Market Reg Mn IDCW-P,Below Average,-0.31,3.74,68,0.39,1.88
Axis Money Market Reg Mn IDCW-R,Below Average,-0.31,3.74,68,0.39,1.88
Invesco India Overnight Reg Wkly IDCW-R,–,-0.31,0.05,5.12,0.16,-16.38
Union Corporate Bond Fund Dir Gr,Average,-0.31,1.31,80.83,1.19,0.86
Groww Overnight Dir Mn IDCW-T,–,-0.31,-0.29,3.17,0.22,-3.07
Invesco India Corp Bond Reg Dis IDCW-P,Below Average,-0.31,1.27,83.56,1.12,0.86
Union Corporate Bond Fund Dir IDCW-R,Average,-0.31,1.31,80.83,1.19,0.86
Franklin India Overnight UC Red,–,-0.31,-0.03,0.21,0.18,-6.37
Franklin India Overnight UC IDCW,–,-0.31,-0.03,0.21,0.18,-6.37
Union Corporate Bond Fund Dir IDCW-P,Average,-0.31,1.31,80.83,1.19,0.86
Groww Overnight Dir Mn IDCW-P,–,-0.31,-0.29,3.17,0.22,-3.07
PGIM India Large Cap Dr Pl IDCW-P,Average,-0.32,0.91,84.5,13.63,0.65
Bandhan Corporate Bond Reg HY IDCW-P,Average,-0.32,1.04,67.57,1.02,0.71
Bank of India Liquid Dir Dl IDCW-R,–,-0.32,0.87,2,0.49,-0.22
PGIM India Liquid Bns Opt,–,-0.32,1.1,74.83,0.47,0.39
Groww Liquid Fund Dir Ftn IDCW-P,–,-0.32,1.54,21.74,0.31,0.29
Sundaram Shrt Dur Gr,Above Average,-0.32,1.03,73.36,0.99,0.74
Nippon India Short Term Gr,Average,-0.32,1.22,90.73,1.04,0.87
Kotak Money Market Reg Mn IDCW-P,Below Average,-0.32,3.61,67.93,0.38,1.82
Bandhan Bkg & PSU Dbt Reg Mn IDCW-P,Below Average,-0.32,0.84,66.5,0.84,0.63
UTI Overnight Reg Gr,–,-0.32,0.06,7.59,0.17,-20.22
HDFC Overnight Dir Gr,–,-0.32,0.05,5.82,0.16,-18.5
Invesco India Money Market Dir Mn IDCW-P,Average,-0.32,3.54,61.82,0.39,1.71
Canara Robeco Corporate Bond Dir IDCW-P,High,-0.32,1.84,17.35,3.51,0.43
Groww Liquid Fund Dir Ftn IDCW-R,–,-0.32,1.54,21.74,0.31,0.29
HSBC Money Market Dir Mn IDCW-P,Average,-0.32,3.48,65.05,0.38,1.73
Bandhan Corporate Bond Reg HY IDCW-R,Average,-0.32,1.04,67.57,1.02,0.71
UTI Overnight Reg IDCW-P,–,-0.32,0.06,7.6,0.17,-20.2
Franklin India Money Mkt Dir Qt IDCW-P,High,-0.32,3.86,66.26,0.41,1.84
Franklin India Money Mkt Dir Qt IDCW-R,High,-0.32,3.86,66.26,0.41,1.84
HSBC Money Market Dir Mn IDCW-R,Average,-0.32,3.48,65.05,0.38,1.73
UTI Overnight Reg IDCW-R,–,-0.32,0.06,7.6,0.17,-20.2
Bank of India Liquid Dir Dl IDCW-T,–,-0.32,0.87,2,0.49,-0.22
PGIM India Large Cap Dr Pl IDCW-R,Average,-0.32,0.91,84.5,13.63,0.65
Bandhan Bkg & PSU Dbt Reg Mn IDCW-R,Below Average,-0.32,0.84,66.5,0.84,0.63
Kotak Money Market Reg Mn IDCW-R,Below Average,-0.32,3.61,67.93,0.38,1.82
Invesco India Money Market Dir Mn IDCW-R,Average,-0.32,3.54,61.82,0.39,1.71
Canara Robeco Corporate Bond Dir IDCW-R,High,-0.32,1.84,17.35,3.51,0.43
SBI Corporate Bond Reg Mn IDCW-P,Below Average,-0.32,1.2,79.94,1.09,0.81
Franklin India Overnight Dir Gr,–,-0.32,0.05,3.5,0.16,-15.36
UTI Corporate Bond Reg Ann IDCW-R,Below Average,-0.32,1.16,81.56,1.03,0.81
TRUSTMF Overnight Reg Gr,–,-0.32,-0.05,0.89,0.17,-7.46
Sundaram Short Dur Reg Principal Units-R,Below Average,-0.32,1.03,73.33,0.99,0.74
Edelweiss Overnight Dir Ann IDCW-R,–,-0.32,0.05,3.63,0.17,-16.81
Edelweiss Overnight Dir Ann IDCW-P,–,-0.32,0.05,3.63,0.17,-16.81
SBI Corporate Bond Reg Qt IDCW-P,Below Average,-0.32,1.2,79.95,1.09,0.81
PGIM India Overnight Reg Wk IDCW-R,–,-0.32,-0.18,0.3,0.3,-1.46
WhiteOak Capital Liquid Reg Gr,–,-0.32,1.44,64.56,0.25,0.34
PGIM India Overnight Reg Wk IDCW-P,–,-0.32,-0.18,0.3,0.3,-1.46
Bandhan Ultra Short Term Dir Gr,Below Average,-0.32,3.05,75.91,0.32,1.74
WhiteOak Capital Liquid Reg Mn IDCW-R,–,-0.32,1.44,64.26,0.24,0.38
WhiteOak Capital Liquid Dir Fortn IDCW-R,–,-0.32,0.98,7.8,0.33,-0.24
WhiteOak Capital Liquid Dir Fortn IDCW-P,–,-0.32,0.98,7.8,0.33,-0.24
WhiteOak Capital Liquid Reg Mn IDCW-P,–,-0.32,1.44,64.26,0.24,0.38
SBI Corporate Bond Reg Gr,Below Average,-0.32,1.2,79.93,1.09,0.82
SBI Corporate Bond Reg Qt IDCW-R,Below Average,-0.32,1.2,79.95,1.09,0.81
SBI Corporate Bond Reg Mn IDCW-R,Below Average,-0.32,1.2,79.94,1.09,0.81
Kotak Money Market Reg Dl IDCW-R,–,-0.33,0.58,2.59,0.51,-0.14
Sundaram Banking & PSU Reg Gr,Below Average,-0.33,1.2,83.37,1.07,0.82
Edelweiss Bnkg & PSU Debt Dir Gr,Above Average,-0.33,2.03,85.94,1.74,0.97
DSP Banking & PSU Debt Dir Dl IDCW-R,Average,-0.33,1.33,62.67,1.35,0.74
DSP 10Y G-Sec Reg Gr,Average,-0.33,0.76,85.26,2.48,0.87
Sundaram Banking & PSU Reg Bns,Below Average,-0.33,1.2,83.36,1.07,0.82
Quantum Liquid Dir Dl IDCW-R,–,-0.33,0.29,0.33,0.41,-0.65
Edelweiss Overnight Unc Red Upto 3 ys,–,-0.33,0.05,4.1,0.17,-16.87
Edelweiss Overnight Unc IDCW Upto 3 ys,–,-0.33,0.05,4.08,0.17,-16.89
Edelweiss Overnight Unc Red Above 3 ys,–,-0.33,0.05,4.1,0.17,-16.87
Navi Nifty Bank Index Dir Gr,–,-0.33,1,100,14.95,0.68
Navi Nifty Next 50 Index Dir Gr,–,-0.33,1,99.98,19.49,0.71
JM Overnight Reg Wk IDCW-P,–,-0.33,-0.23,3.31,0.2,-4.04
Aditya BSL Nifty MdCp 150 Idx Dir Gr,–,-0.33,1,99.97,17.01,1.08
Aditya BSL Nifty MdCp 150 Idx Dir IDCW-P,–,-0.33,1,99.97,17.01,1.08
Aditya BSL Nifty MdCp 150 Idx Dir IDCW-R,–,-0.33,1,99.97,17.01,1.08
JM Overnight Reg Wk IDCW-R,–,-0.33,-0.23,3.31,0.2,-4.04
Edelweiss Overnight Dir Mn IDCW-P,–,-0.33,0.06,5.38,0.17,-16.99
Edelweiss Overnight Dir Mn IDCW-R,–,-0.33,0.06,5.38,0.17,-17
Axis Money Market Reg Qt IDCW-R,Above Average,-0.33,3.75,68.4,0.39,1.83
Axis Money Market Reg Qt IDCW-P,Above Average,-0.33,3.75,68.4,0.39,1.83
Edelweiss Overnight Dir Gr,–,-0.33,0.05,4.11,0.17,-16.86
HSBC Overnight Reg Wk IDCW-P,–,-0.33,-0.13,0.33,0.28,-2.04
Sundaram large and Mid Cap IDCW-P,Above Average,-0.34,1.01,91.26,15.09,0.7
HSBC Medium Duration Dir IDCW-P,Average,-0.34,1.41,55.95,1.5,0.71
ICICI Pru Medium Term Bond Qt IDCW-P,Above Average,-0.34,0.59,4.01,2.37,0.11
Invesco India Corp Bond Reg Gr,Average,-0.34,1.27,83.57,1.12,0.83
Invesco India Corp Bond Reg Mn IDCW-P,Average,-0.34,1.27,83.57,1.12,0.83
UTI Nifty 50 Index Fund Reg IDCW-P,–,-0.34,1,100,13.13,0.65
DSP Liquidity Reg Dl IDCW-R,–,-0.34,1.24,29.11,0.23,-0.14
Quant Liquid Gr,–,-0.34,1.04,53.81,0.22,-0.71
UTI Nifty 50 Index Fund Reg Gr,–,-0.34,1,100,13.13,0.65
DSP S/T Reg Mn IDCW-P,Above Average,-0.34,1.12,30.85,1.64,0.48
HSBC Medium Duration Dir IDCW-R,Average,-0.34,1.41,55.95,1.5,0.71
DSP S/T Reg Mn IDCW-R,Above Average,-0.34,1.12,30.85,1.64,0.48
Invesco India Corp Bond Reg Mn IDCW-R,Average,-0.34,1.27,83.57,1.12,0.83
ICICI Pru Medium Term Bond Qt IDCW-R,Above Average,-0.34,0.59,4.01,2.37,0.11
Sundaram large and Mid Cap IDCW-R,Above Average,-0.34,1.01,91.26,15.09,0.7
Sundaram large and Mid Cap IDCW-T,Above Average,-0.34,1.01,91.26,15.09,0.7
UTI Nifty 50 Index Fund Reg IDCW-R,–,-0.34,1,100,13.13,0.65
Invesco India Overnight Reg Gr,–,-0.34,0.05,5.69,0.17,-18.73
WhiteOak Capital Ultr S/D Dir Mn IDCW-P,Below Average,-0.34,2.54,69.66,0.3,1.34
Invesco India Overnight Reg Mn IDCW-P,–,-0.34,0.04,2.34,0.17,-17.08
Invesco India Overnight Reg Mn IDCW-R,–,-0.34,0.04,2.34,0.17,-17.08
DSP Corporate Bond Direct IDCW-R,High,-0.34,1.27,1.5,8.35,0.11
Mirae Asset Ultra S/D Reg Gr,Below Average,-0.34,2.89,72.6,0.33,1.56
Canara Robeco Overnight Reg Gr,–,-0.34,-0.01,0.08,0.16,-17
Canara Robeco Overnight Dir Gr,–,-0.34,-0.01,0.08,0.16,-16.45
DSP Corporate Bond Direct IDCW-P,High,-0.34,1.27,1.5,8.35,0.11
WhiteOak Capital Ultr S/D Dir Mn IDCW-R,Below Average,-0.34,2.54,69.66,0.3,1.34
Aditya BSL Business Cycle Dir IDCW-P,–,-0.34,0.96,96.66,14.25,0.74
Baroda BNP P Overnight Reg Gr,–,-0.34,0.06,6.02,0.16,-18.1
DSP Nifty Next 50 Index Dir Gr,–,-0.34,1,99.99,19.54,0.71
Kotak Nifty 50 Index Dir Gr,–,-0.34,1,99.99,13.11,0.65
DSP Overnight Reg Gr,–,-0.34,0.05,0.91,0.17,-8.56
JM Low Duration Dir Wk IDCW-R,Above Average,-0.35,3.52,28.13,0.56,1.09
Baroda BNP P Low Dur Reg Dl IDCW-R,Above Average,-0.35,-0.75,0.09,1.93,-0.28
LIC MF BSE Sensex Index Dir Gr,–,-0.35,1,99.99,12.67,0.62
Union Liquid Wk IDCW-R,–,-0.35,0.96,10.12,0.31,-0.43
Tata BSE Sensex Index Dir,–,-0.35,1,100,12.67,0.62
HDFC Money Market Gr,Average,-0.35,3.66,67.35,0.39,1.73
LIC MF BSE Sensex Index Dir IDCW-P,–,-0.35,1,99.99,12.67,0.62
Sundaram Shrt Dur Mn IDCW-P,Above Average,-0.35,1.03,73.52,0.98,0.7
LIC MF BSE Sensex Index Dir IDCW-R,–,-0.35,1,99.99,12.67,0.62
Sundaram Shrt Dur Mn IDCW-R,Above Average,-0.35,1.03,73.52,0.98,0.7
UTI Nifty Next 50 Index Dir Gr,–,-0.35,1,100,19.54,0.71
ICICI Pru BSE Sensex Index Gr,–,-0.35,1,100,12.71,0.62
ICICI Pru BSE Sensex Index IDCW-P,–,-0.35,1,100,12.71,0.62
ICICI Pru BSE Sensex Index IDCW-R,–,-0.35,1,100,12.71,0.62
Kotak Focused Equity Reg IDCW-R,Below Average,-0.35,0.9,96.24,13.28,0.74
Sundaram Shrt Dur Reg Mn IDCW-T,Above Average,-0.35,1.03,73.52,0.98,0.7
Kotak Nifty 50 Index Dir IDCW-P,–,-0.35,1,99.99,13.12,0.65
Kotak Nifty 50 Index Dir IDCW-R,–,-0.35,1,99.99,13.12,0.65
Bandhan Floating Rate Dir Qt IDCW-R,Above Average,-0.35,5.39,5.82,1.71,0.61
Bandhan Floating Rate Dir Qt IDCW-P,Above Average,-0.35,5.39,5.82,1.71,0.61
Bandhan Floating Rate Dir Qt IDCW-T,Above Average,-0.35,5.39,5.82,1.71,0.61
ITI Overnight Dir Ann IDCW-R,–,-0.35,0.02,0.24,9.59,–
ICICI Pru Nifty Bank Index Dir Gr,–,-0.35,1,100,14.9,0.68
ICICI Pru Nifty Bank Index Dir IDCW-R,–,-0.35,1,100,14.9,0.68
ICICI Pru Nifty Bank Index Dir IDCW-P,–,-0.35,1,100,14.9,0.68
DSP Corporate Bond Direct Mly IDCW-R,Above Average,-0.35,1.52,39.69,1.93,0.61
Sundaram Short Dur Reg Ann IDCW,Below Average,-0.35,1.03,73.36,0.98,0.71
WhiteOak Capital Ultr S/D Dir Gr,Below Average,-0.35,2.56,69.86,0.3,1.32
Kotak Focused Equity Reg Gr,Below Average,-0.35,0.9,96.24,13.28,0.74
ITI Banking & PSU Reg IDCW-R,Low,-0.35,0.73,59.44,0.77,0.51
ITI Banking & PSU Reg IDCW-P,Low,-0.35,0.73,59.44,0.77,0.51
ITI Banking & PSU Reg Gr,Low,-0.35,0.73,59.48,0.77,0.5
Kotak Focused Equity Reg IDCW-P,Below Average,-0.35,0.9,96.24,13.28,0.74
Mirae Asset Ultra Short Dur Reg IDCW-R,Below Average,-0.35,2.92,72.98,0.33,1.54
Mirae Asset Ultra Short Dur Reg IDCW-P,Below Average,-0.35,2.92,72.98,0.33,1.54
Motilal Oswal Nifty 500 Dir Gr,–,-0.35,1,100,14.47,0.77
PGIM India Overnight Reg Gr,–,-0.35,0.08,6.2,0.16,-14.14
DSP Corporate Bond Direct Mly IDCW-P,Above Average,-0.35,1.52,39.69,1.93,0.61
LIC MF Overnight Reg Wk IDCW-R,–,-0.35,0.08,7.68,0.17,-14.33
DSP Nifty 50 Index Dir IDCW-P,–,-0.35,1,99.98,13.16,0.65
Mirae Asset Overnight Reg Gr,–,-0.35,0.08,4.32,0.17,-10.75
Mirae Asset Overnight Reg Mn IDCW-P,–,-0.35,0.07,3.1,0.17,-10.99
Mirae Asset Money Market Dir Gr,Average,-0.35,3.68,66.16,0.41,1.73
DSP Nifty 50 Index Dir IDCW-R,–,-0.35,1,99.98,13.16,0.65
Mirae Asset Overnight Reg Mn IDCW-R,–,-0.35,0.07,3.1,0.17,-10.99
Mirae Asset Overnight Reg Wk IDCW-R,–,-0.35,0.05,1.52,0.17,-10.7
Union Liquid Dir Wk IDCW-R,–,-0.36,1.35,17.01,0.31,-0.03
Nippon India Low Duration Dir Qt IDCW-P,Average,-0.36,4.26,61.25,0.44,1.75
UTI Credit Risk Reg Gr,Above Average,-0.36,0.9,73.21,0.87,0.65
UTI Credit Risk Reg IDCW-P,Above Average,-0.36,0.9,73.17,0.87,0.65
UTI Credit Risk Reg Hf Yrly IDCW-P,Above Average,-0.36,0.9,73.17,0.87,0.65
Bank of India Liquid Reg Dl IDCW-R,–,-0.36,0.88,2.09,0.49,-0.29
UTI Credit Risk Reg Fl IDCW-P,Above Average,-0.36,0.9,73.15,0.87,0.64
Canara Robeco Gilt Dir Gr,Average,-0.36,1.15,65.31,2.53,0.8
Aditya BSL Regular Sav Reg Gr,Average,-0.36,1,80.57,3.54,0.81
HSBC Liquid Reg Gr,–,-0.36,1.72,56.87,0.3,0.47
Bandhan Asset Alloc FOF Consv Dir Gr,–,-0.36,1.06,86.86,3.63,0.85
Edelweiss Govt Sec Dir Gr,Below Average,-0.36,1.23,71.23,2.61,0.85
ICICI Pru Liquid Instl I,–,-0.36,0.8,63.88,0.24,–
Nippon India Short Term Mn IDCW-P,Average,-0.36,1.2,90.83,1.02,0.84
Axis Dynamic Bond Dir HY IDCW-P,Average,-0.36,1.21,89.75,2.18,0.87
Nippon India Money Market Qt IDCW-P,Average,-0.36,3.63,69.23,0.37,1.71
UTI Credit Risk Reg Ann IDCW-P,Above Average,-0.36,0.9,73.16,0.87,0.64
UTI Credit Risk Reg Mn IDCW-P,Above Average,-0.36,0.9,73.19,0.87,0.65
UTI Credit Risk Reg Mn IDCW-R,Above Average,-0.36,0.9,73.19,0.87,0.65
Bank of India Liquid Reg Dl IDCW-T,–,-0.36,0.88,2.09,0.49,-0.29
UTI Credit Risk Reg Hf Yrly IDCW-R,Above Average,-0.36,0.9,73.17,0.87,0.65
Nippon India Short Term Mn IDCW-R,Average,-0.36,1.2,90.83,1.02,0.84
Aditya BSL Regular Sav Reg Mn Pay,Average,-0.36,1,80.57,3.54,0.81
UTI Credit Risk Reg IDCW-R,Above Average,-0.36,0.9,73.17,0.87,0.65
Axis Dynamic Bond Dir HY IDCW-R,Average,-0.36,1.21,89.75,2.18,0.87
UTI Credit Risk Reg Fl IDCW-R,Above Average,-0.36,0.9,73.15,0.87,0.64
Nippon India Low Duration Dir Qt IDCW-R,Average,-0.36,4.26,61.25,0.44,1.75
UTI Credit Risk Reg Ann IDCW-R,Above Average,-0.36,0.9,73.16,0.87,0.64
Nippon India Money Market Qt IDCW-R,Average,-0.36,3.63,69.23,0.37,1.71
Nippon India Overnight Reg Gr,–,-0.36,0.12,23.66,0.17,-17.32
Nippon India Overnight Reg Wkly IDCW-R,–,-0.36,0.12,24.74,0.16,-16.83
ITI Liquid Reg Fortn IDCW-P,–,-0.36,0.58,15.36,0.19,-1.86
Nippon India Overnight Reg Mn IDCW-P,–,-0.36,0.12,23.72,0.17,-17.52
Nippon India Overnight Reg Mn IDCW-R,–,-0.36,0.12,23.72,0.17,-17.52
Nippon India Overnight Reg Qt IDCW-P,–,-0.36,0.12,24.15,0.17,-17.25
Nippon India Overnight Reg Qt IDCW-R,–,-0.36,0.12,24.15,0.17,-17.25
ITI Liquid Reg Fortn IDCW-R,–,-0.36,0.58,15.36,0.19,-1.86
Edelweiss Govt Sec Dir IDCW-P,Average,-0.36,1.23,71.24,2.61,0.85
Canara Robeco Overnight Dir Dl IDCW-R,–,-0.36,-0.05,0.87,0.16,-8.69
JM Overnight Reg Gr,–,-0.36,-0.11,3.76,0.17,-8.63
Edelweiss Govt Sec Dir IDCW-R,Average,-0.36,1.23,71.24,2.61,0.85
Aditya BSL Savings Dl IDCW-R,Average,-0.37,2.8,50.22,0.34,1.16
Invesco India UShrtDur Dir Qt IDCW-P,Average,-0.37,3.07,68.37,0.33,1.46
Sundaram Banking & PSU Reg Mn IDCW-P,Average,-0.37,1.19,83.32,1.06,0.79
ICICI Pru Money Market Wk IDCW-P,Average,-0.37,3.36,32.15,0.49,1.09
Sundaram Banking & PSU Reg Mn IDCW-T,Average,-0.37,1.19,83.32,1.06,0.79
Sundaram Banking & PSU Reg Mn IDCW-R,Average,-0.37,1.19,83.32,1.06,0.79
Parag Parikh Liquid Dir Gr,–,-0.37,1.13,66.56,0.21,-0.71
Invesco India UShrtDur Dir Qt IDCW-R,Average,-0.37,3.07,68.37,0.33,1.46
ICICI Pru Money Market Wk IDCW-R,Average,-0.37,3.36,32.15,0.49,1.09
Bandhan Overnight Reg Prdic IDCW-P,–,-0.37,0.05,5.32,0.17,-23.09
Bandhan Overnight Reg Gr,–,-0.37,0.05,6.26,0.16,-23.1
Sundaram Money Market Dir Gr,Low,-0.37,3.44,61.69,0.39,1.53
Nippon India Overnight Reg Daily IDCW-R,–,-0.37,0.1,12.31,0.16,-16.14
Canara Robeco Overnight Reg Dl IDCW-R,–,-0.37,-0.07,1.22,0.16,-7.55
ICICI Pru MNC Reg IDCW-P,–,-0.37,0.78,80.8,12.81,0.58
ICICI Pru MNC Reg IDCW-R,–,-0.37,0.78,80.8,12.81,0.58
HSBC Ultra Short Duration Dir Wk IDCW-R,Average,-0.37,2.47,20.78,0.46,0.64
Kotak Overnight Reg Gr,–,-0.37,0.08,2.87,0.17,-9.9
ICICI Pru Overnight Reg Gr,–,-0.37,0.09,3.94,0.17,-9.44
SBI Nifty Next 50 Index Dir Gr,–,-0.37,1,100,19.54,0.7
SBI Nifty Next 50 Index Dir IDCW-P,–,-0.37,1,100,19.54,0.7
ITI Overnight Reg Mn IDCW-P,–,-0.37,-3.48,7.51,1.01,-1.3
Motilal Oswal Liquid Dir Fr IDCW-R,–,-0.37,1.14,63.05,0.22,-0.71
Franklin India Overnight Reg Gr,–,-0.37,0.06,4.65,0.16,-17.44
ITI Overnight Reg Mn IDCW-R,–,-0.37,-3.48,7.51,1.01,-1.3
SBI Nifty Next 50 Index Dir IDCW-R,–,-0.37,1,100,19.54,0.7
ITI Liquid Reg Gr,–,-0.37,0.94,55.87,0.19,-1.28
Bandhan Bond S/T Dir Fr IDCW-P,Average,-0.38,1.33,70.78,1.28,0.75
SBI Magnum Low Duration Dir Wk IDCW-P,Below Average,-0.38,4.46,68.12,0.45,1.85
SBI FMP Ser 56 1232D Dir IDCW-T,–,-0.38,0.69,68.37,1.43,–
SBI Magnum Low Duration Dir Gr,Below Average,-0.38,4.46,68.13,0.45,1.85
SBI Magnum Low Duration Dir Mn IDCW-P,Below Average,-0.38,4.47,68.19,0.45,1.85
Invesco India Corp Bond Reg Qt IDCW-P,Average,-0.38,1.26,84.04,1.12,0.8
Mirae Asset Large Cap Dir Gr,Below Average,-0.38,0.9,97.35,12.53,0.69
Union Liquid Dir Dl IDCW-R,–,-0.38,1.31,10.57,0.33,-0.13
SBI Magnum Low Duration Dir Fr IDCW-P,Below Average,-0.38,4.47,68.21,0.45,1.85
Axis Liquid Dl IDCW-R,–,-0.38,0.79,1.49,0.51,-0.36
Quantum Liquid Reg Mn IDCW-P,–,-0.38,1.09,83.05,0.21,-1.04
Quantum Liquid Reg Gr,–,-0.38,1.09,86.02,0.21,-1.14
HSBC Liquid Reg Wk IDCW-R,–,-0.38,1.44,26.77,0.33,-0.05
UTI Medium Duration Reg Flexi IDCW-P,Above Average,-0.38,1.51,56.52,1.62,0.7
SBI Magnum Low Duration Dir Dl IDCW-R,Below Average,-0.38,4.46,68.1,0.45,1.84
Invesco India Corp Bond Reg Qt IDCW-R,Average,-0.38,1.26,84.04,1.12,0.8
SBI Magnum Low Duration Dir Wk IDCW-R,Below Average,-0.38,4.46,68.12,0.45,1.85
Quantum Liquid Reg Mn IDCW-R,–,-0.38,1.09,83.05,0.21,-1.04
UTI Medium Duration Reg Flexi IDCW-R,Above Average,-0.38,1.51,56.52,1.62,0.7
SBI Magnum Low Duration Dir Fr IDCW-R,Below Average,-0.38,4.47,68.21,0.45,1.85
SBI Magnum Low Duration Dir Mn IDCW-R,Below Average,-0.38,4.47,68.19,0.45,1.85
Bandhan Bond S/T Dir Fr IDCW-R,Average,-0.38,1.33,70.78,1.28,0.75
Edelweiss Overnight Reg Wk IDCW-R,–,-0.38,0.06,5.46,0.16,-19.8
UTI BSE Sensex Index Fund Reg Gr,–,-0.38,1,100,12.71,0.62
Edelweiss Overnight Reg Gr,–,-0.38,0.04,3.56,0.17,-19.78
Mahindra Manu Overnight Reg Gr,–,-0.38,0.06,6.86,0.16,-20.66
Tata Overnight Reg Gr,–,-0.38,0.07,9.1,0.17,-20.8
Edelweiss Overnight Reg Ann IDCW-P,–,-0.38,0.05,3.62,0.17,-19.8
Motilal Oswal Liquid Dir Wk IDCW-R,–,-0.38,1.15,64.93,0.22,-0.8
Aditya BSL Overnight Reg Gr,–,-0.38,0.07,8.78,0.17,-21.17
HSBC Overnight Reg Gr,–,-0.38,0.08,3.24,0.17,-9.83
Union Liquid Mn IDCW-P,–,-0.39,1.6,11.65,0.4,0.06
Invesco India Low Dur Dir Wk IDCW-P,Below Average,-0.39,3.8,49.14,0.46,1.42
SBI Overnight Fund Reg Dl IDCW-R,–,-0.39,0.07,10.59,0.16,-21.54
UTI Money Market Reg Dl IDCW-R,Above Average,-0.39,5.67,23.99,0.89,1.2
HSBC Corporate Bond Dir Gr,Above Average,-0.39,1.9,89.89,1.59,0.94
SBI Overnight Fund Reg Gr,–,-0.39,0.07,10.41,0.16,-21.47
HDFC Banking & PSU Debt Reg IDCW-P,Average,-0.39,1.08,67.28,1.07,0.66
Canara Robeco Flexi Cap Reg Gr,Below Average,-0.39,0.91,97.02,13.46,0.74
DSP Bond Fund Reg Gr,Average,-0.39,1.63,89.64,1.37,0.9
Union Liquid Mn IDCW-R,–,-0.39,1.6,11.65,0.4,0.06
HDFC Banking & PSU Debt Reg IDCW-R,Average,-0.39,1.08,67.28,1.07,0.66
Invesco India Low Dur Dir Wk IDCW-R,Below Average,-0.39,3.8,49.14,0.46,1.42
ITI Overnight Reg Fortn IDCW-R,–,-0.39,0.06,2.56,0.16,-13.06
HSBC Overnight Reg Mn IDCW-R,–,-0.39,0.11,5.06,0.18,-9.58
HSBC Overnight Reg Mn IDCW-P,–,-0.39,0.11,5.06,0.18,-9.58
JM Overnight Reg Dl IDCW-R,–,-0.39,-0.12,1.62,0.17,-5.86
Franklin India Overnight Dir Dl IDCW-R,–,-0.39,-0.11,0.99,0.17,-4.86
Union Overnight Reg Gr,–,-0.39,0.09,12.1,0.17,-18.92
ITI Overnight Reg Fortn IDCW-P,–,-0.39,0.06,2.56,0.16,-13.06
Union Overnight Reg Mn IDCW-T,–,-0.39,0.08,7.31,0.17,-17.54
Groww Overnight Dir Gr,–,-0.39,-0.1,1.16,0.18,-5.96
Nippon India Nifty Midcap150IdxDirIDCW-R,–,-0.39,1,100,16.98,1.08
Nippon India Nifty Midcap150IdxDirIDCW-P,–,-0.39,1,100,16.98,1.08
Motilal Oswal Liquid Unclmd Red Upto3Yrs,–,-0.39,1.18,64.85,0.22,-0.77
Nippon India Nifty Midcap 150 Idx Dir Gr,–,-0.39,1,100,16.98,1.08
Nippon India Nifty 50 Value20I DirIDCW-R,–,-0.39,1,100,13.88,0.69
Nippon India Nifty 50 Value20I DirIDCW-P,–,-0.39,1,100,13.88,0.69
Nippon India Nifty 50 Value 20 I Dir Gr,–,-0.39,1,100,13.88,0.69
Union Overnight Reg Mn IDCW-P,–,-0.39,0.08,7.31,0.17,-17.54
Union Overnight Reg Mn IDCW-R,–,-0.39,0.08,7.31,0.17,-17.54
ICICI Pru Money Market Dir Dl IDCW-R,Above Average,-0.4,3.6,38.38,0.47,1.18
LIC MF Nifty Next 50 Index Dir Gr,–,-0.4,0.99,100,19.45,0.7
Aditya BSL FRF Reg Dl IDCW-R,Below Average,-0.4,4.19,47.73,0.48,1.46
Mirae Asset Aggressive Hybrid Reg Gr,Below Average,-0.4,1.08,96.51,10.52,0.75
Aditya BSL Income Dir Gr,Average,-0.4,1.08,89.48,1.96,0.83
DSP Ultra Short Reg IDCW-P,High,-0.4,-3.12,1.19,2.2,-0.55
SBI Magnum Global Reg IDCW-P,–,-0.4,0.63,65.03,11.45,0.51
Nippon India Money Market Wk IDCW-R,Average,-0.4,3.55,44.54,0.44,1.26
Franklin India Bank&PSU Dbt Gr,Average,-0.4,1.14,91.66,0.95,0.77
LIC MF Nifty Next 50 Index Dir IDCW-P,–,-0.4,0.99,100,19.45,0.7
Bandhan Asset Alloc FOF Consv Dir IDCW-P,–,-0.4,1.05,76.69,3.81,0.78
SBI Magnum Global Reg Gr,–,-0.4,0.63,65.03,11.45,0.51
SBI Overnight Fund Reg Wk IDCW-P,–,-0.4,0.08,14.35,0.16,-21.73
Bandhan Bond S/T Reg Qt IDCW-P,Above Average,-0.4,1.24,28.3,1.86,0.45
SBI Magnum Global Reg IDCW-R,–,-0.4,0.63,65.03,11.45,0.51
DSP Ultra Short Reg IDCW-R,High,-0.4,-3.12,1.19,2.2,-0.55
Bandhan Asset Alloc FOF Consv Dir IDCW-R,–,-0.4,1.05,76.69,3.81,0.78
SBI Overnight Fund Reg Wk IDCW-R,–,-0.4,0.08,14.35,0.16,-21.73
LIC MF Nifty Next 50 Index Dir IDCW-R,–,-0.4,0.99,100,19.45,0.7
Mirae Asset Money Market Dir IDCW-P,Average,-0.4,3.73,65.7,0.41,1.59
Mirae Asset Money Market Dir IDCW-R,Average,-0.4,3.73,65.7,0.41,1.59
Sundaram Money Market Dir Qt IDCW-T,Low,-0.4,3.46,62.21,0.38,1.46
LIC MF Overnight Reg Gr,–,-0.4,0.03,1.65,0.16,-20.31
Sundaram Money Market Dir Qt IDCW-R,Low,-0.4,3.46,62.21,0.38,1.46
Sundaram Money Market Dir Mn IDCW-R,Below Average,-0.4,3.43,61.73,0.39,1.43
Sundaram Money Market Dir Mn IDCW-T,Below Average,-0.4,3.43,61.73,0.39,1.43
Sundaram Money Market Dir Qt IDCW-P,Low,-0.4,3.46,62.21,0.38,1.46
Sundaram Money Market Dir Mn IDCW-P,Below Average,-0.4,3.43,61.73,0.39,1.43
Aditya BSL Pharma & Hlthcare Dir IDCW-P,–,-0.4,0.96,94.46,16.03,0.95
Aditya BSL Pharma & Hlthcare Dir IDCW-R,–,-0.4,0.96,94.46,16.03,0.95
Nippon India Nivesh Lakshya Reg QtIDCW-P,–,-0.4,1.83,85.32,3.4,0.89
Sundaram Overnight Reg Gr,–,-0.4,0.13,22.82,0.17,-17.65
Navi Nifty 50 Index Reg Gr,–,-0.4,1,100,13.13,0.65
Nippon India Nivesh Lakshya Reg QtIDCW-R,–,-0.4,1.83,85.32,3.4,0.89
Navi Liquid Reg Mn IDCW-P,–,-0.41,3.1,2.47,1.52,0.26
Bandhan Low Duration Dir Qt IDCW-P,Above Average,-0.41,3.66,3.28,1.55,0.34
Baroda BNP P Dynamic Bond Debt Reg Gr,Average,-0.41,1.04,81.51,1.97,0.78
ICICI Pru Savings Fr IDCW-P,Above Average,-0.41,4.6,7.42,1.28,0.6
Kotak Savings Fund Reg Wk IDCW-P,–,-0.41,0.82,4.43,0.56,–
Sundaram Liquid Wk IDCW-P,–,-0.41,1.19,12.79,0.55,-0.74
Axis Corporate Bond Reg IDCW-P,Average,-0.41,1.25,72.96,1.16,0.72
Axis Corporate Bond Reg IDCW-R,Average,-0.41,1.25,72.96,1.16,0.72
Bandhan Low Duration Dir Qt IDCW-R,Above Average,-0.41,3.66,3.28,1.55,0.34
ICICI Pru Savings Fr IDCW-R,Above Average,-0.41,4.6,7.42,1.28,0.6
Sundaram Liquid Wk IDCW-R,–,-0.41,1.19,12.79,0.55,-0.74
Navi Liquid Reg Mn IDCW-R,–,-0.41,3.1,2.47,1.52,0.26
Parag Parikh Liquid Dir Dl IDCW-R,–,-0.41,-1.94,5.08,0.68,-1.38
Tata Focused Equity Reg IDCW-P,Average,-0.41,0.94,91.8,14.17,0.72
Motilal Oswal Liquid Dir Mn IDCW-R,–,-0.41,1.18,65.32,0.22,-0.96
Union Money Market Dir Mn IDCW-P,Low,-0.41,3.12,65.96,0.34,1.34
Tata Focused Equity Reg IDCW-R,Average,-0.41,0.94,91.8,14.17,0.72
HSBC Overnight Reg Dl IDCW-R,–,-0.41,-0.19,1.98,0.19,-4.28
Tata Focused Equity Reg IDCW-T,Average,-0.41,0.94,91.8,14.17,0.72
DSP Corporate Bond Direct Qt IDCW-R,Above Average,-0.41,1.32,14.67,2.76,0.33
DSP Corporate Bond Direct Qt IDCW-P,Above Average,-0.41,1.32,14.67,2.76,0.33
Union Money Market Dir Mn IDCW-T,Low,-0.41,3.12,65.96,0.34,1.34
Union Money Market Dir Mn IDCW-R,Low,-0.41,3.12,65.96,0.34,1.34
Tata Focused Equity Reg Gr,Average,-0.41,0.94,91.8,14.17,0.72
Mahindra Manulife Dyn Bd Dir IDCW-R,Below Average,-0.41,1.1,86.47,2.03,0.81
Mahindra Manulife Dyn Bd Dir IDCW-P,Below Average,-0.41,1.1,86.47,2.03,0.81
Motilal Oswal Liquid Dir Mn IDCW-P,–,-0.41,1.18,65.32,0.22,-0.96
UTI Banking & PSU Dir Fl IDCW-P,High,-0.42,1.55,90.61,1.29,0.87
Bandhan Bond S/T Reg Prdic IDCW-P,Average,-0.42,1.34,85.83,1.16,0.79
UTI Low Duration Dir Mn IDCW-P,Above Average,-0.42,4.18,57.12,0.46,1.54
Nippon India Bnk& PSU Dbt Reg IDCW-P,Average,-0.42,1.32,83.09,1.17,0.77
Tata Treasury Advantage Dir Gr,Average,-0.42,4.11,59.68,0.45,1.56
Aditya BSL Income DAP,–,-0.42,0.92,90.18,2.14,-0.24
UTI Low Duration Dir Dl IDCW-R,Above Average,-0.42,4.18,57.12,0.46,1.54
Bandhan Liquid Reg Wk IDCW-P,–,-0.42,-0.88,1.09,0.66,-1
Sundaram Nifty 100 Equal Wgt Dir Gr,–,-0.42,0.98,99.91,15.91,0.75
Nippon India Bnk& PSU Dbt Reg Wk IDCW-P,Average,-0.42,1.32,83.09,1.17,0.77
Nippon India Bnk& PSU Dbt Reg Gr,Average,-0.42,1.32,83.09,1.17,0.77
ICICI Pru Liquid Retl Gr,–,-0.42,0.8,64.15,0.24,–
Franklin India Money Mkt Gr,Average,-0.42,3.83,64.62,0.41,1.54
Tata Gilt Securities Ret(28-02-25)IDCW,–,-0.42,0.71,51.12,2.05,-0.13
ICICI Pru Liquid Wk IDCW-P,–,-0.42,1.44,15.66,0.33,-0.19
UTI Low Duration Dir Qt IDCW-P,Above Average,-0.42,4.18,57.12,0.46,1.54
Baroda BNP P Dynamic Bond Debt Gr,Average,-0.42,1.04,81.71,1.97,0.78
Bandhan Bond S/T Reg Gr,Average,-0.42,1.34,85.81,1.16,0.79
Sundaram Agg Hybrid Mn IDCW-P,Below Average,-0.42,1.05,93.41,10.42,0.73
UTI Low Duration Dir Gr,Above Average,-0.42,4.18,57.12,0.46,1.54
Mahindra Manu Low Duration Dir Wk IDCW-R,Below Average,-0.42,4.06,33.77,0.54,1.17
UTI Banking & PSU Dir Qt IDCW-P,High,-0.42,1.55,90.63,1.29,0.87
DSP Liquidity Dir Dl IDCW-R,–,-0.42,1.23,8.3,0.33,-0.32
UTI Banking & PSU Dir Gr,High,-0.42,1.55,90.62,1.29,0.87
HDFC Nifty 50 Index,–,-0.42,1,100,13.12,0.64
HSBC Small Cap Fund Dir IDCW-P,Above Average,-0.42,0.89,93.48,18.33,0.91
Tata Gilt Securities Ret (28-02-25) Gr,–,-0.42,0.71,51.3,2.05,-0.13
ICICI Pru Savings Bns,–,-0.42,2.54,30.27,0.75,–
UTI Banking & PSU Dir HY IDCW-P,Above Average,-0.42,1.55,90.61,1.29,0.87
Bandhan Bond S/T Reg Prdic IDCW-R,Average,-0.42,1.34,85.83,1.16,0.79
ICICI Pru Liquid Instl Gr,–,-0.42,0.8,64.15,0.24,–
HDFC BSE Sensex Index,–,-0.42,1,100,12.71,0.62
HDFC Overnight Gr,–,-0.42,0.1,13.5,0.17,-19.5
ICICI Pru Liquid Wk IDCW-R,–,-0.42,1.44,15.66,0.33,-0.19
UTI Banking & PSU Dir Qt IDCW-R,High,-0.42,1.55,90.63,1.29,0.87
UTI Banking & PSU Dir Fl IDCW-R,High,-0.42,1.55,90.61,1.29,0.87
Nippon India Bnk& PSU Dbt Reg IDCW-R,Average,-0.42,1.32,83.09,1.17,0.77
UTI Banking & PSU Dir HY IDCW-R,Above Average,-0.42,1.55,90.61,1.29,0.87
Nippon India Bnk& PSU Dbt Reg Wk IDCW-R,Average,-0.42,1.32,83.09,1.17,0.77
UTI Low Duration Dir An IDCW-R,Above Average,-0.42,4.18,57.12,0.46,1.54
UTI Low Duration Dir An IDCW-P,Above Average,-0.42,4.18,57.12,0.46,1.54
UTI Low Duration Dir Mn IDCW-R,Above Average,-0.42,4.18,57.12,0.46,1.54
Bandhan Liquid Reg Wk IDCW-R,–,-0.42,-0.88,1.09,0.66,-1
Sundaram Agg Hybrid Mn IDCW-R,Below Average,-0.42,1.05,93.41,10.42,0.73
UTI Low Duration Dir Qt IDCW-R,Above Average,-0.42,4.18,57.12,0.46,1.54
HSBC Small Cap Fund Dir IDCW-R,Above Average,-0.42,0.89,93.48,18.33,0.91
Navi Nifty Midcap 150 Index Dir Gr,–,-0.42,1,99.99,16.94,1.08
HDFC Nifty 100 Index Dir Gr,–,-0.42,0.99,100,13.9,0.64
Motilal Oswal Liquid Dir Qt IDCW-P,–,-0.42,1.18,65.46,0.22,-0.98
Axis ESG Integration Strategy Reg Gr,Above Average,-0.42,0.89,79.35,14.28,0.51
Sundaram Agg Hybrid Mn IDCW-T,Below Average,-0.42,1.05,93.41,10.42,0.73
Motilal Oswal Liquid Dir Gr,–,-0.42,1.19,65.7,0.22,-1.01
Motilal Oswal Liquid Dir Qt IDCW-R,–,-0.42,1.18,65.46,0.22,-0.98
WhiteOak Capital Liquid Dir Wk IDCW-P,–,-0.42,1.32,18.06,0.32,-0.34
WhiteOak Capital Liquid Reg Fortn IDCW-R,–,-0.42,0.96,7.75,0.33,-0.66
Union Money Market Dir Gr,Low,-0.42,3.15,66.66,0.34,1.3
WhiteOak Capital Liquid Dir Wk IDCW-R,–,-0.42,1.32,18.06,0.32,-0.34
WhiteOak Capital Liquid Reg Fortn IDCW-P,–,-0.42,0.96,7.75,0.33,-0.66
Groww Overnight Unc Red < 3 Years,–,-0.42,-0.12,1.16,0.19,-5.3
HSBC Ultra S/D Gr,Below Average,-0.42,2.82,71.52,0.31,1.19
Baroda BNP P Corp Bond Mn IDCW-P,Above Average,-0.43,1.45,73.17,1.37,0.75
HSBC Short Duration Dir Ann IDCW-P,Average,-0.43,0.99,65.75,0.97,0.57
Kotak Money Market Dir Mn IDCW-P,Above Average,-0.43,1.9,4.38,0.74,0.09
UTI Low Duration Dir HY IDCW-P,Above Average,-0.43,4.19,57.07,0.46,1.53
Nippon India Short Term Qt IDCW-P,Average,-0.43,1.23,91.2,1.05,0.78
HSBC Dynamic Bond Dir Ann IDCW-P,Average,-0.43,0.88,67.57,1.84,0.67
Tata Treasury Advantage Dir Pd IDCW-P,Average,-0.43,4.13,59.34,0.45,1.54
Bandhan Bkg & PSU Dbt Dir Fr IDCW-P,Below Average,-0.43,0.9,50.19,1.04,0.46
Tata Money Market Reg Dl IDCW-R,Above Average,-0.43,3.58,39.5,0.46,1.13
Tata Gilt Securities Gr,Average,-0.43,1,55.85,2.38,0.69
HSBC Short Duration Dir Ann IDCW-R,Average,-0.43,0.99,65.75,0.97,0.57
Tata Treasury Advantage Dir Pd IDCW-R,Average,-0.43,4.13,59.34,0.45,1.54
UTI Low Duration Dir HY IDCW-R,Above Average,-0.43,4.19,57.07,0.46,1.53
Kotak Money Market Dir Mn IDCW-R,Above Average,-0.43,1.9,4.38,0.74,0.09
HSBC Dynamic Bond Dir Ann IDCW-R,Average,-0.43,0.88,67.57,1.84,0.67
Nippon India Short Term Qt IDCW-R,Average,-0.43,1.23,91.2,1.05,0.78
Bandhan Bkg & PSU Dbt Dir Fr IDCW-R,Below Average,-0.43,0.9,50.19,1.04,0.46
Baroda BNP P Corp Bond Mn IDCW-R,Above Average,-0.43,1.45,73.17,1.37,0.75
Sundaram Money Market Reg Mn IDCW-R,Below Average,-0.43,3.32,60.66,0.38,1.29
Sundaram Money Market Reg Mn IDCW-P,Below Average,-0.43,3.32,60.66,0.38,1.29
Nippon India Nivesh Lakshya RegAnnIDCW-P,–,-0.43,1.72,80.88,3.28,0.85
Sundaram Money Market Reg Mn IDCW-T,Below Average,-0.43,3.32,60.66,0.38,1.29
Kotak Overnight Dir Dl IDCW-R,–,-0.43,–,–,0.17,-3.77
Nippon India Nivesh Lakshya RegAnnIDCW-R,–,-0.43,1.72,80.88,3.28,0.85
UTI Low Duration Dir Fl IDCW-P,Above Average,-0.44,4.25,56.93,0.46,1.52
UTI Banking & PSU Dir Mn IDCW-P,Above Average,-0.44,1.55,90.63,1.29,0.85
ICICI Pru Bond Dir Qt IDCW-P,Below Average,-0.44,0.78,27.76,2.57,0.41
ICICI Pru Nifty 50 Index IDCW-P,–,-0.44,1,100,13.12,0.64
Tata Gilt Securities IDCW-P,Average,-0.44,1.01,55.85,2.39,0.69
Bandhan Bond S/T Reg Mn IDCW-P,Average,-0.44,1.31,82.84,1.16,0.75
Axis Corporate Bond Reg Dl IDCW-R,Average,-0.44,1.19,70.18,1.13,0.66
HDFC M/T Debt Reg Normal IDCW-P,Below Average,-0.44,1.46,87.2,1.25,0.82
DSP Savings Reg Gr,Average,-0.44,2.98,64.62,0.34,1.15
HSBC Gilt Dir Gr,Average,-0.44,1.12,64.37,2.49,0.76
Franklin India Money Mkt Mn IDCW-P,Average,-0.44,3.82,64.57,0.41,1.48
Kotak Liquid Reg Dl IDCW-R,–,-0.44,1.73,39.77,0.27,0.04
HSBC Large Cap Gr,Above Average,-0.44,0.99,93.74,14.05,0.68
ICICI Pru Nifty 50 Index Reg Gr,–,-0.44,1,100,13.12,0.64
ICICI Pru Nifty 50 Index IDCW-R,–,-0.44,1,100,13.12,0.64
HDFC M/T Debt Reg Normal IDCW-R,Below Average,-0.44,1.46,87.2,1.25,0.82
HDFC M/T Debt Gr,Below Average,-0.44,1.46,87.17,1.26,0.81
Tata Gilt Securities IDCW-R,Average,-0.44,1.01,55.85,2.39,0.69
ICICI Pru Bond Dir Qt IDCW-R,Below Average,-0.44,0.78,27.76,2.57,0.41
Franklin India Money Mkt Mn IDCW-R,Average,-0.44,3.82,64.57,0.41,1.48
UTI Banking & PSU Dir Mn IDCW-R,Above Average,-0.44,1.55,90.63,1.29,0.85
UTI Low Duration Dir Fl IDCW-R,Above Average,-0.44,4.25,56.93,0.46,1.52
Bandhan Bond S/T Reg Mn IDCW-R,Average,-0.44,1.31,82.84,1.16,0.75
DSP Nifty 50 Index Reg Gr,–,-0.44,1,100,13.12,0.64
Motilal Oswal Liquid Dir Dl IDCW-R,–,-0.44,1.08,54.68,0.22,-1.39
HSBC Focused Reg Gr,Above Average,-0.44,1.03,86.84,16.11,0.7
SBI Equity Minimum Variance Reg Gr,–,-0.44,1.02,89.38,14.22,0.61
WhiteOak Capital Liquid Reg Daily IDCW-P,–,-0.44,1.3,47.42,0.24,-0.69
Motilal Oswal Liquid Unclmd Div Upto3Yrs,–,-0.44,1.57,67.61,0.23,-0.24
WhiteOak Capital Liquid Reg Daily IDCW-R,–,-0.44,1.3,47.42,0.24,-0.69
HSBC Overnight Dir Dl IDCW-R,–,-0.44,-0.45,4.22,0.21,-3.31
HDFC NIFTY Next 50 Index Dir Gr,–,-0.44,1,99.98,19.48,0.7
Baroda BNP P Corp Bond Reg Ann IDCW-P,Above Average,-0.45,1.35,66,1.33,0.67
Baroda BNP P Dynamic Bond Reg Mn IDCW-P,Average,-0.45,1.04,81.72,1.97,0.76
HDFC Low Duration Reg Mn IDCW-P,Average,-0.45,2.36,4.45,0.86,0.18
Bandhan Bond M/T Dir Qt IDCW-P,Average,-0.45,1.74,37.46,2.28,0.57
ICICI Pru All Seasons Bond Qt IDCW-P,Average,-0.45,0.38,11.72,1.88,0.14
JM Dynamic Bond Dir Wk IDCW-R,Low,-0.45,0.88,67.13,1.86,0.65
Baroda BNP P Corp Bond Ann IDCW-P,Above Average,-0.45,1.34,66.12,1.33,0.68
Aditya BSL ELSS Tax Saver Dir Gr,Below Average,-0.45,0.93,95.2,13.6,0.7
Bandhan Bond M/T Dir Qt IDCW-R,Average,-0.45,1.74,37.46,2.28,0.57
ICICI Pru All Seasons Bond Qt IDCW-R,Average,-0.45,0.38,11.72,1.88,0.14
HDFC Low Duration Reg Mn IDCW-R,Average,-0.45,2.36,4.45,0.86,0.18
Baroda BNP P Corp Bond Ann IDCW-R,Above Average,-0.45,1.34,66.12,1.33,0.68
Baroda BNP P Corp Bond Reg Ann IDCW-R,Above Average,-0.45,1.35,66,1.33,0.67
Baroda BNP P Dynamic Bond Reg Mn IDCW-R,Average,-0.45,1.04,81.72,1.97,0.76
TrustMF Liquid Dir Mn IDCW-P,–,-0.45,0.17,0.24,0.31,-1.51
SBI Equity Minimum Variance Reg IDCW-P,–,-0.45,1.02,89.39,14.22,0.61
TrustMF Liquid Dir Mn IDCW-R,–,-0.45,0.17,0.24,0.31,-1.51
SBI Equity Minimum Variance Reg IDCW-R,–,-0.45,1.02,89.39,14.22,0.61
HSBC Ultra Short Duration Reg Mn IDCW-P,Below Average,-0.45,2.78,71.1,0.31,1.05
HSBC Ultra Short Duration Mn IDCW-R,Below Average,-0.45,2.78,71.1,0.31,1.05
Union Liquid Dl IDCW-R,–,-0.46,1.27,10.23,0.33,-0.45
Nippon India Dynamic Bond Dir Qt IDCW-P,Above Average,-0.46,0.96,51,2.28,0.58
JM Medium to Long Duration Dir Gr,Above Average,-0.46,1.13,90.45,2.05,0.82
Nippon India Bnk& PSU Dbt Reg Mn IDCW-P,Average,-0.46,1.3,83.12,1.16,0.74
Mahindra Manu Liquid Reg Dl IDCW-R,–,-0.46,1.2,8.98,0.33,-0.47
Baroda BNP P Dynamic Bond Reg Dl IDCW-R,Average,-0.46,1.03,82.08,1.95,0.76
JM Medium to Long Duration Dir IDCW-P,Above Average,-0.46,1.13,90.45,2.05,0.82
Nippon India Bnk& PSU Dbt Reg Mn IDCW-R,Average,-0.46,1.3,83.12,1.16,0.74
Baroda BNP P Dynamic Bond Reg Dl IDCW-P,Average,-0.46,1.03,82.08,1.95,0.76
Parag Parikh Liquid Reg Gr,–,-0.46,1.13,66.9,0.21,-1.66
Nippon India Dynamic Bond Dir Qt IDCW-R,Above Average,-0.46,0.96,51,2.28,0.58
JM Medium to Long Duration Dir IDCW-R,Above Average,-0.46,1.13,90.45,2.05,0.82
Union Aggressive Hybrid Reg IDCW-T,Average,-0.46,1.08,92.32,10.76,0.72
DSP Overnight Dir Wk IDCW-R,–,-0.46,-0.02,–,0.42,–
ITI Liquid Dir Dl IDCW-R,–,-0.46,0.22,0.12,0.49,-0.85
Union Aggressive Hybrid Reg Gr,Average,-0.46,1.08,92.32,10.76,0.72
Union Aggressive Hybrid Reg IDCW-P,Average,-0.46,1.08,92.32,10.76,0.72
Union Aggressive Hybrid Reg IDCW-R,Average,-0.46,1.08,92.32,10.76,0.72
Franklin India Overnight Dir Wk IDCW-P,–,-0.46,-0.29,1.22,0.27,-2.69
Bandhan Overnight Dir Wkly IDCW-R,–,-0.46,-0.55,0.9,0.48,-1.36
Franklin India Overnight Dir Wk IDCW-R,–,-0.46,-0.29,1.22,0.27,-2.69
WhiteOak Capital Liquid Reg Wk IDCW-R,–,-0.46,1.14,14.88,0.31,-0.73
Franklin India Overnight Reg Dl IDCW-R,–,-0.46,-0.12,1.19,0.17,-5.67
WhiteOak Capital Liquid Reg Wk IDCW-P,–,-0.46,1.14,14.88,0.31,-0.73
Bandhan Gov Sec Inv Dir IDCW-P,High,-0.47,1.39,56.22,3.31,0.73
Quant Mid Cap Dir Gr,Average,-0.47,0.93,83.61,17.66,0.95
Baroda BNP P Dynamic Bond Reg Wk IDCW-R,Average,-0.47,1.06,78.42,2.06,0.74
Motilal Oswal Ultra S/T Dir Qt IDCW-P,Average,-0.47,1.14,4.79,0.45,-0.44
Bandhan Gov Sec Inv Dir Prdic IDCW-R,Above Average,-0.47,1.39,56.22,3.31,0.73
ICICI Pru Long Term Bond Gr,–,-0.47,1.51,94.25,2.66,0.88
Franklin India Corp Dbt A Gr,Average,-0.47,1.41,67.88,1.36,0.68
Bandhan Gov Sec Inv Dir Prdic IDCW-P,Above Average,-0.47,1.39,56.22,3.31,0.73
Sundaram Corp Bond Dir Qt IDCW-P,Below Average,-0.47,0.87,52.78,0.96,0.42
Sundaram Corp Bond Dir Qt IDCW-T,Below Average,-0.47,0.87,52.78,0.96,0.42
Baroda BNP P Dynamic Bond Reg Wk IDCW-P,Average,-0.47,1.06,78.42,2.06,0.74
Motilal Oswal Ultra S/T Dir Qt IDCW-R,Average,-0.47,1.14,4.79,0.45,-0.44
Sundaram Corp Bond Dir Qt IDCW-R,Below Average,-0.47,0.87,52.78,0.96,0.42
Bandhan Gov Sec Inv Dir IDCW-R,High,-0.47,1.39,56.22,3.31,0.73
ITI Overnight Dir Mn IDCW-P,–,-0.47,0.03,0.72,0.16,-15.22
WhiteOak Capital Ultr S/D Dir Wk IDCW-P,Above Average,-0.47,2.27,25.78,0.4,0.32
Sundaram Money Market Reg Gr,Low,-0.47,3.4,61.99,0.38,1.23
Bandhan Floating Rate Dir Mn IDCW-R,Average,-0.47,6.5,30.13,0.92,1.32
Bandhan Floating Rate Dir Mn IDCW-T,Average,-0.47,6.5,30.13,0.92,1.32
WhiteOak Capital Ultr S/D Dir Wk IDCW-R,Above Average,-0.47,2.27,25.78,0.4,0.32
ITI Overnight Dir Mn IDCW-R,–,-0.47,0.03,0.72,0.16,-15.22
Baroda BNP P Overnight Reg ICDW,–,-0.47,-0.41,8.7,0.19,-5.39
ICICI Pru Nifty Midcap 150 Idx Dir Gr,–,-0.47,1,100,16.96,1.07
Bandhan Floating Rate Dir Mn IDCW-P,Average,-0.47,6.5,30.13,0.92,1.32
Groww Overnight Reg Gr,–,-0.47,-0.12,1.86,0.18,-7.5
ICICI Pru Overnight Reg Dl IDCW-R,–,-0.47,-0.36,7.88,0.18,-5.72
ICICI Pru Nifty Midcap 150 Idx Dir IDCWR,–,-0.47,1,100,16.96,1.07
ICICI Pru Nifty Midcap 150 Idx Dir IDCWP,–,-0.47,1,100,16.96,1.07
SBI Banking & PSU Reg DlIDCW-R,Average,-0.48,1.18,76.68,1.09,0.64
ICICI Pru Nifty Next 50 Index Dir IDCW-P,–,-0.48,1,100,19.56,0.7
SBI Banking & PSU Reg WkIDCW-P,Average,-0.48,1.17,76.69,1.09,0.64
SBI Banking & PSU Reg Gr,Average,-0.48,1.18,76.7,1.09,0.64
ICICI Pru Nifty Next 50 Index Dir Gr,–,-0.48,1,100,19.56,0.7
Bandhan Bond M/T Dir Gr,Average,-0.48,1.86,81.08,1.65,0.84
Tata Hybrid Equity Dir IDCW-P,Average,-0.48,1.06,94.89,10.39,0.73
Bandhan Corporate Bond Reg Ann IDCW-P,Below Average,-0.48,0.9,67.34,0.88,0.48
Franklin India Money Mkt IDCW-P,Above Average,-0.48,3.86,66.42,0.41,1.41
ICICI Pru Short Term Instl Gr,–,-0.48,1,89.22,1.53,–
Bandhan Gov Sec Inv Dir Gr,Above Average,-0.48,1.39,56.22,3.31,0.73
Nippon India Liquid Mn IDCW-P,–,-0.48,-2.01,4.5,0.76,-1.37
Bandhan Bond M/T Dir Prdic IDCW-R,Above Average,-0.48,1.86,81.1,1.65,0.83
Bandhan Bond M/T Dir Prdic IDCW-P,Above Average,-0.48,1.86,81.1,1.65,0.83
Bandhan Corporate Bond Reg Ann IDCW-R,Below Average,-0.48,0.9,67.34,0.88,0.48
Nippon India Liquid Mn IDCW-R,–,-0.48,-2.01,4.5,0.76,-1.37
Tata Hybrid Equity Dir IDCW-R,Average,-0.48,1.06,94.89,10.39,0.73
Franklin India Money Mkt IDCW-R,Above Average,-0.48,3.86,66.42,0.41,1.41
SBI Banking & PSU Reg WkIDCW-R,Average,-0.48,1.17,76.69,1.09,0.64
ICICI Pru Nifty Next 50 Index Dir IDCW-R,–,-0.48,1,100,19.56,0.7
Axis Nifty 50 Index Reg IDCW-R,–,-0.48,1,100,13.08,0.64
Groww Overnight Reg Mn IDCW-P,–,-0.48,-0.1,1.34,0.18,-7.75
Groww Overnight Reg Mn IDCW-R,–,-0.48,-0.1,1.34,0.18,-7.75
Groww Overnight Reg Mn IDCW-T,–,-0.48,-0.1,1.34,0.18,-7.75
Sundaram Money Market Reg Qt IDCW-R,Low,-0.48,3.41,62.15,0.38,1.19
Sundaram Money Market Reg Qt IDCW-T,Low,-0.48,3.41,62.15,0.38,1.19
Bandhan Ultra Short Term Reg Pd IDCW-R,Below Average,-0.48,3.05,75.96,0.32,1.11
Sundaram Money Market Reg Qt IDCW-P,Low,-0.48,3.41,62.15,0.38,1.19
Axis Nifty 50 Index Reg IDCW-P,–,-0.48,1,100,13.08,0.64
Axis Nifty 50 Index Reg Gr,–,-0.48,1,100,13.08,0.64
Edelweiss Govt Sec Dir Mn IDCW-R,Average,-0.48,1.22,71.42,2.58,0.8
Baroda BNP P Money Market Dir Gr,Below Average,-0.48,3.46,60.48,0.4,1.19
ITI Overnight Dir Gr,–,-0.48,0.05,1.55,0.16,-16.13
Bandhan Ultra Short Term Reg Pd IDCW-P,Below Average,-0.48,3.05,75.96,0.32,1.11
Nippon IndiaDvrsEqFlxcapPasvFoFDirIDCW-R,–,-0.48,0.98,98.8,14.36,0.76
Nippon IndiaDvrsEqFlxcapPasvFoFDirIDCW-P,–,-0.48,0.98,98.8,14.36,0.76
Nippon India Dvrs Eq Flxcap PasvFoFDirGr,–,-0.48,0.98,98.8,14.36,0.76
PGIM India Liquid Unclmd Div < 3 Yrs,–,-0.48,1.03,77.65,0.49,-0.44
Edelweiss Govt Sec Dir Mn IDCW-P,Average,-0.48,1.22,71.42,2.58,0.8
UTI Short Duration Reg DP(Discon),Above Average,-0.49,0.99,77.46,0.92,0.55
Invesco India Low Dur Dir Gr,Below Average,-0.49,4.17,62.49,0.44,1.44
Aditya BSL Short Term Dir Qt IDCW-P,Above Average,-0.49,1.27,43.96,1.52,0.51
PGIM India Corporate Bond Prm Pls Pl Gr,–,-0.49,1.11,81.86,2.01,–
HSBC Banking & PSU Debt Dir Gr,Average,-0.49,1.44,90.65,1.21,0.78
Invesco India Low Dur Dir Discr IDCW-P,Below Average,-0.49,4.17,62.36,0.44,1.44
Aditya BSL ELSS Tax Saver Dir IDCW-P,Below Average,-0.49,0.93,95.22,13.61,0.7
UTI Short Duration Reg Gr(Discon),Above Average,-0.49,0.99,77.46,0.92,0.55
DSP Gilt Reg Gr,Above Average,-0.49,1.2,55.19,2.87,0.69
ICICI Pru Regular Savings Mn IDCW-P,Above Average,-0.49,1.42,71.21,5.31,0.76
Aditya BSL ELSS Tax Saver Dir IDCW-R,Below Average,-0.49,0.93,95.22,13.61,0.7
Invesco India Low Dur Dir Discr IDCW-R,Below Average,-0.49,4.17,62.36,0.44,1.44
UTI Short Duration Reg IDCW-R(Discon),Above Average,-0.49,0.99,77.46,0.92,0.55
Aditya BSL Short Term Dir Qt IDCW-R,Above Average,-0.49,1.27,43.96,1.52,0.51
ICICI Pru Regular Savings Mn IDCW-R,Above Average,-0.49,1.42,71.21,5.31,0.76
JM Overnight Dir Dl IDCW-R,–,-0.49,0.06,0.26,0.21,-5.75
DSP Overnight Dir Wk IDCW-P,–,-0.49,0.15,0.25,0.42,–
Axis Gilt Fund Gr,Average,-0.5,1.1,63.56,2.46,0.73
Canara Robeco Ultra S/T Dir Gr,Below Average,-0.5,2.92,69.8,0.32,0.96
Axis Gilt Fund IDCW-P,Average,-0.5,1.1,63.54,2.46,0.73
Canara Robeco Short Dur Reg Qt IDCW-P,Above Average,-0.5,0.66,3.85,2.69,0.06
UTI Low Duration Dir Wk IDCW-P,Above Average,-0.5,4.24,47.38,0.5,1.26
JM Low Duration Dir Gr,Above Average,-0.5,4.12,64.16,0.44,1.41
Bandhan Gov Sec Inv Dir Qt IDCW-P,High,-0.5,1.34,41.71,3.7,0.62
SBI Magnum Ultra Short Dur Reg Dl IDCW-R,Below Average,-0.5,3.04,76.75,0.32,1.06
SBI FMP Ser 56 1232D Reg IDCW-T,–,-0.5,0.69,68.49,1.43,–
DSP Low Duration Dir Gr,Below Average,-0.5,4.42,67.65,0.45,1.54
JM Low Duration Dir Fr IDCW-R,Above Average,-0.5,4.09,64.2,0.43,1.41
Franklin India Corp Dbt A Mn IDCW-P,Average,-0.5,1.41,67.88,1.36,0.66
Canara Robeco Ultra S/T Dir Wly IDCW-P,Below Average,-0.5,2.94,69.93,0.32,0.95
ICICI Pru Short Term Bns,–,-0.5,1.01,89.24,1.54,–
JM Low Duration Dir Bns Princ,Above Average,-0.5,4.11,64.11,0.44,1.41
Canara Robeco Ultra S/T Dir IDCW-P,Below Average,-0.5,2.93,69.78,0.32,0.94
ICICI Pru Long Term Bond Qt IDCW-P,–,-0.5,1.46,77.33,2.85,0.78
ICICI Pru Money Market Reg Dl IDCW-R,Above Average,-0.5,3.62,38.87,0.47,0.96
Canara Robeco Ultra S/T Dir Wly IDCW-R,Below Average,-0.5,2.94,69.93,0.32,0.95
Axis Gilt Fund IDCW-R,Average,-0.5,1.1,63.54,2.46,0.73
Franklin India Corp Dbt A Mn IDCW-R,Average,-0.5,1.41,67.88,1.36,0.66
ICICI Pru Long Term Bond Qt IDCW-R,–,-0.5,1.46,77.33,2.85,0.78
Canara Robeco Short Dur Reg Qt IDCW-R,Above Average,-0.5,0.66,3.85,2.69,0.06
Bandhan Gov Sec Inv Dir Qt IDCW-R,High,-0.5,1.34,41.71,3.7,0.62
UTI Low Duration Dir Wk IDCW-R,Above Average,-0.5,4.24,47.38,0.5,1.26
Mahindra Manulife Ultra S/D Reg Gr,Below Average,-0.5,2.62,69.52,0.3,0.74
DSP Overnight Dir Dl IDCW-R,–,-0.5,-0.21,1.16,0.18,-3.7
HDFC NIFTY50 Equal Weight Index Dir Gr,–,-0.5,1,100,14.77,0.8
LIC MF Overnight Dir Wk IDCW-R,–,-0.5,1.28,10.63,0.33,-0.56
Franklin India Overnight Reg Wk IDCW-R,–,-0.5,-0.28,1.17,0.27,-2.86
DSP Floater Fund Reg Gr,Average,-0.5,7.59,38.74,0.97,1.56
DSP Floater Fund Reg IDCW-P,Average,-0.5,7.59,38.74,0.97,1.56
Franklin India Overnight Reg Wk IDCW-P,–,-0.5,-0.28,1.17,0.27,-2.86
HSBC Nifty 50 Index Reg Gr,–,-0.5,1,100,13.1,0.64
Bandhan Ultra S/T Reg Gr,Below Average,-0.5,3.04,75.97,0.32,1.04
DSP Floater Fund Reg IDCW-R,Average,-0.5,7.59,38.74,0.97,1.56
Bandhan Overnight Dir Wkly IDCW,–,-0.5,-0.56,0.96,0.47,-1.47
JM Low Duration Dir Dl IDCW-R,Above Average,-0.51,4.02,63.42,0.43,1.36
UTI Ultra Short DurationInstl Gr(Discon),Above Average,-0.51,2.65,66.64,0.31,0.69
Invesco India Low Dur Dir Mn IDCW-P,Below Average,-0.51,4.11,61.75,0.44,1.37
LIC MF Low Duration Dir Gr,Average,-0.51,4.41,65.37,0.46,1.5
HSBC Credit Risk Reg Ann IDCW-P,Above Average,-0.51,4.35,25.79,6.83,0.56
HSBC Money Market Dir Dl IDCW-R,Average,-0.51,3.37,35.54,0.47,0.82
ICICI Pru Ultra S/T Gr,Average,-0.51,3.05,70.08,0.33,0.97
Baroda BNP P Dynamic Bond Reg Qt IDCW-P,Average,-0.51,1.04,82.15,1.97,0.73
Canara Robeco Ultra S/T Dir Dl IDCW-R,Below Average,-0.51,2.88,69.19,0.32,0.86
SBI Magnum Ultra S/D Reg Gr,Below Average,-0.51,3.03,76.66,0.32,1.03
Axis ELSS Tax Saver Fd Dir IDCW-P,Average,-0.51,1,83.5,15.58,0.66
HSBC Medium to Long Duration Dir Gr,Average,-0.51,1.16,90.66,2.1,0.8
Canara Robeco Dynamic Bond Dir IDCW-P,High,-0.51,1.14,18.58,4.53,0.36
LIC MF Aggressive Hybrid Gr,Below Average,-0.51,1.08,89.06,10.97,0.71
Bandhan Bkg & PSU Dbt Reg Ann IDCW-P,Below Average,-0.51,0.77,61.15,0.8,0.33
Baroda BNP P Dynamic Bond Reg Qt IDCW-R,Average,-0.51,1.04,82.15,1.97,0.73
HSBC Credit Risk Reg Ann IDCW-R,Above Average,-0.51,4.35,25.79,6.83,0.56
Axis ELSS Tax Saver Fd Dir IDCW-R,Average,-0.51,1,83.5,15.58,0.66
Canara Robeco Dynamic Bond Dir IDCW-R,High,-0.51,1.14,18.58,4.53,0.36
Invesco India Low Dur Dir Mn IDCW-R,Below Average,-0.51,4.11,61.75,0.44,1.37
HSBC Nifty 50 Index Reg IDCW-R,–,-0.51,1,100,13.1,0.64
LIC MF Ultra Short Dur Dir Wk IDCW-P,Average,-0.51,2.76,60.21,0.31,0.73
HSBC Nifty 50 Index Reg IDCW-P,–,-0.51,1,100,13.1,0.64
UTI Low Duration Reg Dl IDCW-R,Above Average,-0.52,4.18,57.16,0.46,1.31
LIC MF Low Duration Dir Wk IDCW-P,Average,-0.52,4.41,65.41,0.46,1.46
UTI Low Duration Reg HY IDCW-P,Above Average,-0.52,4.21,57.12,0.46,1.31
UTI Low Duration Reg Gr,Above Average,-0.52,4.18,57.16,0.46,1.31
HSBC Banking & PSU Dbt Dir Mn IDCW-P,Average,-0.52,1.44,90.64,1.21,0.75
Nippon India Retmnt Inc Gen Reg Bns,–,-0.52,1.36,93.12,4.46,0.86
Nippon India Retmnt Inc Gen Reg Gr,–,-0.52,1.36,93.12,4.46,0.86
UTI Low Duration Reg Mn IDCW-P,Above Average,-0.52,4.18,57.16,0.46,1.31
HSBC Short Duration Gr,Below Average,-0.52,1.14,84.34,1,0.62
Nippon India Bnk& PSU Dbt Reg Qt IDCW-P,Average,-0.52,1.34,83.64,1.18,0.69
ICICI Pru Bluechip Instl I Gr,–,-0.52,0.94,97.83,17.83,–
UTI Low Duration Reg Wk IDCW-P,Above Average,-0.52,4.19,57.16,0.46,1.31
Nippon India Retmnt Inc Gen Reg IDCW-P,–,-0.52,1.36,93.12,4.45,0.86
Bandhan Bond M/T Dir Mn IDCW-P,Average,-0.52,1.83,80.94,1.63,0.8
HSBC Short Duration Bns,Below Average,-0.52,1.14,84.35,1.01,0.62
Franklin India Eq Advantage IDCW-P,Above Average,-0.52,0.94,90.64,14.04,0.68
Tata Liquid Reg Dl IDCW-R,–,-0.52,1.62,41.64,0.24,-0.56
UTI Low Duration Reg Bns,Above Average,-0.52,4.18,57.16,0.46,1.31
DSP Banking & PSU Debt Reg WlyIDCW-R,Average,-0.52,1.31,52.14,1.47,0.54
UTI Low Duration Reg Fl IDCW-P,Above Average,-0.52,4.19,57.16,0.46,1.31
Nippon India Money Market Dir Mn IDCW-P,Average,-0.52,4.42,51.27,0.51,1.3
HSBC Conservative Hybrid Mthly IDCW-P,Above Average,-0.52,1.36,70.73,5.12,0.75
LIC MF Low Duration Dir Mn IDCW-P,Average,-0.52,4.41,65.37,0.46,1.47
UTI Low Duration Reg Mn IDCW-R,Above Average,-0.52,4.18,57.16,0.46,1.31
Franklin India Eq Advantage IDCW-R,Above Average,-0.52,0.94,90.64,14.04,0.68
Bandhan Bond M/T Dir Mn IDCW-R,Average,-0.52,1.83,80.94,1.63,0.8
Nippon India Bnk& PSU Dbt Reg Qt IDCW-R,Average,-0.52,1.34,83.64,1.18,0.69
Nippon India Money Market Dir Mn IDCW-R,Average,-0.52,4.42,51.27,0.51,1.3
UTI Low Duration Reg HY IDCW-R,Above Average,-0.52,4.21,57.12,0.46,1.31
HSBC Banking & PSU Dbt Dir Mn IDCW-R,Average,-0.52,1.44,90.64,1.21,0.75
UTI Low Duration Reg Fl IDCW-R,Above Average,-0.52,4.19,57.16,0.46,1.31
LIC MF Low Duration Dir Wk IDCW-R,Average,-0.52,4.41,65.41,0.46,1.46
LIC MF Low Duration Dir Mn IDCW-R,Average,-0.52,4.41,65.37,0.46,1.47
HSBC Conservative Hybrid Mthly IDCW-R,Above Average,-0.52,1.36,70.73,5.12,0.75
UTI Low Duration Reg Wk IDCW-R,Above Average,-0.52,4.19,57.16,0.46,1.31
Bandhan Floating Rate Dir Gr,Average,-0.52,6.89,40.92,0.84,1.52
Mahindra Manulife Ultr ShrtDurDirWkIDCWR,Average,-0.52,2.9,21.32,0.48,0.47
DSP Banking & PSU Debt Reg WlyIDCW-P,Average,-0.52,1.31,52.14,1.47,0.54
HDFC Ultra S/T Fund Reg Gr,Average,-0.52,3.03,73.26,0.33,0.95
Tata Floating Rate Reg Pd IDCW-R,Average,-0.52,4.99,21.01,0.85,0.91
Tata Floating Rate Reg Qt IDCW-R,Average,-0.52,4.99,21.01,0.85,0.91
Tata Floating Rate Reg Mn IDCW-R,Average,-0.52,4.99,21.01,0.85,0.91
Tata Floating Rate Reg Pd IDCW-P,Average,-0.52,4.99,21.01,0.85,0.91
Tata Floating Rate Reg Qt IDCW-P,Average,-0.52,4.99,21.01,0.85,0.91
Tata Floating Rate Reg Gr,Average,-0.52,4.99,21.01,0.85,0.91
Tata Floating Rate Reg Mn IDCW-P,Average,-0.52,4.99,21.01,0.85,0.91
Invesco India Shrt DurDl IDCW-R,Average,-0.53,1.12,75.5,1.05,0.57
UTI Overnight Reg Dl IDCW-R,–,-0.53,0.09,0.15,0.22,-2.73
Nippon India Strategic Debt IDCW-P,Above Average,-0.53,1.35,64.48,1.38,0.61
LIC MF Medium to Long Dur IDCW-P,Below Average,-0.53,1.22,94.22,2.14,0.81
Nippon India Strategic Debt Gr,Above Average,-0.53,1.35,64.48,1.38,0.61
LIC MF Medium to Long Dur Gr,Below Average,-0.53,1.22,94.22,2.14,0.81
Canara Robeco Savings Dir Gr,Low,-0.53,4.36,65.25,0.45,1.43
UTI Overnight Dir Dl IDCW-R,–,-0.53,0.13,0.34,0.21,-2.91
DSP Low Duration Dir Wk IDCW-P,Below Average,-0.53,3.77,39.96,0.49,0.97
LIC MF Medium to Long Dur IDCW-R,Below Average,-0.53,1.22,94.22,2.14,0.81
Nippon India Strategic Debt IDCW-R,Above Average,-0.53,1.35,64.48,1.38,0.61
DSP Low Duration Dir Wk IDCW-R,Below Average,-0.53,3.77,39.96,0.49,0.97
ICICI Pru Nifty Alp LV 30 ETFFOFDirIDCWP,–,-0.53,0.98,98,15.96,0.77
Kotak Floating Rate Reg Mn IDCW-P,Above Average,-0.53,6.13,37.17,0.78,1.36
ICICI Pru Nifty Alp LV 30 ETF FOF Dir Gr,–,-0.53,0.98,98,15.97,0.77
Kotak Floating Rate Reg Mn IDCW-R,Above Average,-0.53,6.13,37.17,0.78,1.36
UTI Small Cap Dir IDCW-R,Average,-0.53,0.82,91.39,17.15,0.89
UTI Small Cap Dir IDCW-P,Average,-0.53,0.82,91.39,17.15,0.89
UTI Small Cap Dir Gr,Average,-0.53,0.82,91.39,17.15,0.89
Kotak Floating Rate Reg Gr,Average,-0.53,5.97,37.82,0.75,1.35
ICICI Pru Nifty Alp LV 30 ETFFOFDirIDCWR,–,-0.53,0.98,98,15.96,0.77
ICICI Pru Nifty Alp LV 30 ETFFOFDirIDCWT,–,-0.53,0.98,98,15.96,0.77
Axis Gilt Fund HY IDCW-P,Average,-0.54,1.1,64.08,2.47,0.71
Bandhan Bond Inc Gr,–,-0.54,0.86,69.55,4.16,–
Bandhan Low Duration Dir Mn IDCW-P,Average,-0.54,4.28,30.62,0.61,0.94
PGIM India Dynamic Bond Qt IDCW-P,Above Average,-0.54,0.7,10.17,3.8,0.21
HSBC Corporate Bond Dir Qt IDCW-P,High,-0.54,1.91,89.78,1.6,0.85
Kotak Bond S/T Reg Gr,Average,-0.54,1.18,88.24,1.02,0.63
PGIM India Corporate Bond Dr Qt IDCW-P,Above Average,-0.54,0.44,1.21,3.17,-0.03
Nippon India Liquid Retl Dl IDCW-R,–,-0.54,1.46,8.44,0.44,-0.43
SBI Nifty Index Reg Gr,–,-0.54,1,100,13.14,0.63
SBI Nifty Index Reg IDCW-P,–,-0.54,1,100,13.14,0.63
Edelweiss Govt Sec Dir Wk IDCW-R,Average,-0.54,1.16,69.94,2.48,0.76
Bandhan Low Duration Dir Mn IDCW-R,Average,-0.54,4.28,30.62,0.61,0.94
PGIM India Corporate Bond Dr Qt IDCW-R,Above Average,-0.54,0.44,1.21,3.17,-0.03
PGIM India Dynamic Bond Qt IDCW-R,Above Average,-0.54,0.7,10.17,3.8,0.21
HSBC Corporate Bond Dir Qt IDCW-R,High,-0.54,1.91,89.78,1.6,0.85
SBI Nifty Index Reg IDCW-R,–,-0.54,1,100,13.14,0.63
Axis Gilt Fund HY IDCW-R,Average,-0.54,1.1,64.08,2.47,0.71
Aditya BSL Bal Bhavishya Yojna DirGr,–,-0.54,0.94,95.2,14.02,0.74
ICICI Pru Overnight Reg Wk IDCW-R,–,-0.54,0.23,1.82,0.22,-3.61
ICICI Pru Overnight Reg Wk IDCW-P,–,-0.54,0.23,1.82,0.22,-3.61
Kotak Bond S/T Reg IDCW-P,Average,-0.54,1.18,88.24,1.02,0.63
ITI Overnight Reg Wkly IDCW-R,–,-0.54,0.01,–,0.24,-3.23
Axis Overnight Reg Dl IDCW-R,–,-0.54,-0.5,0.71,0.47,-1.47
Kotak Bond S/T Reg IDCW-R,Average,-0.54,1.18,88.24,1.02,0.63
PGIM India Overnight Reg Dl IDCW-R,–,-0.54,-0.96,2.52,0.48,-1.7
ITI Overnight Reg Ann IDCW-R,–,-0.54,-0.46,6.43,0.25,-4.53
Motilal Oswal Nifty Smcp 250 Idx Dir Gr,–,-0.54,1,99.99,19.97,0.9
Kotak Overnight Reg Dl IDCW-R,–,-0.54,0.05,0.14,0.17,-4.79
Sundaram Short Dur Dir Ann IDCW,Above Average,-0.54,1.14,31.71,1.61,0.37
UTI Low Duration Dir Ft IDCW-P,Above Average,-0.55,4.21,58.82,0.45,1.26
HSBC Gilt Dir Qt IDCW-P,Average,-0.55,1.12,64.76,2.48,0.72
Invesco Ind Bnk & PSU Gr,Above Average,-0.55,1.41,80.25,1.27,0.68
Bandhan Asset Alloc FOF Agrsv Reg IDCW-P,–,-0.55,0.96,90.32,9.72,0.7
JM Medium to Long Duration Dir Bns Princ,–,-0.55,1.02,88.24,2.34,-0.14
UTI Gilt PF Prsc DT Auto IDCW-P,Average,-0.55,0.97,59.79,2.24,0.65
UTI Gilt Reg Gr,Average,-0.55,0.97,59.79,2.24,0.65
UTI Gilt PF IDCW-P,Average,-0.55,0.97,59.79,2.24,0.65
UTI Gilt PF Gr,Average,-0.55,0.97,59.79,2.24,0.65
HSBC Gilt Dir Qt IDCW-R,Average,-0.55,1.12,64.76,2.48,0.72
UTI Gilt PF Prsc DT Auto IDCW-R,Average,-0.55,0.97,59.79,2.24,0.65
UTI Gilt PF IDCW-R,Average,-0.55,0.97,59.79,2.24,0.65
Bandhan Asset Alloc FOF Agrsv Reg IDCW-R,–,-0.55,0.96,90.32,9.72,0.7
UTI Low Duration Dir Ft IDCW-R,Above Average,-0.55,4.21,58.82,0.45,1.26
TrustMF Banking & PSU Reg Gr,Below Average,-0.55,0.99,83.2,0.88,0.5
ITI Overnight Reg Ann IDCW-P,–,-0.55,-0.01,0.02,0.26,-17.78
Bandhan Overnight Reg Wkly IDCW-R,–,-0.55,-0.61,1.25,0.45,-1.68
Aditya BSL Bkg & PSU Debt Dir IDCW-P,Above Average,-0.56,1.19,66.53,1.18,0.54
Axis Liquid Retl Wk IDCW-P,–,-0.56,1.87,70.67,0.26,-0.48
PGIM India Ultra S/D Mn IDCW-P,Above Average,-0.56,1.45,4.69,0.52,-0.36
HSBC Money Market Wk IDCW-R,Average,-0.56,2.27,15.74,0.48,0.05
Edelweiss Bnkg & PSU Debt Dir Mn IDCW-P,High,-0.56,2.06,86.32,1.76,0.85
Axis Liquid Retl Wk IDCW-R,–,-0.56,1.87,70.67,0.26,-0.48
PGIM India Ultra S/D Mn IDCW-R,Above Average,-0.56,1.45,4.69,0.52,-0.36
Aditya BSL Bkg & PSU Debt Dir IDCW-R,Above Average,-0.56,1.19,66.53,1.18,0.54
Edelweiss Bnkg & PSU Debt Dir Mn IDCW-R,High,-0.56,2.06,86.32,1.76,0.85
Motilal Oswal Liquid Reg Wk IDCW-R,–,-0.56,1.17,65.05,0.22,-2.28
ICICI Pru Ultra Short Term Reg Dl IDCW R,Above Average,-0.56,3.54,17.41,0.67,0.53
Sundaram Ultra Short Dur Dir Qt IDCW-R,Above Average,-0.56,3.66,38.81,0.47,0.84
LIC MF Ultra Short Dur Dir Gr,Below Average,-0.56,2.84,60.86,0.33,0.61
Sundaram Ultra Short Dur Dir Qt IDCW,Above Average,-0.56,3.66,38.81,0.47,0.84
Axis Banking & PSU Debt Gr,Below Average,-0.57,1.08,79.86,0.99,0.52
Franklin India Floating Rate Dir IDCW-R,Below Average,-0.57,7.6,39.83,0.93,1.5
Axis Banking & PSU Debt Mn IDCW-P,Low,-0.57,1.08,79.86,0.99,0.52
Kotak Savings Fund Reg Dl IDCW-R,–,-0.57,0.81,3.61,0.58,–
Invesco Ind Bnk & PSU Mn IDCW-P,Above Average,-0.57,1.4,80.52,1.27,0.67
Axis Banking & PSU Debt Wk IDCW-P,Low,-0.57,1.08,79.85,0.99,0.53
HDFC M/T Debt IDCW-P,Below Average,-0.57,1.38,80.96,1.24,0.66
UTI Banking & PSU Dir Ann IDCW-P,Above Average,-0.57,1.5,89.86,1.25,0.73
DSP Gilt Reg Mn IDCW-P,Above Average,-0.57,1.1,25.09,3.91,0.44
HDFC Gilt Gr,Average,-0.57,1.04,79.39,2.08,0.77
Tata Treasury Advantage Dir Dl IDCW-R,Above Average,-0.57,4,38.22,0.52,0.92
ICICI Pru Liquid Dir HY IDCW-P,–,-0.57,-0.36,0.25,0.58,–
Axis Banking & PSU Debt Wk IDCW-R,Low,-0.57,1.08,79.85,0.99,0.53
HDFC M/T Debt IDCW-R,Below Average,-0.57,1.38,80.96,1.24,0.66
DSP Gilt Reg Mn IDCW-R,Above Average,-0.57,1.1,25.09,3.91,0.44
ICICI Pru Liquid Dir HY IDCW-R,–,-0.57,-0.36,0.25,0.58,–
UTI Banking & PSU Dir Ann IDCW-R,Above Average,-0.57,1.5,89.86,1.25,0.73
Invesco Ind Bnk & PSU Mn IDCW-R,Above Average,-0.57,1.4,80.52,1.27,0.67
Axis Banking & PSU Debt Mn IDCW-R,Low,-0.57,1.08,79.86,0.99,0.52
LIC MF Ultra Short Dur Dir Mn IDCW-P,Below Average,-0.57,2.84,61.79,0.33,0.59
Motilal Oswal Liquid Reg Mn IDCW-P,–,-0.57,1.18,65.71,0.22,-2.29
LIC MF Ultra Short Dur Dir Mn IDCW-R,Below Average,-0.57,2.84,61.79,0.33,0.59
Aditya BSL Nifty Next 50 Idx Dir Gr,–,-0.57,1,99.99,19.55,0.69
DSP Overnight Reg Dl IDCW-R,–,-0.57,-0.37,3.58,0.18,-4.42
Motilal Oswal Liquid Reg Qt IDCW-R,–,-0.57,1.19,62.82,0.22,-2.34
Edelweiss Overnight Reg Dl IDCW-R,–,-0.57,-1.38,4.01,0.53,-1.75
Motilal Oswal Liquid Reg Mn IDCW-R,–,-0.57,1.18,65.71,0.22,-2.29
Motilal Oswal Liquid Reg Fr IDCW-R,–,-0.57,1.18,65.27,0.22,-2.31
Motilal Oswal Liquid Reg Gr,–,-0.57,1.18,65.55,0.22,-2.33
Motilal Oswal Liquid Reg Dl IDCW-R,–,-0.57,1.07,53.24,0.22,-2.64
Motilal Oswal Liquid Reg Qt IDCW-P,–,-0.57,1.19,62.82,0.22,-2.34
SBI Savings Dir Wk IDCW-P,Above Average,-0.58,3.28,16.96,0.61,0.44
DSP Banking & PSU Debt Reg Dl IDCW-R,Average,-0.58,1.33,63.02,1.35,0.56
Aditya BSL Nifty 50 Index Gr,–,-0.58,1,100,13.12,0.63
Canara Robeco Savings Dir IDCW-P,Low,-0.58,4.36,65.29,0.45,1.32
Canara Robeco Savings Dir Mly IDCW-P,Low,-0.58,4.36,65.18,0.45,1.31
Aditya BSL MNC Dir Gr,–,-0.58,0.89,75.99,14.92,0.55
Canara Robeco Savings Dir Dl IDCW-R,Low,-0.58,4.3,65.3,0.45,1.28
Canara Robeco Savings Dir Wly IDCW-P,Low,-0.58,4.35,65.02,0.45,1.31
Aditya BSL Nifty 50 Index IDCW-P,–,-0.58,1,100,13.12,0.63
Aditya BSL Nifty 50 Index IDCW-R,–,-0.58,1,100,13.12,0.63
Canara Robeco Savings Dir IDCW-R,Low,-0.58,4.36,65.29,0.45,1.32
Canara Robeco Savings Dir Mly IDCW-R,Low,-0.58,4.36,65.18,0.45,1.31
SBI Savings Dir Wk IDCW-R,Above Average,-0.58,3.28,16.96,0.61,0.44
Canara Robeco Savings Dir Wly IDCW-R,Low,-0.58,4.35,65.02,0.45,1.31
Mirae Asset Banking & PSU RegIDCW-R,Average,-0.58,1.22,76.71,1.13,0.57
Mirae Asset Banking & PSU RegIDCW-P,Average,-0.58,1.22,76.71,1.13,0.57
Mirae Asset Banking & PSU Reg Gr,Average,-0.58,1.22,76.7,1.13,0.57
ITI Overnight Reg Gr,–,-0.58,0.05,1.54,0.16,-19.68
ICICI Pru Ultra Short Term Reg Wk IDCW-R,Average,-0.58,2.76,34.22,0.4,0.35
ICICI Pru Ultra Short Term Reg Wk IDCW-P,Average,-0.58,2.76,34.22,0.4,0.35
Axis Ultra Short Dur Fd Dir Dl IDCW-R,Above Average,-0.58,2.56,9.36,0.65,0.13
ITI Large Cap Reg IDCW-R,Above Average,-0.58,1.01,92.51,14.44,0.66
Groww Overnight Reg Wk IDCW-T,–,-0.58,-0.24,5.54,0.18,-8.33
ITI Large Cap Reg Gr,Above Average,-0.58,1.01,92.51,14.44,0.66
Groww Overnight Reg Wk IDCW-P,–,-0.58,-0.24,5.54,0.18,-8.33
Mahindra Manulife Ultr ShrtDurRegDlIDCWR,Average,-0.58,3.09,40.78,0.41,0.58
DSP Corporate Bond Dir Gr,Average,-0.58,1.51,89.03,1.28,0.73
Groww Overnight Reg Wk IDCW-R,–,-0.58,-0.24,5.54,0.18,-8.33
ITI Large Cap Reg IDCW-P,Above Average,-0.58,1.01,92.51,14.44,0.66
Edelweiss Money Market Dir Gr,Above Average,-0.59,4.2,67.89,0.44,1.25
Bandhan Low Duration Dir Gr,Average,-0.59,4.66,63.52,0.47,1.35
Axis Treasury Advantage Retl Mn IDCW-P,Below Average,-0.59,4.35,65.77,0.44,1.29
Axis Liquid Retl Mn IDCW-P,–,-0.59,1.42,78.85,0.22,-1.79
UTI Medium to Long Dur Dir Gr,High,-0.59,1.14,94.86,2.01,0.77
UTI Medium to Long Dur Dir HY IDCW-P,Above Average,-0.59,1.14,94.85,2.01,0.77
Tata Treasury Advantage Dir Wk IDCW-P,Above Average,-0.59,3.72,33.06,0.54,0.74
JM Dynamic Bond Gr,Low,-0.59,0.91,74.62,1.82,0.62
JM Dynamic Bond IDCW-P,Low,-0.59,0.91,74.62,1.82,0.62
Union Largecap Dir Gr,Below Average,-0.59,0.92,95.8,12.94,0.67
Union Largecap Dir IDCW-P,Below Average,-0.59,0.92,95.8,12.94,0.67
Edelweiss Money Market Dir IDCW-P,Above Average,-0.59,4.2,67.75,0.44,1.25
UTI Medium to Long Dur Dir IDCW-P,High,-0.59,1.14,94.85,2.01,0.77
Bandhan Low Duration Dir Pd IDCW-P,Above Average,-0.59,4.66,63.56,0.47,1.35
UTI Medium to Long Dur Dir Flexi IDCW-P,High,-0.59,1.14,94.86,2.01,0.77
JM Dynamic Bond Mn IDCW-P,Low,-0.59,0.91,74.62,1.82,0.62
Invesco India Liquid Dir Dl IDCW-R,–,-0.59,1.61,2.73,0.76,-0.24
Mirae Asset Short Duration Reg IDCW-R,Low,-0.59,1.09,84.87,0.95,0.52
UTI Medium to Long Dur Dir IDCW-R,High,-0.59,1.14,94.85,2.01,0.77
Axis Treasury Advantage Retl Mn IDCW-R,Below Average,-0.59,4.35,65.77,0.44,1.29
Union Largecap Dir IDCW-R,Below Average,-0.59,0.92,95.8,12.94,0.67
Mirae Asset Short Duration Reg Gr,Low,-0.59,1.09,84.87,0.95,0.53
JM Dynamic Bond IDCW-R,Low,-0.59,0.91,74.62,1.82,0.62
Mirae Asset Short Duration Reg IDCW-P,Low,-0.59,1.09,84.87,0.95,0.52
Edelweiss Money Market Dir IDCW-R,Above Average,-0.59,4.2,67.75,0.44,1.25
UTI Medium to Long Dur Dir Flexi IDCW-R,High,-0.59,1.14,94.86,2.01,0.77
Tata Treasury Advantage Dir Wk IDCW-R,Above Average,-0.59,3.72,33.06,0.54,0.74
Axis Liquid Retl Mn IDCW-R,–,-0.59,1.42,78.85,0.22,-1.79
Bandhan Low Duration Dir Pd IDCW-R,Above Average,-0.59,4.66,63.56,0.47,1.35
UTI Medium to Long Dur Dir HY IDCW-R,Above Average,-0.59,1.14,94.85,2.01,0.77
JM Dynamic Bond Mn IDCW-R,Low,-0.59,0.91,74.62,1.82,0.62
TrustMF Liquid Reg Mn IDCW-R,–,-0.59,0.12,0.1,0.32,-1.99
Axis Nifty Midcap 50 Index Dir IDCW-R,–,-0.59,0.99,99.98,17.58,1.1
TrustMF Liquid Reg Mn IDCW-P,–,-0.59,0.12,0.1,0.32,-1.99
Motilal Oswal Nifty 50 Index Reg Gr,–,-0.59,1,100,13.14,0.63
Axis Nifty Midcap 50 Index Dir Gr,–,-0.59,0.99,99.98,17.58,1.1
Axis Nifty Midcap 50 Index Dir IDCW-P,–,-0.59,0.99,99.98,17.58,1.1
Edelweiss Money Market Dir An IDCW-P,Average,-0.59,4.2,67.82,0.44,1.25
Aditya BSL Nifty Next 50 Idx Dir IDCW-P,–,-0.59,1,100,19.54,0.69
Axis Treasury Advantage Retl Wk IDCW-P,Below Average,-0.6,4.35,65.67,0.44,1.26
Axis Treasury Advantage Retl Gr,Below Average,-0.6,4.35,65.68,0.44,1.26
Mirae Asset Large Cap Dir IDCW-P,Below Average,-0.6,0.9,97.14,12.54,0.67
HSBC Corporate Bond Dir HY IDCW-P,High,-0.6,1.88,88.77,1.58,0.8
Aditya BSL MNC Dir IDCW-P,–,-0.6,0.89,76,14.91,0.55
Axis Treasury Advantage Wk IDCW-P,Below Average,-0.6,4.35,65.7,0.44,1.26
HSBC Medium Duration Ann IDCW-P,Average,-0.6,1.17,66.69,1.14,0.5
Axis Treasury Advantage Mn IDCW-P,Below Average,-0.6,4.35,65.7,0.44,1.26
Axis Treasury Advantage Gr,Below Average,-0.6,4.35,65.7,0.44,1.26
DSP S/T Reg Gr,Average,-0.6,1.14,87.43,0.99,0.55
Aditya BSL Bkg & PSU Debt Dir Mth IDCW-P,Above Average,-0.6,1.27,24.7,2.02,0.33
HSBC Medium Duration Ann IDCW-R,Average,-0.6,1.17,66.69,1.14,0.5
Baroda BNP P Dynamic Bond Reg HY IDCW-P,Above Average,-0.6,1.03,83.12,1.94,0.69
Aditya BSL Bkg & PSU Debt Dir Mth IDCW-R,Above Average,-0.6,1.27,24.7,2.02,0.33
Aditya BSL MNC Dir IDCW-R,–,-0.6,0.89,76,14.91,0.55
Mirae Asset Large Cap Dir IDCW-R,Below Average,-0.6,0.9,97.14,12.54,0.67
HSBC Corporate Bond Dir HY IDCW-R,High,-0.6,1.88,88.77,1.58,0.8
Axis Treasury Advantage Mn IDCW-R,Below Average,-0.6,4.35,65.7,0.44,1.26
Axis Treasury Advantage Wk IDCW-R,Below Average,-0.6,4.35,65.7,0.44,1.26
Axis Treasury Advantage Retl Wk IDCW-R,Below Average,-0.6,4.35,65.67,0.44,1.26
Baroda BNP P Dynamic Bond Reg HY IDCW-R,Above Average,-0.6,1.03,83.12,1.94,0.69
DSP Nifty 50 Index Reg IDCW-P,–,-0.6,1,99.98,13.15,0.63
ITI Liquid Reg Dl IDCW-R,–,-0.6,0.29,0.23,0.48,-1.11
Mahindra Manulife Lrg Cap Reg Gr,Below Average,-0.6,0.93,95.78,13.09,0.67
DSP Nifty 50 Index Reg IDCW-R,–,-0.6,1,99.98,13.15,0.63
ICICI Pru Nifty SmCp 250 Idx Dir IDCW-R,–,-0.6,1,99.99,19.91,0.9
ICICI Pru Nifty SmCp 250 Idx Dir IDCW-P,–,-0.6,1,99.99,19.91,0.9
ICICI Pru Nifty SmCp 250 Idx Dir Gr,–,-0.6,1,99.99,19.91,0.9
UTI Nifty200 Momentum 30 Index Reg Gr,–,-0.6,1,99.99,19.28,0.69
Union Liquid Unclmd Div Upto 3 Yrs,–,-0.6,0.9,41.44,0.48,–
Union Liquid Unclmd Redem Upto 3 Yrs,–,-0.6,0.9,42.11,0.47,–
HSBC Dynamic Bond Gr,Average,-0.61,0.95,69.48,1.98,0.6
Bank of India Ultra S/D Dir Gr,Below Average,-0.61,2.91,66.04,0.3,0.5
Tata Young Citizens After 7 yrs,–,-0.61,0.9,94.17,13.53,0.73
Axis Dynamic Bond Gr,Average,-0.61,1.19,89.41,2.16,0.75
ICICI Pru Ultra Short Term Qt IDCW-P,Average,-0.61,3.08,72.04,0.32,0.66
Tata Liquid Dir Dl IDCW-R,–,-0.61,1.68,15.23,0.35,-0.53
Bank of India Ultra S/D Dir Bonus,Below Average,-0.61,2.92,65.42,0.3,0.52
ICICI Pru Ultra Short Term Qt IDCW-R,Average,-0.61,3.08,72.04,0.32,0.66
Union Corporate Bond Fund Reg IDCW-R,Average,-0.61,1.31,80.9,1.19,0.6
UTI Floater Dir HY IDCW-P,Average,-0.61,5.04,56.21,0.54,1.33
UTI Floater Dir Ann IDCW-R,Below Average,-0.61,5.04,56.2,0.54,1.33
Union Corporate Bond Fund Reg Gr,Average,-0.61,1.31,80.9,1.19,0.6
UTI Floater Dir Ann IDCW-P,Low,-0.61,5.04,56.2,0.54,1.33
UTI Floater Dir Flexi IDCW-P,Below Average,-0.61,5.04,56.19,0.54,1.33
UTI Floater Dir Flexi IDCW-R,Below Average,-0.61,5.04,56.19,0.54,1.33
DSP Corporate Bond Reg IDCW-R,High,-0.61,1.28,1.62,8.07,0.08
UTI Floater Dir Gr,Low,-0.61,5.04,56.19,0.54,1.33
UTI Floater Dir HY IDCW-R,Average,-0.61,5.04,56.21,0.54,1.33
Navi Liquid Unclmd Red & Div < 3 Yrs,–,-0.61,2.49,19.74,0.43,0.08
ICICI Pru Overnight Dir Wk IDCW-P,–,-0.61,0.52,6.48,0.23,-3.08
DSP Corporate Bond Reg IDCW-P,High,-0.61,1.28,1.62,8.07,0.08
Union Corporate Bond Fund Reg IDCW-P,Average,-0.61,1.31,80.9,1.19,0.6
Tata Nifty 50 Index Reg,–,-0.62,1,100,13.1,0.63
Baroda BNP P Liquid Dl IDCW-P,–,-0.62,-0.25,1.22,0.24,–
Franklin India NSE Nifty 50 Index Gr,–,-0.62,0.99,99.98,13.03,0.63
Kotak Bond S/T Reg HY IDCW-P,–,-0.62,1.04,91.33,1.84,–
Baroda BNP P Liquid Dl IDCW-R,–,-0.62,-0.25,1.22,0.24,–
Aditya BSL Ret Fd 40s Reg IDCW-P,–,-0.62,1.07,87.22,10.97,0.69
DSP Corporate Bond Reg Mly IDCW-R,Above Average,-0.62,1.53,40.78,1.92,0.48
DSP Corporate Bond Reg Mly IDCW-P,Above Average,-0.62,1.53,40.78,1.92,0.48
Aditya BSL Frontline Equity Dir IDCW-P,Average,-0.63,0.92,90.98,13.3,0.65
Nippon India Index Nifty 50 Ann IDCW-P,–,-0.63,1,100,13.11,0.63
Canara Robeco Dynamic Bond Dir Gr,Average,-0.63,1.25,78.96,2.42,0.71
Invesco India Money Market Dl IDCW-R,Average,-0.63,3.81,68.44,0.4,0.99
Axis Liquid Retl Gr,–,-0.63,1.44,78.63,0.22,-2.06
Motilal Oswal Ultra S/T Dir Fr IDCW-R,Below Average,-0.63,1.1,8.48,0.34,-1.18
UTI Money Market Reg Gr(Discon),Below Average,-0.63,3.59,60.36,0.4,0.84
Nippon India Money Market Mn IDCW-P,Average,-0.63,4.36,51.32,0.5,1.06
Quantum Liquid Reg Dl IDCW-R,–,-0.63,0.4,0.42,0.49,-1.11
UTI Money Market Reg IDCW-P(Discon),Below Average,-0.63,3.59,60.36,0.4,0.84
UTI Money Market Reg Per IDCW-P(Discon),Below Average,-0.63,3.59,60.36,0.4,0.84
UTI Money Market Reg Per IDCW-R(Discon),Below Average,-0.63,3.59,60.36,0.4,0.84
Aditya BSL Frontline Equity Dir IDCW-R,Average,-0.63,0.92,90.98,13.3,0.65
Navi Flexi Cap Dir Gr,Average,-0.63,0.93,92.32,14.09,0.71
Nippon India Index Nifty 50 Ann IDCW-R,–,-0.63,1,100,13.11,0.63
UTI Money Market Reg IDCW-R(Discon),Below Average,-0.63,3.59,60.36,0.4,0.84
Nippon India Money Market Mn IDCW-R,Average,-0.63,4.36,51.32,0.5,1.06
Motilal Oswal S&P 500 Index Reg Gr,–,-0.63,0.87,92.73,14.67,0.65
Baroda BNP P Bkg & PSUBdReg Gr,Average,-0.63,1.3,72.09,1.24,0.55
Baroda BNP P Money Market Reg Wly IDCW-R,Average,-0.63,3.41,49.73,0.41,0.66
Mahindra Manulife Short Dur Reg Gr,Below Average,-0.63,1.07,84.42,0.95,0.46
LIC MF Banking & PSU Wk IDCW-P,Below Average,-0.64,1.3,78.03,1.2,0.56
Nippon India Index Nifty 50 HY IDCW-P,–,-0.64,1,100,13.11,0.63
Nippon India Index Nifty 50 Bns,–,-0.64,1,100,13.11,0.63
Nippon India Index Nifty 50 Qt IDCW-P,–,-0.64,1,100,13.11,0.63
Nippon India Index Nifty 50 Gr,–,-0.64,1,100,13.11,0.63
Invesco India Money Market Gr,Average,-0.64,3.83,68.49,0.4,0.99
LIC MF Banking & PSU Gr,Below Average,-0.64,1.3,78.07,1.2,0.56
LIC MF Banking & PSU Mn IDCW-P,Below Average,-0.64,1.3,78.05,1.2,0.56
UTI Liquid Reg Gr(Discon),–,-0.64,1.67,64.3,0.25,-1.35
Nippon India Money Market Dir Dl IDCW-R,Above Average,-0.64,3.75,11.92,0.84,0.39
DSP Ultra Short Dir Dl IDCW-R,Average,-0.64,3.08,17.91,0.56,0.28
HSBC Money Market Gr,Above Average,-0.64,3.65,63.69,0.41,0.85
Franklin India Liquid Instl Dl IDCW-R,–,-0.64,1.26,45.48,0.22,-2.21
ICICI Pru Banking & PSU Debt Bns,–,-0.64,1.09,73.74,1.83,–
LIC MF Banking & PSU Mn IDCW-R,Below Average,-0.64,1.3,78.05,1.2,0.56
LIC MF Banking & PSU Wk IDCW-R,Below Average,-0.64,1.3,78.03,1.2,0.56
Nippon India Index Nifty 50 Qt IDCW-R,–,-0.64,1,100,13.11,0.63
Nippon India Index Nifty 50 HY IDCW-R,–,-0.64,1,100,13.11,0.63
ICICI Pru NASDAQ 100 Index Dir IDCW-P,–,-0.64,0.99,99.72,19.72,0.83
ICICI Pru NASDAQ 100 Index Dir Gr,–,-0.64,0.99,99.72,19.71,0.83
ICICI Pru NASDAQ 100 Index Dir IDCW-R,–,-0.64,0.99,99.72,19.72,0.83
PGIM India Money Market Reg Gr,Below Average,-0.64,3.56,59.75,0.4,0.78
Nippon India Idx BSE Sensex AnnIDCWP,–,-0.65,1,100,12.69,0.6
Invesco India Shrt DurGr,Average,-0.65,1.13,75.57,1.05,0.46
Invesco India Shrt DurWk IDCW-R,Average,-0.65,1.12,70.88,1.08,0.44
Invesco India Money Market Mn IDCW-P,Average,-0.65,3.76,67.96,0.4,0.92
Invesco India Shrt DurDiscr IDCW-P,Average,-0.65,1.13,75.57,1.05,0.46
UTI Low Duration Reg Ft IDCW-P,Above Average,-0.65,4.21,59,0.45,1.02
Invesco India Money Market Disc IDCW-P,Average,-0.65,3.84,68.51,0.4,0.96
Bandhan Nifty 50 Index IDCW-P,–,-0.65,1,100,13.14,0.63
Nippon India Idx BSE Sensex Gr,–,-0.65,1,100,12.69,0.6
Axis Dynamic Bond Qt IDCW-P,Average,-0.65,1.2,89.53,2.17,0.74
Nippon India Idx BSE Sensex Bns,–,-0.65,1,100,12.69,0.6
Bandhan Low Duration Dir Wk IDCW-R,Average,-0.65,3.14,15.13,0.63,0.26
Nippon India Idx BSE Sensex HY IDCWP,–,-0.65,1,100,12.69,0.6
Nippon India Idx BSE Sensex Qt IDCWP,–,-0.65,1,100,12.69,0.6
Kotak Savings Fund Reg Gr,Average,-0.65,2.98,65.28,0.33,0.41
DSP 10Y G-Sec Dir Qt IDCW-R,High,-0.65,0.91,43.86,4.16,0.56
Kotak M/T Reg Gr,Average,-0.65,1.56,70.64,1.51,0.61
Franklin India Corp Dbt A Qt IDCW-P,Above Average,-0.65,1.43,68.39,1.38,0.56
Kotak M/T Reg Std IDCW-P,Above Average,-0.65,1.56,70.64,1.51,0.61
Canara Robeco Cons Hyb Mly IDCW-P,Average,-0.65,1.06,64.62,4.17,0.66
DSP 10Y G-Sec Dir Qt IDCW-P,High,-0.65,0.91,43.86,4.16,0.56
HSBC Short Duration Qt IDCW-P,Average,-0.65,1.15,84.95,1.01,0.49
Navi Flexi Cap Dir Hy IDCW-P,Average,-0.65,0.93,92.32,14.09,0.7
Navi Flexi Cap Dir Hy IDCW-R,Average,-0.65,0.93,92.32,14.09,0.7
Navi Flexi Cap Dir Qt IDCW-R,Average,-0.65,0.93,92.32,14.09,0.7
HSBC Short Duration Qt IDCW-R,Average,-0.65,1.15,84.95,1.01,0.49
Franklin India Corp Dbt A Qt IDCW-R,Above Average,-0.65,1.43,68.39,1.38,0.56
Bandhan Nifty 50 Index IDCW-R,–,-0.65,1,100,13.14,0.63
Nippon India Idx BSE Sensex AnnIDCWR,–,-0.65,1,100,12.69,0.6
Navi Flexi Cap Dir IDCW-P,Average,-0.65,0.93,92.32,14.09,0.7
Navi Flexi Cap Dir Qt IDCW-P,Average,-0.65,0.93,92.32,14.09,0.7
Navi Flexi Cap Dir Yr IDCW-R,Average,-0.65,0.93,92.32,14.09,0.7
Nippon India Idx BSE Sensex HY IDCWR,–,-0.65,1,100,12.69,0.6
Invesco India Money Market Disc IDCW-R,Average,-0.65,3.84,68.51,0.4,0.96
Bandhan Bond S/T Reg Yr IDCW-R,Average,-0.65,1.24,78.56,1.12,0.53
Navi Flexi Cap Dir Yr IDCW-P,Average,-0.65,0.93,92.32,14.09,0.7
Bandhan Bond S/T Reg Yr IDCW-P,Average,-0.65,1.24,78.56,1.12,0.53
Kotak M/T Reg Std IDCW-R,Above Average,-0.65,1.56,70.64,1.51,0.61
Invesco India Shrt DurDiscr IDCW-R,Average,-0.65,1.13,75.57,1.05,0.46
Nippon India Idx BSE Sensex Qt IDCWR,–,-0.65,1,100,12.69,0.6
UTI Low Duration Reg Ft IDCW-R,Above Average,-0.65,4.21,59,0.45,1.02
Axis Dynamic Bond Qt IDCW-R,Average,-0.65,1.2,89.53,2.17,0.74
Navi Flexi Cap Dir IDCW-R,Average,-0.65,0.93,92.32,14.09,0.7
Invesco India Money Market Mn IDCW-R,Average,-0.65,3.76,67.96,0.4,0.92
Canara Robeco Cons Hyb Mly IDCW-R,Average,-0.65,1.06,64.62,4.17,0.66
HSBC Ultra Short Duration Dir Dl IDCW-R,Above Average,-0.65,2.07,3.23,0.95,-0.13
Sundaram Short Dur Reg HY IDCW,Below Average,-0.65,0.95,66.21,0.95,0.32
ICICI Pru Overnight Dir Dl IDCW-R,–,-0.65,-0.17,0.26,0.28,-2.68
Axis Innovation Reg Gr,–,-0.65,0.86,79.34,14.04,0.66
HSBC Nifty Next 50 Index Dir IDCW-R,–,-0.65,1,99.99,19.5,0.69
HSBC Nifty Next 50 Index Dir IDCW-P,–,-0.65,1,99.99,19.5,0.69
HSBC Nifty Next 50 Index Dir Gr,–,-0.65,1,99.99,19.5,0.69
Tata India Pharma & Healthcare RegIDCW-P,–,-0.66,0.98,97.37,16.16,0.95
Tata India Pharma & Healthcare Reg Gr,–,-0.66,0.98,97.37,16.16,0.95
Bandhan Low Duration Reg Qt IDCW-P,Above Average,-0.66,3.69,3.53,1.51,0.19
Bandhan Nifty 50 Index Gr,–,-0.66,1,100,13.13,0.63
Invesco India Liquid Dl IDCW-R,–,-0.66,1.64,2.88,0.76,-0.31
Motilal Oswal Ultra S/T Dir Dl IDCW-R,Average,-0.66,1.41,15.05,0.34,-1.07
Baroda BNP P Cons Hy Reg Gr,Low,-0.66,1.02,82.36,3.56,0.73
Edelweiss Bnkg & PSU Debt Reg Gr,Above Average,-0.66,2.03,86.1,1.74,0.78
Kotak Savings Fund Reg Mn IDCW-P,Average,-0.66,2.97,64.69,0.33,0.39
Tata BSE Sensex Index Reg,–,-0.66,1,100,12.67,0.6
Navi Flexi Cap Dir Mn IDCW-R,Average,-0.66,0.93,92.32,14.09,0.7
Kotak Savings Fund Reg Mn IDCW-R,Average,-0.66,2.97,64.69,0.33,0.39
Navi Flexi Cap Dir Mn IDCW-P,Average,-0.66,0.93,92.32,14.09,0.7
Bandhan Low Duration Reg Qt IDCW-R,Above Average,-0.66,3.69,3.53,1.51,0.19
Tata India Pharma & Healthcare RegIDCW-R,–,-0.66,0.98,97.37,16.16,0.95
Groww Overnight Reg Ftn IDCW-T,–,-0.66,0.13,0.27,0.24,-3.21
Kotak Nifty Next 50 Index Reg IDCW-R,–,-0.66,0.99,99.99,19.43,0.69
Kotak Nifty Next 50 Index Reg IDCW-P,–,-0.66,0.99,99.99,19.43,0.69
Kotak Nifty Next 50 Index Reg Gr,–,-0.66,0.99,99.99,19.44,0.69
Groww Overnight Reg Ftn IDCW-R,–,-0.66,0.13,0.27,0.24,-3.21
Groww Overnight Reg Ftn IDCW-P,–,-0.66,0.13,0.27,0.24,-3.21
Baroda BNP P Bkg &PSUBdRegMnIDCW-P,Average,-0.66,1.3,72.11,1.23,0.52
Baroda BNP P Bkg &PSUBdRegMnIDCW-R,Average,-0.66,1.3,72.11,1.23,0.52
Kotak Nifty 50 Index Reg Gr,–,-0.66,1,99.99,13.11,0.63
Kotak Nifty 50 Index Reg IDCW-P,–,-0.66,1,99.99,13.11,0.63
Kotak Nifty 50 Index Reg IDCW-R,–,-0.66,1,99.99,13.11,0.63
Invesco India Shrt DurMn IDCW-P,Average,-0.67,1.11,75.86,1.04,0.43
Nippon India FRF Dir Gr,Above Average,-0.67,7.74,53.36,0.83,1.62
Nippon India U/ST Duration Wk IDCW-R,Above Average,-0.67,2.9,70.04,0.31,0.29
Nippon India FRF Dir Wk IDCW-P,Above Average,-0.67,7.74,53.33,0.83,1.62
HSBC Money Market Mn IDCW-P,Average,-0.67,3.6,63.46,0.4,0.75
UTI Liquid Reg IDCW-P(Discon),–,-0.67,1.65,64.21,0.24,-1.56
Nippon India U/ST Gr,Above Average,-0.67,2.9,70.01,0.31,0.28
Motilal Oswal Ultra S/T Dir Mn IDCW-P,Average,-0.67,1.57,17.24,0.35,-0.93
UTI Liquid Reg IDCW-R(Discon),–,-0.67,1.65,64.21,0.24,-1.56
Nippon India FRF Dir Wk IDCW-R,Above Average,-0.67,7.74,53.33,0.83,1.62
Motilal Oswal Ultra S/T Dir Mn IDCW-R,Average,-0.67,1.57,17.24,0.35,-0.93
HSBC Money Market Mn IDCW-R,Average,-0.67,3.6,63.46,0.4,0.75
Invesco India Shrt DurMn IDCW-R,Average,-0.67,1.11,75.86,1.04,0.43
ICICI Pru BSE 500 ETF FOF Reg IDCW-R,Below Average,-0.67,0.96,98.78,14.05,0.73
Mirae Asset Corporate Bond Reg IDCW-R,Average,-0.67,1.33,84,1.17,0.57
Mirae Asset Corporate Bond Reg IDCW-P,Average,-0.67,1.33,84,1.17,0.57
Mirae Asset Corporate Bond Reg Gr,Average,-0.67,1.33,84.01,1.17,0.57
ICICI Pru BSE 500 ETF FOF Reg IDCW-P,Below Average,-0.67,0.96,98.78,14.05,0.73
HSBC Liquid Unclmd Div Below 3 Yrs,–,-0.67,0.89,60.2,0.32,–
Baroda BNP P Money Market Reg Dl IDCW-R,Below Average,-0.67,3.13,55.32,0.38,0.42
HSBC Liquid Unclmd Red Below 3 Yrs,–,-0.67,0.89,60.2,0.32,–
ICICI Pru BSE 500 ETF FOF Reg Gr,Below Average,-0.67,0.96,98.79,14.05,0.73
ICICI Pru S&P BSE 500 ETF FOF Reg IDCW-T,Below Average,-0.67,0.96,98.78,14.05,0.73
DSP Corporate Bond Reg Qt IDCW-R,Above Average,-0.67,1.32,15.66,2.69,0.25
DSP Corporate Bond Reg Qt IDCW-P,Above Average,-0.67,1.32,15.66,2.69,0.25
Edelweiss Liquid Retl Dl IDCW-R,–,-0.68,-5.72,2.15,2.99,-0.72
UTI Ultra Short Duration Reg Ann IDCW-P,Above Average,-0.68,2.73,67.08,0.32,0.1
Nippon India Low Duration Dl IDCW-R,Average,-0.68,4.04,43.26,0.5,0.77
ICICI Pru Medium Term Bond Bns,–,-0.68,1.11,75.95,1.81,–
Nippon India U/ST Duration Dl IDCW-R,Above Average,-0.68,2.84,68.11,0.31,0.19
UTI Liquid RegMnIDCW-P(Discon),–,-0.68,1.67,64.31,0.25,-1.57
UTI Ultra S/D Reg Gr,Average,-0.68,2.73,67.08,0.32,0.11
UTI Ultra Short Duration Reg Wk IDCW-R,Average,-0.68,2.73,67.08,0.32,0.11
Quant Mid Cap Dir IDCW-P,Average,-0.68,0.93,83.9,17.68,0.94
UTI Ultra Short Duration Reg Fl IDCW-P,Above Average,-0.68,2.73,67.08,0.32,0.11
DSP S/T Reg Wk IDCW-R,Below Average,-0.68,1.11,79.52,1.02,0.43
PGIM India Hyb Eq IDCW-P,Below Average,-0.68,0.89,82.54,9.41,0.65
UTI Ultra Short Duration Reg Ann IDCW-R,Above Average,-0.68,2.73,67.08,0.32,0.1
UTI Liquid RegMnIDCW-R(Discon),–,-0.68,1.67,64.31,0.25,-1.57
PGIM India Hyb Eq IDCW-R,Below Average,-0.68,0.89,82.54,9.41,0.65
Kotak Dynamic Bond Dir Mn IDCW-P,–,-0.68,0.86,81.56,2.93,–
Kotak Dynamic Bond Dir Mn IDCW-R,–,-0.68,0.86,81.56,2.93,–
Kotak Liquid Dir Wk IDCW-R,–,-0.68,-3.46,37.02,0.5,–
UTI Ultra Short Duration Reg Fl IDCW-R,Above Average,-0.68,2.73,67.08,0.32,0.11
Quant Mid Cap Dir IDCW-R,Average,-0.68,0.93,83.9,17.68,0.94
Bandhan Nifty 100 Index Reg Gr,–,-0.68,1,100,13.96,0.62
Bandhan Nifty 100 Index Reg IDCW-R,–,-0.68,1,100,13.96,0.62
Bandhan Nifty 100 Index Reg IDCW-P,–,-0.68,1,100,13.96,0.62
Mirae Asset Money Market Reg Gr,Average,-0.68,3.62,64.06,0.4,0.72
TrustMF Short Duration Reg Gr,Average,-0.68,1.19,88.72,1.01,0.51
Bandhan Nifty 100 Index Reg IDCW-T,–,-0.68,1,100,13.96,0.62
Baroda BNP P Money Market Reg Gr,Below Average,-0.68,3.45,60.68,0.4,0.62
DSP Nifty Next 50 Index Reg Gr,–,-0.68,1,99.99,19.54,0.69
Invesco India Shrt DurB Gr,Average,-0.69,1.12,75.69,1.05,0.42
ICICI Pru Regular Savings Bonus,–,-0.69,0.99,75.62,4.23,–
Nippon India FRF Dir Mn IDCW-P,Above Average,-0.69,7.63,53.44,0.82,1.59
Nippon India FRF Dir Mn IDCW-R,Above Average,-0.69,7.63,53.44,0.82,1.59
Mirae Asset Money Market Reg IDCW-R,Average,-0.69,3.63,64.19,0.4,0.72
Mirae Asset Money Market Reg IDCW-P,Average,-0.69,3.63,64.19,0.4,0.72
Mahindra Manulife Ultr ShrtDurRegWkIDCWR,Average,-0.69,2.63,22,0.44,-0.03
Sundaram Short Dur Reg Qt IDCW,Average,-0.69,1.04,73.06,0.99,0.36
Invesco India Liquid Reg Gr,–,-0.7,1.44,81.49,0.22,-2.71
Invesco India Liquid Reg Wk IDCW-R,–,-0.7,1.44,81.49,0.22,-2.71
PGIM India ELSS Tax Saver Reg Gr,Below Average,-0.7,0.84,89.38,12.64,0.66
Canara Robeco Short Dur Reg Mly IDCW-P,Above Average,-0.7,1.01,33.45,1.39,0.22
Invesco India Shrt DurB Wk IDCW-R,Average,-0.7,1.11,70.98,1.07,0.39
Baroda BNP P Cons Hy Reg Mn IDCW-P,Low,-0.7,1.02,82.33,3.56,0.72
Edelweiss Bnkg & PSU Debt Reg Mn IDCW-P,Above Average,-0.7,2.01,85.69,1.72,0.75
Aditya BSL Low Duration Instl Dl IDCW-R,Below Average,-0.7,3.83,51.15,0.44,0.71
HDFC Floating Rate Debt Dir Wk IDCW-P,Average,-0.7,5.08,20.88,0.84,0.72
ICICI Pru Floating Interest Bns,–,-0.7,2.28,18.79,0.83,–
UTI Ultra Short Duration Reg Mn IDCW-P,Above Average,-0.7,2.73,67,0.32,0.02
UTI Ultra Short Duration Reg Mn IDCW-R,Above Average,-0.7,2.73,67,0.32,0.02
Edelweiss Bnkg & PSU Debt Reg Mn IDCW-R,Above Average,-0.7,2.01,85.69,1.72,0.75
Canara Robeco Short Dur Reg Mly IDCW-R,Above Average,-0.7,1.01,33.45,1.39,0.22
Baroda BNP P Cons Hy Reg Mn IDCW-R,Low,-0.7,1.02,82.33,3.56,0.72
HDFC Floating Rate Debt Dir Wk IDCW-R,Average,-0.7,5.08,20.88,0.84,0.72
Mahindra Manu Overnight Reg Dl IDCW-R,–,-0.7,5.54,3.75,2.21,0.33
Baroda BNP P Money Market Reg Mly IDCW-P,Average,-0.7,3.44,60.42,0.4,0.55
Sundaram Large Cap Dir IDCW-R,Low,-0.7,0.9,97.19,12.6,0.67
Baroda BNP P Money Market Reg Mly IDCW-R,Average,-0.7,3.44,60.42,0.4,0.55
LIC MF ULIS 10Y RP UC Dir Yr IDCW-R,–,-0.71,1.05,86.57,10.82,0.68
LIC MF ULIS 15Y RP RC Dir Yr IDCW-R,–,-0.71,1.05,86.57,10.82,0.68
Canara Robeco Income Fund Dir Gr,Below Average,-0.71,1.11,91.96,2,0.69
SBI Savings Reg Dl IDCW-R,Below Average,-0.71,3.67,68.99,0.38,0.68
UTI Banking & PSU Reg HY IDCW-P,Above Average,-0.71,1.56,90.68,1.3,0.65
LIC MF ULIS 15Y RP RC Dir Mn IDCW-R,–,-0.71,1.05,86.57,10.82,0.68
LIC MF ULIS 10Y SP Dir IDCW-R,–,-0.71,1.05,86.57,10.82,0.68
LIC MF ULIS 15Y RP RC Dir HY IDCW-R,–,-0.71,1.05,86.57,10.82,0.68
LIC MF ULIS 15Y RP UC Dir Yr IDCW-R,–,-0.71,1.05,86.57,10.82,0.68
LIC MF ULIS 10Y RP RC Dir HY IDCW-R,–,-0.71,1.05,86.57,10.82,0.68
HSBC Short Duration IDCW-P,Below Average,-0.71,0.34,8.16,1.02,-0.38
LIC MF ULIS 15Y RP RC Dir Qt IDCW-R,–,-0.71,1.05,86.57,10.82,0.68
LIC MF ULIS 15Y RP UC Dir Qt IDCW-R,–,-0.71,1.05,86.57,10.82,0.68
LIC MF ULIS 15Y RP UC Dir Mn IDCW-R,–,-0.71,1.05,86.57,10.82,0.68
LIC MF ULIS 15Y RP UC Dir HY IDCW-R,–,-0.71,1.05,86.57,10.82,0.68
LIC MF ULIS 10Y RP RC Dir Qt IDCW-R,–,-0.71,1.05,86.57,10.82,0.68
LIC MF ULIS 10Y RP UC Dir Qt IDCW-R,–,-0.71,1.05,86.57,10.82,0.68
LIC MF ULIS 10Y RP UC Dir HY IDCW-R,–,-0.71,1.05,86.57,10.82,0.68
LIC MF ULIS 10Y RP RC Dir Mn IDCW-R,–,-0.71,1.05,86.57,10.82,0.68
LIC MF ULIS 10Y RP UC Dir Mn IDCW-R,–,-0.71,1.05,86.57,10.82,0.68
UTI Banking & PSU Reg Fl IDCW-P,Above Average,-0.71,1.56,90.7,1.3,0.65
LIC MF ULIS 10Y RP RC Dir Yr IDCW-R,–,-0.71,1.05,86.57,10.82,0.68
SBI Savings Reg Wk IDCW-P,Below Average,-0.71,3.66,68.95,0.38,0.68
Tata Short Term Bond Reg Mn IDCW-P,Average,-0.71,1.13,79.55,1.03,0.41
UTI Banking & PSU Reg Qt IDCW-P,High,-0.71,1.56,90.7,1.29,0.65
SBI Savings Reg IDCW-P,Average,-0.71,3.67,68.96,0.38,0.68
Tata Short Term Bond Reg Gr,Average,-0.71,1.12,79.7,1.03,0.41
SBI Savings Reg Gr,Below Average,-0.71,3.66,68.93,0.38,0.68
LIC MF Unit Linked Insurance Dir,–,-0.71,1.05,86.57,10.82,0.68
UTI Banking & PSU Reg Gr,High,-0.71,1.56,90.68,1.3,0.65
SBI Savings Reg IDCW-R,Average,-0.71,3.67,68.96,0.38,0.68
SBI Savings Reg Wk IDCW-R,Below Average,-0.71,3.66,68.95,0.38,0.68
Tata Short Term Bond Reg Mn IDCW-R,Average,-0.71,1.13,79.55,1.03,0.41
HSBC Short Duration IDCW-R,Below Average,-0.71,0.34,8.16,1.02,-0.38
UTI Banking & PSU Reg Qt IDCW-R,High,-0.71,1.56,90.7,1.29,0.65
UTI Banking & PSU Reg HY IDCW-R,Above Average,-0.71,1.56,90.68,1.3,0.65
UTI Banking & PSU Reg Fl IDCW-R,Above Average,-0.71,1.56,90.7,1.3,0.65
Invesco India Overnight Reg Dl IDCW-R,–,-0.71,0.37,0.13,0.77,-0.8
Bank of India Liquid Unclmd Red Upto3Yrs,–,-0.71,0.91,63.22,0.46,–
Bank of India Liquid Unclmd Div Upto3Yrs,–,-0.71,0.91,63.19,0.46,–
Bandhan Ultra Short Term Reg Wk IDCW-P,Above Average,-0.71,-2.17,4.36,0.83,-1.59
Baroda BNP P Bkg &PSUBdRegQtIDCW-R,Average,-0.71,1.3,72.15,1.23,0.48
Baroda BNP P Bkg &PSUBdRegQtIDCW-P,Average,-0.71,1.3,72.15,1.23,0.48
Mirae Asset Large & Midcap IDCW-P,Below Average,-0.72,0.97,92.51,14.43,0.68
Nippon India Gilt Sec Instl Gr,Average,-0.72,1.09,64.83,2.42,0.64
Tata Short Term Bond Reg Prdic IDCW-P,Average,-0.72,1.13,79.59,1.04,0.4
UTI Banking & PSU Reg Mn IDCW-P,Above Average,-0.72,1.56,90.68,1.3,0.64
Franklin India Money Mkt Dir Dl IDCW-R,Average,-0.72,3.97,32.33,0.54,0.57
PGIM India Corporate Bond Gr,Below Average,-0.72,1.21,81.2,1.09,0.46
Sundaram Corp Bond Qt IDCW-P,Below Average,-0.72,0.87,52.69,0.96,0.16
UTI Banking & PSU Reg Mn IDCW-R,Above Average,-0.72,1.56,90.68,1.3,0.64
Sundaram Corp Bond Qt IDCW-R,Below Average,-0.72,0.87,52.69,0.96,0.16
Axis Flexi Cap Dir Gr,Average,-0.72,0.96,90.81,14.67,0.7
Mirae Asset Large & Midcap IDCW-R,Below Average,-0.72,0.97,92.51,14.43,0.68
Tata Short Term Bond Reg Prdic IDCW-R,Average,-0.72,1.13,79.59,1.04,0.4
Sundaram Corp Bond Qt IDCW-T,Below Average,-0.72,0.87,52.69,0.96,0.16
PGIM India Glb Sel RE Scs FoF Reg Gr,–,-0.72,0.93,97.58,17.29,-0.06
HSBC Corporate Bond Dir Ann IDCW-P,Above Average,-0.72,1.78,80.04,1.57,0.66
HSBC Corporate Bond Dir Ann IDCW-R,Above Average,-0.72,1.78,80.04,1.57,0.66
Aditya BSL FRF Dir Wk IDCW-P,Average,-0.73,4.73,31.75,0.64,0.76
Invesco India UShrtDur Ann IDCW-P,Above Average,-0.73,2.24,23.73,0.39,-0.43
Bandhan Dynamic Bond Dir Qt IDCW-P,Above Average,-0.73,1.49,48.79,3.68,0.56
Nippon India FRF Dir IDCW-P,Above Average,-0.73,7.81,53.53,0.84,1.57
HDFC Low Duration Reg Gr,Average,-0.73,4.38,49.52,0.5,0.83
Kotak Liquid Reg Wk IDCW-P,–,-0.73,-0.49,10.63,0.26,–
Aditya BSL FRF Dir Wk IDCW-R,Average,-0.73,4.73,31.75,0.64,0.76
Invesco India UShrtDur Ann IDCW-R,Above Average,-0.73,2.24,23.73,0.39,-0.43
Bandhan Dynamic Bond Dir Qt IDCW-R,Above Average,-0.73,1.49,48.79,3.68,0.56
Nippon India FRF Dir IDCW-R,Above Average,-0.73,7.81,53.53,0.84,1.57
Mirae Asset Healthcare Dir Gr,–,-0.73,1,96.94,16.52,0.94
DSP Strategic Bd Dir Dl IDCW-R,–,-0.74,0.79,67.83,2.81,–
SBI PSU Reg Gr,–,-0.74,0.97,93.68,22.74,1.15
SBI PSU Reg IDCW-P,–,-0.74,0.97,93.68,22.74,1.15
UTI Ultra Short Duration Reg Dl IDCW-R,Average,-0.74,2.75,66.51,0.31,-0.15
DSP Savings Dir Dl IDCW-R,Above Average,-0.74,3.18,19.52,0.56,0.13
HSBC Corporate Bond Gr,Above Average,-0.74,1.9,89.94,1.59,0.73
Nippon India Income Gr,Average,-0.74,1.08,81.7,2.05,0.62
Franklin India Liquid Instl Wk IDCW-P,–,-0.74,1.06,10.25,0.32,-1.83
Nippon India Income Bns,Average,-0.74,1.08,81.7,2.06,0.62
HSBC Corporate Bond Bns,Above Average,-0.74,1.9,89.94,1.59,0.72
LIC MF Aggressive Hybrid IDCW-P,Below Average,-0.74,1.08,88.51,11,0.68
Tata Treasury Advantage Reg Gr,Average,-0.74,4,57.93,0.44,0.72
Aditya BSL Equity Hybrid '95 Gr,Average,-0.74,1.04,94.69,10.28,0.7
SBI PSU Reg IDCW-R,–,-0.74,0.97,93.68,22.74,1.15
LIC MF Aggressive Hybrid IDCW-R,Below Average,-0.74,1.08,88.51,11,0.68
Franklin India Liquid Instl Wk IDCW-R,–,-0.74,1.06,10.25,0.32,-1.83
Sundaram Overnight Reg Mn IDCW-R,–,-0.74,0.23,0.2,0.44,-1.68
Axis Money Market Dir Daily IDCW-R,Above Average,-0.74,3.62,21.56,0.61,0.33
Tata Treasury Advantage Reg Pd IDCW-P,Average,-0.75,3.98,58.04,0.44,0.7
HSBC Banking & PSU Dbt Dir Wk IDCW-R,Average,-0.75,1.29,74.56,1.2,0.45
Nippon India Money Market Dl IDCW-R,Above Average,-0.75,3.71,12.04,0.83,0.25
HDFC Overnight Dir Dl IDCW-R,–,-0.75,0.44,1.18,0.32,-2.06
Tata Treasury Advantage Reg Pd IDCW-R,Average,-0.75,3.98,58.04,0.44,0.7
HSBC Banking & PSU Dbt Dir Wk IDCW-P,Average,-0.75,1.29,74.56,1.2,0.45
TrustMF Liquid Reg Wk IDCW-R,–,-0.75,0.22,0.46,0.28,-2.83
TrustMF Liquid Reg Wk IDCW-P,–,-0.75,0.22,0.46,0.28,-2.83
Edelweiss Nifty 50 Index Reg Gr,–,-0.75,1,99.99,13.08,0.62
Edelweiss Nifty 50 Index Reg IDCW-P,–,-0.75,1,99.99,13.09,0.62
Edelweiss Nifty 50 Index Reg IDCW-R,–,-0.75,1,99.99,13.09,0.62
Edelweiss Nifty 50 Index Reg IDCW-T,–,-0.75,1,99.99,13.09,0.62
UTI Low Duration Reg Qt IDCW-P,Above Average,-0.76,4.24,32.24,0.58,0.58
DSP Low Duration Dir Dl IDCW-R,Average,-0.76,3.62,16.34,0.71,0.25
Aditya BSL Savings Retl Wk IDCW-P,Above Average,-0.76,5.96,13.59,1.22,0.62
Nippon India Gilt Sec PF Auto Yr IDCW-P,Average,-0.76,1.09,64.82,2.42,0.62
HSBC Low Duration Dir Ann IDCW-P,Above Average,-0.76,5.67,16.7,1.05,0.66
HSBC Low Duration Dir Ann IDCW-R,Above Average,-0.76,5.67,16.7,1.05,0.66
UTI Low Duration Reg Qt IDCW-R,Above Average,-0.76,4.24,32.24,0.58,0.58
Nippon India Gilt Sec PF Auto Yr IDCW-R,Average,-0.76,1.09,64.82,2.42,0.62
Mahindra Manu Overnight Dir Dl IDCW-R,–,-0.76,9.63,4.65,3.45,0.5
LIC MF Value Dir Gr,Above Average,-0.76,1.07,83.67,16.93,0.67
ITI Overnight Reg Dl IDCW-R,–,-0.76,-0.55,0.89,0.46,-2.01
UTI Medium Duration Reg Gr,Average,-0.77,1.38,82.86,1.22,0.5
UTI Medium to Long Dur Dir Ann IDCW-P,Above Average,-0.77,1.11,94,1.96,0.67
Sundaram Conservative Hyb Dir HY IDCW-P,Average,-0.77,1.1,90.76,3.66,0.75
Nippon India Gilt Sec PF Auto Cap App,Average,-0.77,1.09,64.85,2.42,0.62
Nippon India Gilt Sec PF Dfd Mat Dt,Average,-0.77,1.09,64.85,2.42,0.62
UTI Medium Duration Reg Mt IDCW-P,Average,-0.77,1.38,82.89,1.22,0.5
Nippon India Gilt Sec Gr,Average,-0.77,1.09,64.85,2.42,0.62
UTI Medium Duration Reg Qt IDCW-P,Average,-0.77,1.38,82.88,1.22,0.5
Sundaram Conservative Hyb Dir Qt IDCW-P,Average,-0.77,1.1,90.74,3.66,0.76
PGIM India Ultra S/D Wk IDCW-P,Average,-0.77,2.4,22.62,0.41,-0.39
HDFC Dynamic Debt Reg Nrm IDCW-R,Average,-0.77,0.97,82.65,1.86,0.58
HDFC Dynamic Debt Yr IDCW-P,Average,-0.77,0.97,82.66,1.86,0.58
Baroda BNP P Cons Hy Reg Qt IDCW-P,Below Average,-0.77,1.02,82.49,3.54,0.7
Sundaram Conservative Hyb Dir Gr,Average,-0.77,1.1,90.74,3.66,0.76
HDFC Money Market Dir Dl IDCW-R,Above Average,-0.77,3.9,29.22,0.56,0.42
HDFC Dynamic Debt Gr,Average,-0.77,0.97,82.64,1.86,0.58
HDFC Dynamic Debt Reg Nrm IDCW-P,Average,-0.77,0.97,82.65,1.86,0.58
HDFC Dynamic Debt Yr IDCW-R,Average,-0.77,0.97,82.66,1.86,0.58
PGIM India Ultra S/D Wk IDCW-R,Average,-0.77,2.4,22.62,0.41,-0.39
UTI Medium Duration Reg Qt IDCW-R,Average,-0.77,1.38,82.88,1.22,0.5
Baroda BNP P Cons Hy Reg Qt IDCW-R,Below Average,-0.77,1.02,82.49,3.54,0.7
Sundaram Conservative Hyb Dir Qt IDCW-T,Average,-0.77,1.1,90.74,3.66,0.76
Sundaram Conservative Hyb Dir Qt IDCW-R,Average,-0.77,1.1,90.74,3.66,0.76
Sundaram Conservative Hyb Dir HY IDCW-R,Average,-0.77,1.1,90.76,3.66,0.75
UTI Medium to Long Dur Dir Ann IDCW-R,Above Average,-0.77,1.11,94,1.96,0.67
Sundaram Conservative Hyb Dir HY IDCW-T,Average,-0.77,1.1,90.76,3.66,0.75
UTI Medium Duration Reg Mt IDCW-R,Average,-0.77,1.38,82.89,1.22,0.5
ITI Dynamic Bond Reg HY IDCW-P,Low,-0.77,0.7,52.8,1.68,0.33
ITI Dynamic Bond Reg Qt IDCW-P,Low,-0.77,0.7,52.77,1.68,0.33
ITI Dynamic Bond Reg Qt IDCW-R,Low,-0.77,0.7,52.77,1.68,0.33
Mahindra Manulife Short Dur Reg IDCW-P,Below Average,-0.77,1.06,83.03,0.94,0.3
Mahindra Manulife Short Dur Reg IDCW-R,Below Average,-0.77,1.06,83.03,0.94,0.3
ITI Dynamic Bond Reg HY IDCW-R,Low,-0.77,0.7,52.8,1.68,0.33
Groww Dynamic Bond Dir Gr,Below Average,-0.77,0.84,58.94,1.9,0.43
Nippon India U/ST Duration Qt IDCW-P,High,-0.78,2.96,72.44,0.31,-0.08
Sundaram Banking & PSU Gr,–,-0.78,0.88,82.82,1.19,-0.73
ICICI Pru Medium Term Bond B Gr,–,-0.78,1.1,76.31,1.8,–
HSBC Small Cap Fund Reg Gr,Above Average,-0.78,0.89,93.69,18.4,0.89
Franklin India Corp Dbt A Ann IDCW-P,Average,-0.78,1.3,57.14,1.36,0.38
Nippon India U/ST Duration Qt IDCW-R,High,-0.78,2.96,72.44,0.31,-0.08
Franklin India Corp Dbt A Ann IDCW-R,Average,-0.78,1.3,57.14,1.36,0.38
LIC MF Value Dir IDCW-P,Above Average,-0.78,1.07,83.67,16.92,0.67
Groww Dynamic Bond Dir Ftn IDCW-P,Below Average,-0.78,0.84,59.19,1.89,0.43
ITI Dynamic Bond Reg Ann IDCW-P,Low,-0.78,0.7,52.77,1.68,0.33
Groww Dynamic Bond Dir Ftn IDCW-R,Below Average,-0.78,0.84,59.19,1.89,0.43
Groww Dynamic Bond Dir Ftn IDCW-T,Below Average,-0.78,0.84,59.19,1.89,0.43
Edelweiss Overnight Dir Dl IDCW-R,–,-0.78,-1.75,4.14,0.66,-1.87
ITI Dynamic Bond Reg Ann IDCW-R,Low,-0.78,0.7,52.77,1.68,0.33
LIC MF Value Dir IDCW-R,Above Average,-0.78,1.07,83.67,16.92,0.67
ITI Dynamic Bond Reg Gr,Low,-0.78,0.7,52.74,1.68,0.32
Edelweiss Bnkg & PSU Deb Dir Fortn IDCW,High,-0.78,2.29,77.93,2.07,0.72
LIC MF Value Dir SWP,Above Average,-0.78,1.07,83.67,16.92,0.67
PGIM India Liquid Qt IDCW-P,–,-0.79,-0.35,0.76,0.7,-1.44
Bandhan Dynamic Bond Dir Gr,Above Average,-0.79,1.59,69.54,3.29,0.67
Mirae Asset Low Dur Reg Svg Wk IDCW-R,Below Average,-0.79,4,61.56,0.42,0.61
HSBC Low Duration Dir Gr,Above Average,-0.79,8.05,37.65,1.01,1.27
Kotak Gilt Inv Reg Gr,Above Average,-0.79,1.04,48.84,2.66,0.52
UTI Ultra Short Duration Reg Ft IDCW-P,Above Average,-0.79,2.76,60.94,0.32,-0.3
Nippon India Income Mn IDCW-P,Average,-0.79,1.07,81.6,2.04,0.6
SBI Banking & PSU Dir MnIDCW-P,Average,-0.79,1.14,61.59,1.16,0.3
Bandhan Dynamic Bond Dir IDCW-P,High,-0.79,1.59,69.54,3.29,0.67
Bandhan Dynamic Bond Dir Prdic IDCW-R,High,-0.79,1.59,69.53,3.29,0.67
Kotak Gilt Inv Reg Qt IDCW-P,Above Average,-0.79,1.04,48.84,2.66,0.52
Kotak Gilt Inv PF & Trust Reg Gr,Above Average,-0.79,1.04,48.84,2.66,0.52
Bandhan Bkg & PSU Dbt Reg Fr IDCW-P,Below Average,-0.79,0.9,51.61,1.02,0.11
Bandhan Low Duration Reg Mn IDCW-P,Average,-0.79,4.31,32.07,0.6,0.54
Bandhan Dynamic Bond Dir Prdic IDCW-P,High,-0.79,1.59,69.53,3.29,0.67
UTI Ultra Short Duration Reg Ft IDCW-R,Above Average,-0.79,2.76,60.94,0.32,-0.3
Bandhan Low Duration Reg Mn IDCW-R,Average,-0.79,4.31,32.07,0.6,0.54
PGIM India Liquid Qt IDCW-R,–,-0.79,-0.35,0.76,0.7,-1.44
Bandhan Bkg & PSU Dbt Reg Fr IDCW-R,Below Average,-0.79,0.9,51.61,1.02,0.11
Bandhan Dynamic Bond Dir IDCW-R,High,-0.79,1.59,69.54,3.29,0.67
SBI Banking & PSU Dir MnIDCW-R,Average,-0.79,1.14,61.59,1.16,0.3
Nippon India Income Mn IDCW-R,Average,-0.79,1.07,81.6,2.04,0.6
Kotak Gilt Inv Reg Qt IDCW-R,Above Average,-0.79,1.04,48.84,2.66,0.52
Nippon India Nifty Smallcap250IDirIDCW-R,–,-0.79,0.99,99.96,19.86,0.89
Mirae Asset Overnight Reg Dl IDCW-R,–,-0.79,0.22,0.06,0.68,-1.09
Nippon India Nifty Smallcap 250 I Dir Gr,–,-0.79,0.99,99.96,19.86,0.89
Aditya BSL Bal Bhavishya Yojna DirIDCW-R,–,-0.79,0.94,95.5,13.98,0.72
Aditya BSL Bal Bhavishya Yojna DirIDCW-P,–,-0.79,0.94,95.5,13.98,0.72
Nippon India Nifty Smallcap250IDirIDCW-P,–,-0.79,0.99,99.96,19.86,0.89
Invesco India UShrtDur Dl IDCW-R,Average,-0.8,3.48,65.76,0.38,0.3
PGIM India Gilt IDCW-P,Above Average,-0.8,0.88,15.22,4,0.25
UTI Dynamic Bond Reg HY IDCW-P,Above Average,-0.8,0.86,75.52,1.72,0.48
UTI Dynamic Bond Reg Fl IDCW-P,Above Average,-0.8,0.86,75.56,1.72,0.48
UTI Dynamic Bond Reg Gr,Above Average,-0.8,0.86,75.56,1.72,0.48
UTI Dynamic Bond Reg IDCW-P,Above Average,-0.8,0.86,75.54,1.72,0.48
Nippon India Dynamic Bond Qt IDCW-P,Above Average,-0.8,0.97,53.13,2.24,0.45
Invesco India S/D Gr,Average,-0.8,3.48,65.76,0.38,0.3
Aditya BSL Equity Advantage Dir Gr,High,-0.8,1.01,88.79,15.22,0.66
UTI Liquid Reg Dl IDCW-R,–,-0.8,1.62,2.29,0.83,-0.46
Franklin India Corp Dbt A HY IDCW-P,Average,-0.8,1.43,67.14,1.38,0.45
Bandhan Money Manager Reg Mn IDCW-P,Above Average,-0.8,3.43,21.8,0.59,0.14
HDFC Dynamic Debt HY IDCW-P,Average,-0.8,0.97,82.77,1.85,0.56
HDFC Dynamic Debt Qt IDCW-P,Average,-0.8,0.98,82.9,1.86,0.56
Bandhan Money Manager Reg Mn IDCW-R,Above Average,-0.8,3.43,21.8,0.59,0.14
PGIM India Gilt IDCW-R,Above Average,-0.8,0.88,15.22,4,0.25
Nippon India Dynamic Bond Qt IDCW-R,Above Average,-0.8,0.97,53.13,2.24,0.45
Franklin India Corp Dbt A HY IDCW-R,Average,-0.8,1.43,67.14,1.38,0.45
UTI Dynamic Bond Reg IDCW-R,Above Average,-0.8,0.86,75.54,1.72,0.48
UTI Nifty Next 50 Index Reg Gr,–,-0.8,1,100,19.53,0.68
UTI Dynamic Bond Reg HY IDCW-R,Above Average,-0.8,0.86,75.52,1.72,0.48
HDFC Dynamic Debt Qt IDCW-R,Average,-0.8,0.98,82.9,1.86,0.56
HDFC Dynamic Debt HY IDCW-R,Average,-0.8,0.97,82.77,1.85,0.56
UTI Dynamic Bond Reg Fl IDCW-R,Above Average,-0.8,0.86,75.56,1.72,0.48
LIC MF Ultra Short Dur Reg Dl IDCW-R,Average,-0.8,2.33,27.28,0.37,-0.6
HDFC Ultra S/T Fund Dir Dl IDCW-R,Above Average,-0.8,3.35,26.58,0.51,0.12
Invesco India UShrtDur Mn IDCW-P,Average,-0.81,3.42,65.39,0.38,0.22
Taurus Nifty 50 Index Dir Gr,–,-0.81,0.99,99.95,13.02,0.61
JM Low Duration Wk IDCW-R,Above Average,-0.81,3.62,30.06,0.56,0.25
Bandhan Bond S/T Reg Fr IDCW-P,Average,-0.81,1.34,73.52,1.26,0.42
LIC MF Banking & PSU Dl IDCW-P,Below Average,-0.81,1.32,73.51,1.24,0.41
UTI Medium Duration Reg Ann IDCW-P,Average,-0.81,1.38,82.06,1.22,0.46
Nippon India Focused Equity IDCW-P,High,-0.81,0.93,78.7,15.23,0.64
DSP Strategic Bd Reg Mn IDCW-P,Above Average,-0.81,1.46,35.36,4.24,0.46
PGIM India Ultra S/D Gr,Below Average,-0.81,2.42,67.52,0.28,-0.82
DSP Ultra Short Reg Gr,Average,-0.81,2.91,56.22,0.35,-0.2
Nippon India Strategic Debt Qt IDCW-P,Above Average,-0.81,1.11,40.01,1.43,0.21
Sundaram Corp Bond Mn IDCW-P,Below Average,-0.81,0.52,42.37,0.67,-0.46
Bandhan Gov Sec-Constant Mat DirMnIDCW-P,Above Average,-0.81,0.65,59.36,2.58,0.52
Taurus Nifty 50 Index Dir IDCW-P,–,-0.81,0.99,99.95,13.02,0.61
ICICI Pru FMCG IDCW-P,–,-0.81,0.83,95.36,13.17,0.36
ICICI Pru FMCG IDCW-R,–,-0.81,0.83,95.36,13.17,0.36
LIC MF Banking & PSU Dl IDCW-R,Below Average,-0.81,1.32,73.51,1.24,0.41
Invesco India UShrtDur Mn IDCW-R,Average,-0.81,3.42,65.39,0.38,0.22
Sundaram Corp Bond Mn IDCW-R,Below Average,-0.81,0.52,42.37,0.67,-0.46
Nippon India Strategic Debt Qt IDCW-R,Above Average,-0.81,1.11,40.01,1.43,0.21
Nippon India Focused Equity IDCW-R,High,-0.81,0.93,78.7,15.23,0.64
Bandhan Bond S/T Reg Fr IDCW-R,Average,-0.81,1.34,73.52,1.26,0.42
DSP Strategic Bd Reg Mn IDCW-R,Above Average,-0.81,1.46,35.36,4.24,0.46
Bandhan Gov Sec-Constant Mat DirMnIDCW-R,Above Average,-0.81,0.65,59.36,2.58,0.52
Sundaram Corp Bond Mn IDCW-T,Below Average,-0.81,0.52,42.37,0.67,-0.46
UTI Medium Duration Reg Ann IDCW-R,Average,-0.81,1.38,82.06,1.22,0.46
Taurus Nifty 50 Index Dir IDCW-R,–,-0.81,0.99,99.95,13.02,0.61
TrustMF Banking & PSU DirAnn IDCW-R,High,-0.81,0.73,9.24,1.91,-0.04
TrustMF Banking & PSU DirAnn IDCW-P,High,-0.81,0.73,9.24,1.91,-0.04
Tata Overnight Dir Dl IDCW-R,–,-0.81,0.12,0.11,0.28,-2.76
Groww Overnight Dir Dly IDCW-R,–,-0.81,-0.08,0.04,0.31,-2.98
Nippon India Low Duration Wk IDCW-P,Average,-0.82,4.19,60.99,0.44,0.62
Invesco India Low Dur Discr IDCW-P,Below Average,-0.82,4.45,66.08,0.46,0.77
Nippon India Gilt Sec Mn IDCW-P,Average,-0.82,1.08,64.73,2.4,0.6
Canara Robeco Short Dur Reg Gr,Below Average,-0.82,1.01,87.84,0.88,0.22
Axis Midcap Dir Gr,Low,-0.82,0.83,86.54,15.55,0.94
Invesco India Low Dur Gr,Below Average,-0.82,4.45,66.08,0.46,0.76
DSP Low Duration Reg Gr,Below Average,-0.82,4.43,67.58,0.45,0.78
PGIM India Ultra S/D Dl IDCW-R,Below Average,-0.82,2.32,62.53,0.28,-1
Invesco India Low Dur Dl IDCW-R,Below Average,-0.82,4.34,64.96,0.45,0.71
Sundaram Div Yield Hlf Yrly IDCW-P,–,-0.82,0.9,89.84,13.77,0.68
Aditya BSL Income Reg Gr,Average,-0.82,1.07,89.57,1.95,0.62
Franklin India Liquid Gr,–,-0.82,1.42,76.45,0.22,-3.61
Nippon India Low Duration IDCW-P,Average,-0.82,4.03,57.59,0.44,0.54
HDFC Overnight Dl IDCW-R,–,-0.82,0.35,1.16,0.26,-2.91
Sundaram Div Yield Hlf Yrly IDCW-R,–,-0.82,0.9,89.84,13.77,0.68
Nippon India Low Duration Wk IDCW-R,Average,-0.82,4.19,60.99,0.44,0.62
Nippon India Low Duration IDCW-R,Average,-0.82,4.03,57.59,0.44,0.54
Nippon India Gilt Sec Mn IDCW-R,Average,-0.82,1.08,64.73,2.4,0.6
Invesco India Low Dur Discr IDCW-R,Below Average,-0.82,4.45,66.08,0.46,0.77
DSP Nifty Next 50 Index Reg IDCW-P,–,-0.82,1,99.99,19.54,0.68
Bandhan Floating Rate Reg Qt IDCW-T,Above Average,-0.82,5.91,7.51,1.66,0.42
Bandhan Floating Rate Reg Qt IDCW-P,Above Average,-0.82,5.91,7.51,1.66,0.42
Bandhan Floating Rate Reg Qt IDCW-R,Above Average,-0.82,5.91,7.51,1.66,0.42
DSP Nifty Next 50 Index Reg IDCW-R,–,-0.82,1,99.99,19.54,0.68
Navi Nifty Next 50 Index Reg Gr,–,-0.82,1,99.97,19.47,0.68
Axis Money Market Reg Daily IDCW-R,Above Average,-0.82,3.72,22.91,0.61,0.24
Aditya BSL Bkg & PSU Debt Reg IDCW-P,Average,-0.83,1.17,68.43,1.13,0.3
Motilal Oswal Ultra S/T Dir Wk IDCW-R,Average,-0.83,1.6,25.9,0.3,-1.7
Nippon India Low Duration Gr,Average,-0.83,4.19,60.94,0.44,0.61
ICICI Pru Nifty Next 50 Index Gr,–,-0.83,1,100,19.55,0.68
Invesco Ind Bnk & PSU Dl IDCW-R,Above Average,-0.83,1.33,63.45,1.34,0.37
ICICI Pru Nifty Next 50 Index IDCW-P,–,-0.83,1,100,19.55,0.68
Canara Robeco Savings Mly IDCW-P,Low,-0.83,4.42,65.49,0.45,0.74
Nippon India Low Duration Retl Dl IDCW-R,Average,-0.83,4.03,43.7,0.5,0.44
Nippon India Low Duration Bns,Average,-0.83,4.19,60.97,0.44,0.61
Canara Robeco Savings Wly IDCW-P,Low,-0.83,4.41,65.5,0.45,0.74
Sundaram Focused Gr,Below Average,-0.83,0.87,91.37,13.22,0.68
Canara Robeco Savings Gr,Low,-0.83,4.42,65.45,0.46,0.74
Nippon India Liquid Retl Gr,–,-0.83,1.59,74.86,0.24,-2.97
ICICI Pru Floating Interest A Gr,–,-0.83,2.34,19,0.85,–
Nippon India Liquid Retl Mn IDCW-P,–,-0.83,1.59,74.88,0.24,-2.98
ICICI Pru Floating Interest B Gr,–,-0.83,2.33,19,0.85,–
Motilal Oswal Ultra S/T Dir Gr,Average,-0.83,1.7,43.14,0.27,-1.96
HSBC Money Market Dl IDCW-R,Average,-0.83,3.46,37.18,0.48,0.14
Bandhan Credit Risk Reg Qt IDCW-P,Below Average,-0.83,0.87,20.02,1.55,0.03
Bandhan Credit Risk Reg Qt IDCW-R,Below Average,-0.83,0.87,20.02,1.55,0.03
Nippon India Liquid Retl Qt IDCW-P,–,-0.83,1.6,74.87,0.24,-2.96
Canara Robeco Savings IDCW-P,Low,-0.83,4.43,65.43,0.46,0.74
Canara Robeco Savings IDCW-R,Low,-0.83,4.43,65.43,0.46,0.74
Canara Robeco Savings Wly IDCW-R,Low,-0.83,4.41,65.5,0.45,0.74
Nippon India Liquid Retl Mn IDCW-R,–,-0.83,1.59,74.88,0.24,-2.98
Nippon India Liquid Retl Qt IDCW-R,–,-0.83,1.6,74.87,0.24,-2.96
ICICI Pru Nifty Next 50 Index IDCW-R,–,-0.83,1,100,19.55,0.68
Aditya BSL Bkg & PSU Debt Reg IDCW-R,Average,-0.83,1.17,68.43,1.13,0.3
Canara Robeco Savings Mly IDCW-R,Low,-0.83,4.42,65.49,0.45,0.74
Groww Dynamic Bond Dir Mn IDCW-R,Below Average,-0.83,0.85,58.38,1.92,0.4
Groww Dynamic Bond Dir Mn IDCW-P,Below Average,-0.83,0.85,58.38,1.92,0.4
Groww Dynamic Bond Dir Mn IDCW-T,Below Average,-0.83,0.85,58.38,1.92,0.4
DSP Low Duration Reg Wk IDCW-R,Below Average,-0.84,3.8,41.13,0.49,0.3
Mirae Asset Low Duration Reg Mn IDCW-P,–,-0.84,1.17,28.8,0.42,–
Bandhan Low Duration Reg Pd IDCW-P,Above Average,-0.84,4.64,63.4,0.47,0.79
Axis Treasury Advantage Dir Dl IDCW-R,Average,-0.84,4.34,24.85,0.67,0.41
Canara Robeco Savings Dl IDCW-P,Low,-0.84,4.33,64.83,0.45,0.66
Sundaram Diversified Equity Gr,Average,-0.84,0.89,95.82,12.95,0.68
Quantum Liquid Dir Mn IDCW-P,–,-0.84,-1.74,3.2,0.77,-1.72
Bandhan Low Duration Reg Gr,Average,-0.84,4.65,63.39,0.47,0.79
UTI Large cap Dir Gr,Below Average,-0.84,0.91,96.44,12.77,0.65
Bandhan Gov Sec Inv Dir Ann IDCW-P,Above Average,-0.84,1.36,57.54,3.2,0.62
PGIM India Gilt HY Bns,–,-0.84,1.12,89.7,3.28,–
Tata Treasury Advantage Reg Wk IDCW-P,Average,-0.84,3.56,34.82,0.51,0.16
DSP 10Y G-Sec Reg Qt IDCW-R,High,-0.84,0.91,44.7,4.11,0.52
Baroda BNP P Low Dur Gr,Below Average,-0.84,3.7,55.13,0.4,0.29
DSP 10Y G-Sec Reg Qt IDCW-P,High,-0.84,0.91,44.7,4.11,0.52
Quantum Liquid Dir Mn IDCW-R,–,-0.84,-1.74,3.2,0.77,-1.72
Bandhan Low Duration Reg Pd IDCW-R,Above Average,-0.84,4.64,63.4,0.47,0.79
Tata Treasury Advantage Reg Wk IDCW-R,Average,-0.84,3.56,34.82,0.51,0.16
Canara Robeco Savings Dl IDCW-R,Low,-0.84,4.33,64.83,0.45,0.66
Mirae Asset Low Duration Reg Mn IDCW-R,–,-0.84,1.17,28.8,0.42,–
Bandhan Gov Sec Inv Dir Ann IDCW-R,Above Average,-0.84,1.36,57.54,3.2,0.62
Baroda BNP P Money Market Dir Dl IDCW-R,Above Average,-0.84,3.72,26.55,0.66,0.21
DSP Low Duration Reg Wk IDCW-P,Below Average,-0.84,3.8,41.13,0.49,0.3
DSP Corporate Bond Reg Gr,Average,-0.84,1.51,89.02,1.28,0.53
Groww Dynamic Bond Dir Wkly IDCW-T,Below Average,-0.84,0.83,57.95,1.89,0.38
Groww Dynamic Bond Dir Wkly IDCW-P,Below Average,-0.84,0.83,57.95,1.89,0.38
Groww Dynamic Bond Dir Wkly IDCW-R,Below Average,-0.84,0.83,57.95,1.89,0.38
PGIM India Dynamic Bond Gr,Average,-0.85,0.91,67.76,1.91,0.45
Axis Treasury Advantage Dl IDCW-R,Average,-0.85,3.63,21.48,0.61,0.13
Kotak Low Duration Reg Mn IDCW-P,Average,-0.85,4.19,48.42,0.48,0.5
Mirae Asset Low Duration - Reg Svg Gr,Below Average,-0.85,4.04,61.21,0.42,0.47
Kotak Low Duration Reg Gr,Average,-0.85,4.19,48.41,0.48,0.5
Axis Treasury Advantage Retl Dl IDCW-R,Average,-0.85,3.63,21.49,0.61,0.14
ICICI Pru Bond Qt IDCW-P,Below Average,-0.85,0.79,29.03,2.54,0.25
Nippon India Low Duration Mn IDCW-P,Average,-0.85,4.14,61.06,0.44,0.53
Nippon India Liquid Retl Wk IDCW-R,–,-0.85,1.59,74.89,0.24,-3.14
Bandhan Credit Risk Reg Prd IDCW-P,Below Average,-0.85,0.95,80.58,0.86,0.12
Kotak Bond Reg Yr IDCW-P,Average,-0.85,1.04,89.19,1.9,0.58
Nippon India Hybrid Bond Mn IDCW-P,Below Average,-0.85,0.5,56.69,2.14,0.36
Bandhan Credit Risk Reg Prd IDCW-R,Below Average,-0.85,0.95,80.58,0.86,0.12
Bandhan Credit Risk Reg Gr,Below Average,-0.85,0.95,80.6,0.85,0.12
Invesco Ind Bnk & PSU Dir Dl IDCW-R,High,-0.85,1.35,76.13,1.24,0.4
Kotak Bond Reg Gr,Average,-0.85,1.04,89.2,1.9,0.58
Kotak Low Duration Reg IDCW-R,Average,-0.85,4.19,48.42,0.48,0.5
ICICI Pru Bond Qt IDCW-R,Below Average,-0.85,0.79,29.03,2.54,0.25
Kotak Bond Reg Yr IDCW-R,Average,-0.85,1.04,89.19,1.9,0.58
Nippon India Low Duration Mn IDCW-R,Average,-0.85,4.14,61.06,0.44,0.53
Nippon India Hybrid Bond Mn IDCW-R,Below Average,-0.85,0.5,56.69,2.14,0.36
SBI Nifty Next 50 Index Reg IDCW-R,–,-0.85,1,100,19.53,0.68
SBI Nifty Next 50 Index Reg IDCW-P,–,-0.85,1,100,19.53,0.68
SBI Nifty Next 50 Index Reg Gr,–,-0.85,1,100,19.53,0.68
JM Dynamic Bond Wk IDCW-R,Low,-0.86,0.88,67.7,1.85,0.43
HSBC Banking & PSU Dbt Dir Dl IDCW-R,Above Average,-0.86,1.43,82.89,1.26,0.45
Axis Liquid Retl Dl IDCW-R,–,-0.86,0.82,1.84,0.48,-1.39
Bandhan Money Manager Reg PeriodicIDCW-P,Above Average,-0.86,3.78,61.34,0.41,0.31
Bandhan Money Manager Reg PeriodicIDCW-R,Above Average,-0.86,3.78,61.34,0.41,0.31
UTI Banking & PSU Reg Ann IDCW-P,Above Average,-0.86,1.5,89.78,1.25,0.51
Aditya BSL Short Term Reg IDCW-P,Above Average,-0.86,1.09,66.22,1.06,0.21
Canara Robeco Corporate Bond Reg Gr,Below Average,-0.86,1.03,75.23,0.97,0.17
Franklin India Money Mkt Dl IDCW-R,Above Average,-0.86,3.9,32.52,0.53,0.28
Franklin India Floating Rate Gr,Low,-0.86,7.54,46.75,0.86,1.29
Franklin India Gov Sec Dir Gr,Average,-0.86,0.82,89.18,1.54,0.55
Baroda BNP P Low Dur Reg Wk IDCW-P,Below Average,-0.86,3.72,51.23,0.42,0.25
Nippon India FRF Dir Qt IDCW-P,Above Average,-0.86,7.95,54.25,0.85,1.43
Aditya BSL Low Duration Dir Wk IDCW-P,Average,-0.86,4.6,31.09,0.63,0.51
Bandhan Money Manager Reg Gr,Average,-0.86,3.78,61.36,0.41,0.3
Sundaram ELSS Tax Saver Reg HY IDCW-P,Below Average,-0.86,0.87,92.03,12.92,0.66
Aditya BSL Low Duration Dir Wk IDCW-R,Average,-0.86,4.6,31.09,0.63,0.51
Nippon India FRF Dir Qt IDCW-R,Above Average,-0.86,7.95,54.25,0.85,1.43
HSBC Banking & PSU Dbt Dir Dl IDCW-P,Above Average,-0.86,1.43,82.89,1.26,0.46
Aditya BSL Short Term Reg IDCW-R,Above Average,-0.86,1.09,66.22,1.06,0.21
Baroda BNP P Low Dur Reg Wk IDCW-R,Below Average,-0.86,3.72,51.23,0.42,0.25
UTI Banking & PSU Reg Ann IDCW-R,Above Average,-0.86,1.5,89.78,1.25,0.51
WhiteOak Capital Ultr S/DRegFortn IDCW-P,Average,-0.86,1.56,15.6,0.34,-1.52
WhiteOak Capital Ultr S/DRegFortn IDCW-R,Average,-0.86,1.56,15.6,0.34,-1.52
DSP Overnight Reg Wk IDCW-R,–,-0.86,2.44,6.27,0.79,-0.31
Tata Ultra S/T Reg Gr,Low,-0.86,2.68,68.23,0.31,-0.68
DSP Overnight Reg Wk IDCW-P,–,-0.86,2.44,6.27,0.79,-0.31
Groww Overnight Reg Dly IDCW-R,–,-0.86,-0.4,0.76,0.39,-2.72
Aditya BSL Medium Term Instl Gr,–,-0.87,1.24,64.51,2.24,–
HSBC Banking & PSU Debt Gr,Average,-0.87,1.44,90.69,1.21,0.47
Bandhan Gov Sec-Constant Mat DirWkIDCW-P,Above Average,-0.87,0.71,71.02,2.57,0.57
Baroda BNP P Low Dur Mn IDCW-P,Average,-0.87,3.68,54.55,0.4,0.2
Baroda BNP P Low Dur Mn IDCW-R,Average,-0.87,3.68,54.55,0.4,0.2
Bandhan Gov Sec-Constant Mat DirWkIDCW-R,Above Average,-0.87,0.71,71.02,2.57,0.57
ITI Pharma and Healthcare Reg IDCW-P,–,-0.87,0.94,96.04,15.61,0.93
Tata Ultra Short Term Reg Mn IDCW-P,Low,-0.87,2.72,68.6,0.31,-0.67
ITI Pharma and Healthcare Reg IDCW-R,–,-0.87,0.94,96.04,15.61,0.93
ICICI Pru Silver ETF FoF Dir Gr,–,-0.87,0.76,94.02,20.5,0.48
ICICI Pru Silver ETF FoF Dir IDCW-R,–,-0.87,0.76,94.02,20.49,0.48
ICICI Pru Silver ETF FoF Dir IDCW-P,–,-0.87,0.76,94.02,20.49,0.48
ITI Pharma and Healthcare Reg Gr,–,-0.87,0.94,96.04,15.61,0.93
Tata Ultra Short Term Reg Mn IDCW-R,Low,-0.87,2.72,68.6,0.31,-0.67
DSP Strategic Bd Reg Gr,Average,-0.88,1.36,66.47,2.89,0.58
Quant Focused fund IDCW-P,Average,-0.88,1.02,85.7,16.06,0.67
Taurus Largecap Equity Dir IDCW-P,Above Average,-0.88,1.1,84.76,16.5,0.62
Taurus Largecap Equity Dir Gr,Above Average,-0.88,1.1,84.76,16.49,0.62
HSBC Corporate Bond Qt IDCW-P,Above Average,-0.88,1.91,89.83,1.6,0.64
Edelweiss Bnkg & PSU Debt Reg Fr IDCW,High,-0.88,2.23,76.13,2.03,0.66
Invesco India Low Dur Ann Bns,–,-0.88,3.06,37.71,0.85,–
Quant Focused fund IDCW-R,Average,-0.88,1.02,85.7,16.06,0.67
Aditya BSL Savings Dir Wk IDCW-P,Above Average,-0.88,3.31,16.12,0.61,-0.05
Taurus Largecap Equity Dir IDCW-R,Above Average,-0.88,1.1,84.76,16.5,0.62
Aditya BSL Savings Dir Wk IDCW-R,Above Average,-0.88,3.31,16.12,0.61,-0.05
HSBC Corporate Bond Qt IDCW-R,Above Average,-0.88,1.91,89.83,1.6,0.64
Navi Aggressive Hybrid Reg Hy IDCW-P,Low,-0.88,1,88.39,10.21,0.66
Navi Aggressive Hybrid Reg Hy IDCW-R,Low,-0.88,1,88.39,10.21,0.66
Union Focused Dir IDCW-P,Low,-0.88,0.84,88.33,12.94,0.67
Union Focused Dir IDCW-T,Low,-0.88,0.84,88.33,12.94,0.67
Union Focused Dir IDCW-R,Low,-0.88,0.84,88.33,12.94,0.67
Union Focused Dir Gr,Low,-0.88,0.84,88.33,12.94,0.67
Axis Banking & PSU Debt Dir Dl IDCW-R,Low,-0.89,1.01,58.14,1.07,0.12
UTI Large cap Dir IDCW-P,Below Average,-0.89,0.91,96.37,12.77,0.65
Baroda BNP P Low Dur Reg Gr,Below Average,-0.89,3.75,55.06,0.41,0.2
Canara Robeco Gilt Reg IDCW-P,High,-0.89,1.04,16.36,4.55,0.28
Tata Hybrid Equity Reg Gr,Average,-0.89,1.06,94.59,10.4,0.69
Sundaram Nifty 100 Equal Wgt Gr,–,-0.89,0.98,99.91,15.9,0.72
Baroda BNP P Low Dur Wk IDCW-R,Below Average,-0.89,3.75,51.39,0.42,0.2
Aditya BSL Gov Sec Reg Gr -P,Above Average,-0.89,1.2,64.76,2.66,0.6
Aditya BSL Gov Sec Reg Gr -R,Above Average,-0.89,1.2,64.76,2.66,0.6
UTI Large cap Dir IDCW-R,Below Average,-0.89,0.91,96.37,12.77,0.65
Canara Robeco Gilt Reg IDCW-R,High,-0.89,1.04,16.36,4.55,0.28
Axis Floater Dir Dl IDCW-R,High,-0.89,6.75,7.38,1.94,0.45
Axis Ultra Short Dur Fd Reg Wk IDCW-P,Average,-0.89,3.03,73.74,0.32,-0.42
Sundaram Low Dur Dir Qt IDCW-R,Above Average,-0.89,5.55,44.98,0.7,0.85
Sundaram Low Dur Dir Qt IDCW,Above Average,-0.89,5.55,44.98,0.7,0.85
Axis Ultra Short Dur Fd Reg Mn IDCW-P,Average,-0.89,3.03,73.77,0.32,-0.41
Axis Ultra Short Dur Fd Reg Mn IDCW-R,Average,-0.89,3.03,73.77,0.32,-0.41
Axis Ultra Short Dur Fd Reg IDCW-R,Below Average,-0.89,3.02,73.71,0.32,-0.41
Axis Ultra Short Dur Fd Reg IDCW-P,Below Average,-0.89,3.02,73.71,0.32,-0.41
Axis Ultra S/D Fund Reg Gr,Below Average,-0.89,3.03,73.8,0.32,-0.41
Axis Ultra Short Dur Fd Reg Wk IDCW-R,Average,-0.89,3.03,73.74,0.32,-0.42
Mirae Asset Overnight Dir Dl IDCW-R,–,-0.89,0.28,0.09,0.73,-1.13
Kotak Credit Risk Reg Ann IDCW-P,Average,-0.9,1.18,45.55,1.43,0.2
Kotak Credit Risk Reg Gr,Below Average,-0.9,1.18,45.52,1.43,0.2
Aditya BSL Bkg & PSU Debt Dir Qt IDCW-P,Above Average,-0.9,1.26,41.05,1.57,0.23
HSBC Short Duration Ann IDCW-P,Below Average,-0.9,0.99,66.61,0.97,0.09
Tata Hybrid Equity Reg Mn IDCW-P,Average,-0.9,1.06,94.59,10.4,0.69
Franklin India Gov Sec Dir Qt IDCW-P,Average,-0.9,0.82,89.24,1.54,0.52
DSP Ultra Short Reg Wk IDCW-R,Average,-0.9,2.46,28.28,0.41,-0.75
Bandhan Gov Sec-Constant Mat RegWkIDCW-P,Above Average,-0.9,0.77,83.77,2.55,0.64
LIC MF Liquid Dir Dl IDCW-P,–,-0.9,1.34,0.97,1.05,-0.54
Invesco India Corp Bond Reg Ann IDCW-P,Above Average,-0.9,1.07,27.69,1.63,0.1
Franklin India Liquid Dl IDCW-R,–,-0.9,1.26,45.86,0.22,-3.98
Aditya BSL Low Duration Instl Gr,Below Average,-0.9,4.01,55.75,0.44,0.32
SBI Magnum Midcap Reg Gr,Below Average,-0.9,0.75,87.9,13.88,0.93
Aditya BSL Low Duration Reg Gr,Below Average,-0.9,4.01,55.76,0.44,0.32
Canara Robeco Flexi Cap Fund IDCW-P,Average,-0.9,0.91,96.84,13.49,0.7
HSBC Short Duration Ann IDCW-R,Below Average,-0.9,0.99,66.61,0.97,0.09
Nippon India Income Qt IDCW-P,Above Average,-0.9,1.09,83.11,2.07,0.56
SBI Magnum Midcap Reg IDCW-P,Below Average,-0.9,0.75,87.9,13.88,0.93
HDFC Income Reg Nor IDCW-P,Average,-0.9,1.19,93.9,2.12,0.64
HDFC Income Reg Nor IDCW-R,Average,-0.9,1.19,93.9,2.12,0.64
Invesco India Corp Bond Reg Ann IDCW-R,Above Average,-0.9,1.07,27.69,1.63,0.1
Bandhan Gov Sec-Constant Mat RegWkIDCW-R,Above Average,-0.9,0.77,83.77,2.55,0.64
LIC MF Liquid Dir Dl IDCW-R,–,-0.9,1.34,0.97,1.05,-0.54
Canara Robeco Flexi Cap Fund IDCW-R,Average,-0.9,0.91,96.84,13.49,0.7
Navi Aggressive Hybrid Reg IDCW-P,Low,-0.9,1,88.39,10.21,0.66
Tata Hybrid Equity Reg Mn IDCW-R,Average,-0.9,1.06,94.59,10.4,0.69
Aditya BSL Bkg & PSU Debt Dir Qt IDCW-R,Above Average,-0.9,1.26,41.05,1.57,0.23
Kotak Credit Risk Reg Ann IDCW-R,Average,-0.9,1.18,45.55,1.43,0.2
Navi Aggressive Hybrid Reg Yr IDCW-R,Low,-0.9,1,88.39,10.21,0.66
Nippon India Income Qt IDCW-R,Above Average,-0.9,1.09,83.11,2.07,0.56
Navi Aggressive Hybrid Reg Mn IDCW-P,Low,-0.9,1,88.39,10.21,0.66
SBI Magnum Midcap Reg IDCW-R,Below Average,-0.9,0.75,87.9,13.88,0.93
Navi Aggressive Hybrid Reg IDCW-R,Low,-0.9,1,88.39,10.21,0.66
Navi Aggressive Hybrid Reg Mn IDCW-R,Low,-0.9,1,88.39,10.21,0.66
Navi Aggressive Hybrid Reg Yr IDCW-P,Low,-0.9,1,88.39,10.21,0.66
Franklin India Gov Sec Dir Qt IDCW-R,Average,-0.9,0.82,89.24,1.54,0.52
Tata Ultra Short Term Reg Wkly IDCW-P,Below Average,-0.9,2.23,32.94,0.36,-1.09
Tata Ultra Short Term Reg Wkly IDCW-R,Below Average,-0.9,2.23,32.94,0.36,-1.09
Axis Nifty Next 50 Index Reg IDCW-P,–,-0.9,0.99,99.99,19.43,0.68
TrustMF Banking & PSU Reg Dl IDCW-R,Below Average,-0.9,1,76.84,0.91,0.1
Bandhan Gov Sec Inv Dir HY IDCW,Above Average,-0.9,1.32,58.52,3.09,0.6
HDFC Nifty 100 Index Reg Gr,–,-0.9,0.99,99.99,13.91,0.6
Axis Nifty Next 50 Index Reg Gr,–,-0.9,0.99,99.99,19.43,0.68
Tata Overnight Reg Dl IDCW-R,–,-0.9,0.22,0.36,0.28,-3.06
Axis Nifty Next 50 Index Reg IDCW-R,–,-0.9,0.99,99.99,19.43,0.68
Bandhan Gov Sec Inv Dir HY IDCW-R,Above Average,-0.9,1.32,58.52,3.09,0.6
Baroda BNP P Low Dur Dir Mn IDCW-P,Average,-0.91,5.75,55.84,0.65,0.96
HSBC Banking & PSU Debt Mn IDCW-P,Average,-0.91,1.44,90.67,1.21,0.43
Sundaram Corp Bond Yr IDCW-P,Above Average,-0.91,1.02,29.22,1.5,0.07
Sundaram Corp Bond Yr IDCW-R,Above Average,-0.91,1.02,29.22,1.5,0.07
HSBC Banking & PSU Debt Mn IDCW-R,Average,-0.91,1.44,90.67,1.21,0.43
Sundaram Corp Bond Yr IDCW-T,Above Average,-0.91,1.02,29.22,1.5,0.07
Navi Aggressive Hybrid Reg Qt IDCW-R,Low,-0.91,1,88.39,10.21,0.66
Navi Aggressive Hybrid Reg Qt IDCW-P,Low,-0.91,1,88.39,10.21,0.66
Baroda BNP P Low Dur Dir Mn IDCW-R,Average,-0.91,5.75,55.84,0.65,0.96
Navi Aggressive Hybrid Reg Gr,Low,-0.91,1,88.39,10.21,0.66
Sundaram Overnight Reg Mn IDCW-P,–,-0.91,-2.51,7.03,0.75,-2.15
Nippon IndiaDvrsEqFlxcapPasvFoFRegIDCW-R,–,-0.91,0.98,98.8,14.36,0.73
Nippon IndiaDvrsEqFlxcapPasvFoFRegIDCW-P,–,-0.91,0.98,98.8,14.36,0.73
Nippon India Dvrs Eq FlxcapPasvFoF RegGr,–,-0.91,0.98,98.8,14.36,0.73
SBI Small Cap Fund Dir IDCW-P,Below Average,-0.92,0.72,91.7,15.03,0.87
ICICI Pru Banking & PSU Debt Retl Gr,–,-0.92,1.07,72.48,1.82,–
Nippon India Income HY IDCW-P,Above Average,-0.92,1.07,82.13,2.04,0.54
SBI Small Cap Fund Dir Gr,Below Average,-0.92,0.72,91.7,15.03,0.87
Baroda BNP P Mid Cap Reg IDCW-P,Average,-0.92,0.8,94.31,14.37,0.97
SBI Small Cap Fund Dir IDCW-R,Below Average,-0.92,0.72,91.7,15.03,0.87
Baroda BNP P Mid Cap Reg IDCW-R,Average,-0.92,0.8,94.31,14.37,0.97
Nippon India Income HY IDCW-R,Above Average,-0.92,1.07,82.13,2.04,0.54
Union Overnight Dir Dl IDCW-R,–,-0.92,-1.02,8.74,0.25,-4.45
ICICI Pru Bond Mn IDCW-P,Above Average,-0.93,1.65,66.8,3.47,0.63
PGIM India Flexi Cap Dir Gr,Average,-0.93,0.89,90.56,13.55,0.67
UTI Ultra Short Duration Reg Qt IDCW-P,Above Average,-0.93,2.78,18.32,0.51,-0.43
LIC MF Gilt Dir Gr,Below Average,-0.93,1.13,62.77,2.56,0.56
Bandhan Asset Alloc FOF Consv Reg Gr,–,-0.93,1.06,86.81,3.63,0.69
UTI Low Duration Reg IDCW-P(Discon),Above Average,-0.93,4.38,56.26,0.48,0.43
Tata Treasury Advantage Reg Dl IDCW-R,Above Average,-0.93,4.13,41.73,0.51,0.27
Franklin India Liquid Wk IDCW-P,–,-0.93,0.93,9.36,0.31,-2.94
Aditya BSL Regular Sav Reg Mn IDCW-P,Above Average,-0.93,1,63.39,3.98,0.57
UTI Low Duration Reg Gr(Discon),Above Average,-0.93,4.38,56.26,0.48,0.44
UTI Low Duration Reg Bns(Discon),Above Average,-0.93,4.38,56.26,0.48,0.44
ICICI Pru Bond Mn IDCW-R,Above Average,-0.93,1.65,66.8,3.47,0.63
UTI Ultra Short Duration Reg Qt IDCW-R,Above Average,-0.93,2.78,18.32,0.51,-0.43
UTI Low Duration Reg IDCW-R(Discon),Above Average,-0.93,4.38,56.26,0.48,0.43
Franklin India Liquid Wk IDCW-R,–,-0.93,0.93,9.36,0.31,-2.94
Aditya BSL Regular Sav Reg Mn IDCW-R,Above Average,-0.93,1,63.39,3.98,0.57
Nippon India Nifty Midcap 150 Idx Reg Gr,–,-0.93,1,100,16.97,1.05
Nippon India Nifty 50 Value 20 I Reg Gr,–,-0.93,1,100,13.88,0.65
Nippon India Nifty 50 Value20I RegIDCW-P,–,-0.93,1,100,13.88,0.65
Nippon India Nifty 50 Value20I RegIDCW-R,–,-0.93,1,100,13.88,0.65
Nippon India Nifty Midcap150IdxRegIDCW-P,–,-0.93,1,100,16.97,1.05
Nippon India Nifty Midcap150IdxRegIDCW-R,–,-0.93,1,100,16.97,1.05
Nippon India Low Duration Qt IDCW-P,Average,-0.94,4.27,61.63,0.45,0.37
SBI Magnum Low Duration Instl Dl IDCW-R,Below Average,-0.94,4.57,67.92,0.46,0.55
SBI Magnum Low Duration Instl Gr,Low,-0.94,4.49,67.69,0.45,0.52
SBI Magnum Low Duration Instl Wk IDCW-P,Low,-0.94,4.49,67.69,0.45,0.52
SBI Magnum Low Duration Reg Wk IDCW-P,Low,-0.94,4.49,67.69,0.45,0.52
SBI Magnum Low Duration Reg Dl IDCW-R,Low,-0.94,4.49,67.7,0.45,0.52
SBI Magnum Low Duration Reg Mn IDCW-P,Below Average,-0.94,4.48,67.51,0.45,0.51
SBI Magnum Low Duration Reg Gr,Low,-0.94,4.49,67.68,0.45,0.52
SBI Magnum Low Duration Reg Fr IDCW-P,Low,-0.94,4.49,67.68,0.45,0.52
Quant Focused fund Gr,Average,-0.94,1.02,85.68,16.06,0.66
Canara Robeco Corporate Bond Reg IDCW-P,High,-0.94,1.84,17.52,3.5,0.26
Nippon India Low Duration Qt IDCW-R,Average,-0.94,4.27,61.63,0.45,0.37
Canara Robeco Corporate Bond Reg IDCW-R,High,-0.94,1.84,17.52,3.5,0.26
SBI Magnum Low Duration Reg Wk IDCW-R,Low,-0.94,4.49,67.69,0.45,0.52
SBI Magnum Low Duration Instl Wk IDCW-R,Low,-0.94,4.49,67.69,0.45,0.52
SBI Magnum Low Duration Reg Fr IDCW-R,Low,-0.94,4.49,67.68,0.45,0.52
SBI Magnum Low Duration Reg Mn IDCW-R,Below Average,-0.94,4.48,67.51,0.45,0.51
Kotak Dynamic Bond Reg Gr,Average,-0.95,1.22,79.74,2.36,0.57
Kotak Dynamic Bond Reg Qt IDCW-P,Average,-0.95,1.22,79.74,2.36,0.57
Axis Banking & PSU Debt Dl IDCW-R,Low,-0.95,0.96,56.56,1.03,0.01
Sundaram Low Duration Wk IDCW-P,–,-0.95,3,45.67,0.55,-1.31
Mahindra Manu Low Duration Reg Dl IDCW-R,Below Average,-0.95,3.87,59.49,0.43,0.12
ICICI Pru MidCap IDCW-P,Above Average,-0.95,0.89,89.38,16.48,0.95
Aditya BSL Money Mgr Dir Wk IDCW-P,Above Average,-0.95,3.65,18.37,0.63,-0.01
LIC MF Gilt Dir IDCW-P,Below Average,-0.95,1.13,62.81,2.56,0.55
LIC MF Gilt Dir IDCW-R,Below Average,-0.95,1.13,62.81,2.56,0.55
Aditya BSL Money Mgr Dir Wk IDCW-R,Above Average,-0.95,3.65,18.37,0.63,-0.01
ICICI Pru MidCap IDCW-R,Above Average,-0.95,0.89,89.38,16.48,0.95
Sundaram Low Duration Wk IDCW-R,–,-0.95,3,45.67,0.55,-1.31
Kotak Dynamic Bond Reg Qt IDCW-R,Average,-0.95,1.22,79.74,2.36,0.57
Aditya BSL Nifty MdCp 150 Idx Reg Gr,–,-0.95,1,99.97,17,1.05
Axis Nifty 100 Index Reg IDCW-R,–,-0.95,1,100,13.94,0.6
Axis Nifty 100 Index Reg IDCW-P,–,-0.95,1,100,13.94,0.6
Aditya BSL Nifty MdCp 150 Idx Reg IDCW-R,–,-0.95,1,99.97,17.01,1.05
Aditya BSL Nifty MdCp 150 Idx Reg IDCW-P,–,-0.95,1,99.97,17.01,1.05
Axis Nifty 100 Index Reg Gr,–,-0.95,1,100,13.94,0.6
Bandhan Floating Rate Reg Mn IDCW-T,Average,-0.95,6.54,31.36,0.91,0.81
Bandhan Floating Rate Reg Mn IDCW-R,Average,-0.95,6.54,31.36,0.91,0.81
Bandhan Floating Rate Reg Mn IDCW-P,Average,-0.95,6.54,31.36,0.91,0.81
Motilal Oswal Nifty Bank Index Reg Gr,–,-0.95,1,100,14.92,0.63
Nippon India Low Duration Retl Wk IDCW-P,Average,-0.96,4.17,60.94,0.44,0.28
Nippon India Gilt Sec Inst PF Auto Cp Ap,–,-0.96,1.95,89.63,5.37,–
Nippon India Low Duration Retl Gr,Average,-0.96,4.17,60.92,0.44,0.27
JM Low Duration Gr,Above Average,-0.96,4.21,65.67,0.44,0.31
JM Low Duration Fr IDCW-R,Above Average,-0.96,4.19,65.67,0.44,0.31
UTI Medium to Long Dur Reg Fl IDCW-P,Above Average,-0.96,1.14,94.9,2,0.59
Bandhan Asset Alloc FOF Consv Reg IDCW-P,–,-0.96,1.05,76.64,3.82,0.64
JM Low Duration Dl IDCW-R,Above Average,-0.96,4.12,65.02,0.43,0.24
HSBC Credit Risk Dir Ann IDCW-P,Above Average,-0.96,3.92,17,7.56,0.39
UTI Low Duration Reg PeriodicIDCWPDiscon,Above Average,-0.96,4.37,56.16,0.48,0.37
UTI Medium to Long Dur Reg HY IDCW-P,Above Average,-0.96,1.13,94.9,2.01,0.59
Aditya BSL Bkg & PSU Debt Reg Mth IDCW-P,Above Average,-0.96,1.28,24.67,2.03,0.15
Nippon India Low Duration Retl Bns,Average,-0.96,4.17,60.94,0.44,0.27
UTI Medium to Long Dur Reg IDCW-P,Above Average,-0.96,1.14,94.9,2.01,0.59
HSBC Corporate Bond HY IDCW-P,Above Average,-0.96,1.88,88.82,1.58,0.58
UTI Medium to Long Dur Reg Gr,Above Average,-0.96,1.13,94.9,2.01,0.59
JM Low Duration Bns Princ,Above Average,-0.96,4.21,65.63,0.44,0.32
Sundaram Banking & PSU Reg Dl IDCW-R,–,-0.96,0.85,76.24,1.22,-0.9
UTI Medium to Long Dur Reg HY IDCW-R,Above Average,-0.96,1.13,94.9,2.01,0.59
UTI Medium to Long Dur Reg IDCW-R,Above Average,-0.96,1.14,94.9,2.01,0.59
Nippon India Low Duration Retl Wk IDCW-R,Average,-0.96,4.17,60.94,0.44,0.28
UTI Low Duration Reg PeriodicIDCWRDiscon,Above Average,-0.96,4.37,56.16,0.48,0.37
UTI Medium to Long Dur Reg Fl IDCW-R,Above Average,-0.96,1.14,94.9,2,0.59
HSBC Credit Risk Dir Ann IDCW-R,Above Average,-0.96,3.92,17,7.56,0.39
Bandhan Asset Alloc FOF Consv Reg IDCW-R,–,-0.96,1.05,76.64,3.82,0.64
Aditya BSL Bkg & PSU Debt Reg Mth IDCW-R,Above Average,-0.96,1.28,24.67,2.03,0.15
HSBC Corporate Bond HY IDCW-R,Above Average,-0.96,1.88,88.82,1.58,0.58
Aditya BSL Nifty SmCp 50 Idx Dir Gr,–,-0.96,1,99.96,20.71,0.94
ICICI Pru Nifty Alp LV 30 ETFFOFRegIDCWP,–,-0.96,0.98,97.98,15.96,0.74
ITI Ultra Short Dur Reg Wkly IDCW-R,Average,-0.96,2.18,37.01,0.33,-1.43
ICICI Pru Nifty Alp LV 30 ETFFOFRegIDCWR,–,-0.96,0.98,97.98,15.96,0.74
ICICI Pru Nifty Alp LV 30ETF FOFRegIDCWT,–,-0.96,0.98,97.98,15.96,0.74
ICICI Pru Nifty Alp LV 30 ETF FOF Reg Gr,–,-0.96,0.98,97.98,15.96,0.74
Aditya BSL Nifty SmCp 50 Idx Dir IDCW-R,–,-0.96,1,99.96,20.71,0.94
Edelweiss NIFTY Lrg Md Cp 250IdxRgIDCWR,–,-0.96,0.99,99.99,14.9,0.88
Aditya BSL Nifty SmCp 50 Idx Dir IDCW-P,–,-0.96,1,99.96,20.71,0.94
Motilal Oswal Nifty Midcap 150 Idx RegGr,–,-0.96,1,99.99,17,1.05
Edelweiss NIFTY Lrg Md Cp 250 IdxRgIDCWT,–,-0.96,0.99,99.99,14.9,0.88
Edelweiss NIFTY Lrg Md Cp 250IdxRgIDCWP,–,-0.96,0.99,99.99,14.9,0.88
Edelweiss NIFTY Lrg Md Cp 250 Idx Rg Gr,–,-0.96,0.99,99.99,14.9,0.88
UTI Dynamic Bond Reg Ann IDCW-P,Above Average,-0.97,0.83,73.68,1.69,0.36
Mirae Asset Dynamic Bond Reg Gr,Below Average,-0.97,0.63,72.14,1.27,0.17
Nippon India FRF Mn IDCW-P,Above Average,-0.97,7.64,53.47,0.82,1.25
Mahindra Manu Low Duration Reg Gr,Low,-0.97,3.99,64.79,0.42,0.16
DSP Savings Reg Dl IDCW-R,Above Average,-0.97,3.17,20.44,0.55,-0.28
Mirae Asset Dynamic Bond Reg IDCW-P,Below Average,-0.97,0.63,72.16,1.27,0.17
Nippon India FRF Mn IDCW-R,Above Average,-0.97,7.64,53.47,0.82,1.25
UTI Dynamic Bond Reg Ann IDCW-R,Above Average,-0.97,0.83,73.68,1.69,0.36
Mirae Asset Dynamic Bond Reg IDCW-R,Below Average,-0.97,0.63,72.16,1.27,0.17
WhiteOak Capital Ultr S/D Reg Mn IDCW-P,Average,-0.97,2.64,70.32,0.31,-1.2
WhiteOak Capital Ultr S/D Reg Mn IDCW-R,Average,-0.97,2.64,70.32,0.31,-1.2
WhiteOak Capital Ultr S/D Reg Gr,Average,-0.97,2.64,70.38,0.31,-1.2
Aditya BSL Bkg & PSU Debt Retl Mt IDCW-P,Above Average,-0.98,1.28,24.62,2.04,0.15
LIC MF Nifty Next 50 Index Gr,–,-0.98,0.99,100,19.45,0.67
LIC MF Nifty Next 50 Index IDCW-P,–,-0.98,0.99,100,19.45,0.67
Invesco India Gilt Mn IDCW-R,Above Average,-0.98,1.18,54.69,2.86,0.52
Invesco India Gilt Gr,Average,-0.98,1.18,54.71,2.86,0.52
ICICI Pru Smallcap Gr,Average,-0.98,0.74,90.87,15.46,0.86
Invesco India Gilt Qt IDCW-P,Above Average,-0.98,1.18,54.68,2.86,0.52
UTI Low Duration Reg Mn IDCW-P(Discon),Above Average,-0.98,4.38,56.25,0.48,0.34
DSP Strategic Bd Reg Wk IDCW-P,Above Average,-0.98,1.33,59.7,2.99,0.51
Aditya BSL Income Dir IDCW-P,Above Average,-0.98,1.16,87.92,2.14,0.56
Taurus Largecap Equity Gr,Above Average,-0.98,1.1,84.74,16.49,0.61
Canara Robeco Ultra S/T Dir Mly IDCW-P,Average,-0.98,-0.62,0.39,0.78,-1.51
Aditya BSL Income Dir IDCW-R,Above Average,-0.98,1.16,87.92,2.14,0.56
Nippon India FRF Gr,Above Average,-0.98,7.74,53.42,0.83,1.25
UTI MNC Reg IDCW-P,–,-0.98,0.84,85,13.35,0.55
Nippon India FRF Wk IDCW-P,Above Average,-0.98,7.74,53.36,0.83,1.25
UTI MNC Reg Gr,–,-0.98,0.84,85,13.35,0.55
Invesco India Gilt Qt IDCW-R,Above Average,-0.98,1.18,54.68,2.86,0.52
UTI Low Duration Reg Mn IDCW-R(Discon),Above Average,-0.98,4.38,56.25,0.48,0.34
Kotak Credit Risk Dir Wk IDCW-R,–,-0.98,0.82,24.82,2.53,–
LIC MF Nifty Next 50 Index IDCW-R,–,-0.98,0.99,100,19.45,0.67
Canara Robeco Ultra S/T Dir Mly IDCW-R,Average,-0.98,-0.62,0.39,0.78,-1.51
Nippon India FRF Wk IDCW-R,Above Average,-0.98,7.74,53.36,0.83,1.25
UTI MNC Reg IDCW-R,–,-0.98,0.84,85,13.35,0.55
Bandhan Floating Rate Reg Ann IDCW-P,Below Average,-0.98,5.44,27.67,0.8,0.54
LIC MF Short Duration Reg IDCW-R,Below Average,-0.98,1.19,84.4,1.06,0.2
Bandhan Floating Rate Reg Ann IDCW-R,Below Average,-0.98,5.44,27.67,0.8,0.54
Bandhan Floating Rate Reg Ann IDCW-T,Below Average,-0.98,5.44,27.67,0.8,0.54
LIC MF Short Duration Reg Gr,Below Average,-0.98,1.19,84.4,1.06,0.2
LIC MF Short Duration Reg IDCW-P,Below Average,-0.98,1.19,84.4,1.06,0.2
DSP Strategic Bd Reg Wk IDCW-R,Above Average,-0.98,1.33,59.7,2.99,0.51
Taurus Largecap Equity IDCW-P,Above Average,-0.99,1.1,84.75,16.5,0.61
Nippon India Low Duration Retl Mn IDCW-P,Average,-0.99,4.11,61.22,0.43,0.17
Canara Robeco Cons Hyb Reg Gr,Below Average,-0.99,1.1,86.33,3.77,0.68
Bandhan Gov Sec-Constant Mat RegMnIDCW-P,Average,-0.99,0.65,59.8,2.57,0.45
JM Medium to Long Duration IDCW-P,Average,-0.99,1.13,90.42,2.05,0.56
JM Medium to Long Duration Gr,Average,-0.99,1.13,90.42,2.05,0.56
JM Medium to Long Duration Bns Princ,Average,-0.99,1.13,90.42,2.05,0.56
Mahindra Manu Low Duration Reg Mn IDCW-P,Low,-0.99,3.97,64.35,0.42,0.08
Mahindra Manu Low Duration Reg Mn IDCW-R,Low,-0.99,3.97,64.35,0.42,0.08
Nippon India Low Duration Retl Mn IDCW-R,Average,-0.99,4.11,61.22,0.43,0.17
Taurus Largecap Equity IDCW-R,Above Average,-0.99,1.1,84.75,16.5,0.61
JM Medium to Long Duration IDCW-R,Average,-0.99,1.13,90.42,2.05,0.56
Bandhan Gov Sec-Constant Mat RegMnIDCW-R,Average,-0.99,0.65,59.8,2.57,0.45
Motilal Oswal Nifty Next 50 Index Reg Gr,–,-0.99,1,100,19.5,0.67
JM Medium to Long Duration Bns Bns,Average,-0.99,1.13,90.42,2.05,0.56
Bank of India Ultra S/D Reg Gr,Below Average,-1,2.77,65.62,0.28,-1.1
PGIM India Ultra S/D IDCW-P,–,-1,3.66,21.73,1.36,–
Nippon India Large Cap Instl Bns,–,-1,1.05,88.81,14.34,–
Nippon India Money Market Dir Wk IDCW-R,Above Average,-1,3.29,11.04,0.76,-0.2
HSBC Dynamic Bond Ann IDCW-P,Average,-1,0.88,67.47,1.84,0.35
Aditya BSL Money Mgr Retl Wk IDCW-R,Above Average,-1,3.89,20.43,0.64,0
HSBC Dynamic Bond Ann IDCW-R,Average,-1,0.88,67.47,1.84,0.35
PGIM India Ultra S/D IDCW-R,–,-1,3.66,21.73,1.36,–
Bandhan Floating Rate Reg Pd IDCW-R,Average,-1,6.89,40.95,0.84,0.94
Invesco India Medium Dur Reg Dis IDCW-R,Average,-1,1.69,86.49,1.46,0.47
LIC MF Ultra S/D Reg Gr,Low,-1,2.56,64.18,0.28,-1.41
Invesco India Medium Dur Reg Gr,Average,-1,1.69,86.49,1.46,0.47
Invesco India Medium Dur Reg Dis IDCW-P,Average,-1,1.69,86.49,1.46,0.47
LIC MF Ultra Short Dur Reg Mn IDCW-R,Low,-1,2.57,64.9,0.28,-1.39
LIC MF Ultra Short Dur Reg Mn IDCW-P,Low,-1,2.57,64.9,0.28,-1.39
Bandhan Floating Rate Reg Pd IDCW-P,Average,-1,6.89,40.95,0.84,0.94
Bandhan Floating Rate Dir Wk IDCW-R,Above Average,-1,5.16,14.89,1.03,0.32
Bandhan Floating Rate Reg Gr,Average,-1,6.88,40.96,0.84,0.94
Bandhan Floating Rate Reg Pd IDCW-T,Average,-1,6.89,40.95,0.84,0.94
HSBC Banking & PSU Debt Wk IDCW-P,Average,-1.01,1.27,74.88,1.18,0.22
Bank of India Ultra S/D Reg Wly IDCW-R,Below Average,-1.01,2.8,55.98,0.3,-1.01
HSBC Low Duration Reg Mn IDCW-P,Above Average,-1.01,4.34,5.43,1.46,0.07
HSBC Liquid Instl Dl IDCW-R,–,-1.01,0.82,0.56,0.92,-0.95
HSBC Banking & PSU Debt Wk IDCW-R,Average,-1.01,1.27,74.88,1.18,0.22
HSBC Low Duration Reg Mn IDCW-R,Above Average,-1.01,4.34,5.43,1.46,0.07
ICICI Pru Nifty Bank Index Reg IDCW-P,–,-1.01,1,99.98,14.9,0.63
HDFC NIFTY50 Equal Weight Index Reg Gr,–,-1.01,1,100,14.77,0.77
ICICI Pru Nifty Bank Index Reg IDCW-R,–,-1.01,1,99.98,14.9,0.63
ICICI Pru Nifty Bank Index Reg Gr,–,-1.01,1,99.98,14.9,0.63
Taurus Liquid Unclmd Redem Gr,–,-1.01,-0.42,0.86,0.37,-3.26
Mirae Asset Aggressive Hybrid Reg IDCW-P,Below Average,-1.02,1.07,96.38,10.49,0.69
ICICI Pru Ultra Short Term Dir Mn IDCW-P,Above Average,-1.02,6.44,23.55,1,0.63
Nippon India U/ST Duration Mn IDCW-P,Above Average,-1.02,3.61,48.01,0.44,-0.23
Sundaram Nifty 100 Equal Wgt Dir IDCW-P,–,-1.02,0.99,99.83,16.04,0.71
Edelweiss Govt Sec Reg Gr,Below Average,-1.02,1.23,71.33,2.6,0.59
Edelweiss Govt Sec Reg IDCW-P,Below Average,-1.02,1.23,71.32,2.6,0.59
HDFC Money Market Dir Wk IDCW-P,Above Average,-1.02,3.71,25.54,0.58,-0.11
Edelweiss Govt Sec Reg Ann IDCW-P,Below Average,-1.02,1.23,71.33,2.6,0.59
HDFC Income Gr,Average,-1.02,1.2,93.35,2.15,0.58
DSP Reg Sav Reg Qt IDCW-P,Above Average,-1.02,1.03,43.1,4.98,0.46
DSP Reg Sav Reg Qt IDCW-R,Above Average,-1.02,1.03,43.1,4.98,0.46
HDFC Money Market Dir Wk IDCW-R,Above Average,-1.02,3.71,25.54,0.58,-0.11
Mirae Asset Aggressive Hybrid Reg IDCW-R,Below Average,-1.02,1.07,96.38,10.49,0.69
Edelweiss Govt Sec Reg IDCW-R,Below Average,-1.02,1.23,71.32,2.6,0.59
Sundaram Nifty 100 Equal Wgt Dir IDCW-R,–,-1.02,0.99,99.83,16.04,0.71
Nippon India U/ST Duration Mn IDCW-R,Above Average,-1.02,3.61,48.01,0.44,-0.23
Edelweiss Govt Sec Reg Ann IDCW-R,Below Average,-1.02,1.23,71.33,2.6,0.59
ICICI Pru Ultra Short Term Dir Mn IDCW-R,Above Average,-1.02,6.44,23.55,1,0.63
Mirae Asset Low Dur Reg Svg Mn IDCW-P,Average,-1.03,-0.15,0.03,0.76,-1.49
ICICI Pru Savings Dir Mn IDCW-P,Above Average,-1.03,8.32,17.54,1.49,0.73
Bandhan Dynamic Bond Dir HY IDCW-P,Above Average,-1.03,1.58,69.96,3.26,0.6
Nippon India Income Ann IDCW-P,Average,-1.03,1.02,79.29,1.98,0.45
ICICI Pru Savings Dir Mn IDCW-R,Above Average,-1.03,8.32,17.54,1.49,0.73
Bandhan Dynamic Bond Dir HY IDCW-R,Above Average,-1.03,1.58,69.96,3.26,0.6
Mirae Asset Low Dur Reg Svg Mn IDCW-R,Average,-1.03,-0.15,0.03,0.76,-1.49
Nippon India Income Ann IDCW-R,Average,-1.03,1.02,79.29,1.98,0.45
Motilal Oswal Nifty 500 Reg Gr,–,-1.03,1,100,14.47,0.73
Taurus Liquid Unclmd Div Gr,–,-1.03,-0.45,0.97,0.42,-3.21
UTI Medium to Long Dur Ann Reg IDCW-P,Above Average,-1.04,1.12,94.47,1.98,0.54
HSBC Aggressive Hybrid Ann IDCW-P,Above Average,-1.04,1.24,76.06,13.6,0.62
Aditya BSL Liquid Dir Wk IDCW-P,–,-1.04,2.33,17.73,0.41,-1.04
Canara Robeco Cons Hyb Qt IDCW-P,Above Average,-1.04,1.11,42.39,5.37,0.47
HSBC Aggressive Hybrid Ann IDCW-R,Above Average,-1.04,1.24,76.06,13.6,0.62
Bandhan Credit Risk Reg Ann IDCW-R,Low,-1.04,0.87,77.17,0.79,-0.22
Bandhan Credit Risk Reg Ann IDCW-P,Low,-1.04,0.87,77.17,0.79,-0.22
Franklin India Bluechip Gr,Average,-1.04,0.91,96.49,12.8,0.64
Canara Robeco Cons Hyb Qt IDCW-R,Above Average,-1.04,1.11,42.39,5.37,0.47
Aditya BSL Liquid Dir Wk IDCW-R,–,-1.04,2.33,17.73,0.41,-1.04
UTI Medium to Long Dur Ann Reg IDCW-R,Above Average,-1.04,1.12,94.47,1.98,0.54
Aditya BSL Gov Sec Dir Qt IDCW-P,High,-1.05,1.27,58.46,2.96,0.54
Canara Robeco Ultra S/T Reg Gr,Below Average,-1.05,2.96,70.83,0.32,-1.06
Canara Robeco Ultra S/T Reg Wly IDCW-P,Below Average,-1.05,2.96,70.88,0.32,-1.06
Canara Robeco Ultra S/T Reg IDCW-P,Below Average,-1.05,2.96,70.9,0.32,-1.06
LIC MF BSE Sensex Index Gr,–,-1.05,1,99.99,12.66,0.57
LIC MF BSE Sensex Index IDCW-P,–,-1.05,1,99.99,12.66,0.57
Canara Robeco Ultra S/T Reg Wly IDCW-R,Below Average,-1.05,2.96,70.88,0.32,-1.06
LIC MF BSE Sensex Index IDCW-R,–,-1.05,1,99.99,12.66,0.57
Aditya BSL Gov Sec Dir Qt IDCW-R,High,-1.05,1.27,58.46,2.96,0.54
ITI Ultra Short Dur Reg Fortn IDCW-P,Average,-1.05,2.77,50.44,0.36,-1.13
ITI Ultra Short Dur Reg Fortn IDCW-R,Average,-1.05,2.77,50.44,0.36,-1.13
Navi Nifty Bank Index Reg Gr,–,-1.05,1,100,14.94,0.63
Invesco India Gilt Ann IDCW-P,Above Average,-1.06,1.16,55.36,2.78,0.48
Canara Robeco Ultra S/T Reg Dl IDCW-R,Below Average,-1.06,2.9,69.54,0.32,-1.18
HSBC Corporate Bond Ann IDCW-P,Above Average,-1.06,1.78,80.11,1.57,0.45
Bank of India Credit Risk Dir Gr,Above Average,-1.06,0.53,28.32,0.78,-0.66
Aditya BSL Money Mgr Reg Wk IDCW-R,Above Average,-1.06,3.64,18.61,0.62,-0.19
Sundaram Low Duration Gr,High,-1.06,4.22,58.75,0.47,0.06
HSBC Corporate Bond Ann IDCW-R,Above Average,-1.06,1.78,80.11,1.57,0.45
Invesco India Gilt Ann IDCW-R,Above Average,-1.06,1.16,55.36,2.78,0.48
Aditya BSL Money Mgr Reg Wk IDCW-P,Above Average,-1.06,3.64,18.61,0.62,-0.19
Sundaram Low Dur Reg Principal Units-R,Average,-1.06,4.22,58.75,0.47,0.06
Axis ESG Integration Strategy Reg IDCW-R,Average,-1.06,0.88,78.58,14.3,0.46
Axis ESG Integration Strategy Reg IDCW-P,Average,-1.06,0.88,78.58,14.3,0.46
PGIM India Gilt Gr,Low,-1.07,1.05,65.82,2.31,0.48
Nippon India Low Duration Retl Qt IDCW-P,Average,-1.07,4.25,61.5,0.44,0.05
Bandhan Bond M/T Dir Fr IDCW-P,Average,-1.07,0.97,23.32,1.65,-0.06
PGIM India Corporate Bond Dr Mn IDCW-P,Above Average,-1.07,0.45,4.31,1.75,-0.35
Parag Parikh Liquid Reg Dl IDCW-R,–,-1.07,-1.33,0.62,1.31,-1.09
Nippon India Low Duration Retl Qt IDCW-R,Average,-1.07,4.25,61.5,0.44,0.05
Bandhan Bond M/T Dir Fr IDCW-R,Average,-1.07,0.97,23.32,1.65,-0.06
Baroda BNP P Corp Bond Reg Mn IDCW-P,Above Average,-1.08,1.02,41.18,1.29,-0.05
Baroda BNP P Corp Bond Reg Qt IDCW-P,Above Average,-1.08,0.76,10.22,1.87,-0.16
Mirae Asset Low Duration Dir Dly IDCW-R,Average,-1.08,3.51,8.08,0.96,-0.18
Canara Robeco Gilt Reg Gr,Average,-1.08,1.15,65.44,2.53,0.52
Baroda BNP P Corp Bond Reg Mn IDCW-R,Above Average,-1.08,1.02,41.18,1.29,-0.05
Baroda BNP P Corp Bond Reg Qt IDCW-R,Above Average,-1.08,0.76,10.22,1.87,-0.16
Invesco India Medium Dur Reg Qt IDCW-R,Average,-1.08,1.68,86.29,1.46,0.42
PGIM India Money Market Dir Dl IDCW-R,High,-1.08,3.38,5.1,1.15,-0.18
Invesco India Medium Dur Reg Qt IDCW-P,Average,-1.08,1.68,86.29,1.46,0.42
Axis Floater Dir Gr,High,-1.08,12.15,21.34,2.04,1.02
WhiteOak Capital Ultr S/D Reg Dl IDCW-R,Average,-1.08,2.67,34.59,0.39,-1.12
Sundaram Small Cap Instl Gr,–,-1.09,1.03,96.8,29.21,–
Nippon India FRF Qt IDCW-P,Above Average,-1.09,7.84,53.84,0.84,1.13
Baroda BNP P Low Dur Dl IDCW-R,Average,-1.09,3.86,40.84,0.49,-0.21
Aditya BSL Short Term Reg Qt IDCW-P,Above Average,-1.09,1.25,43.71,1.5,0.1
Bank of India Cnsrv Hybrid Dir Gr,High,-1.09,1.06,73.74,3.92,0.59
Sundaram Focused HY IDCW-P,Below Average,-1.09,0.87,91.28,13.24,0.66
Bank of India Ultra S/D Dir Dl IDCW-R,Average,-1.09,2.21,8.2,0.59,-0.88
Bank of India Ultra S/D Dir Dl IDCW-T,Average,-1.09,2.21,8.2,0.59,-0.88
Aditya BSL Short Term Reg Qt IDCW-R,Above Average,-1.09,1.25,43.71,1.5,0.1
Sundaram Focused HY IDCW-R,Below Average,-1.09,0.87,91.28,13.24,0.66
Baroda BNP P Low Dur Reg Dl IDCW-P,Average,-1.09,3.86,40.84,0.49,-0.21
Nippon India FRF Qt IDCW-R,Above Average,-1.09,7.84,53.84,0.84,1.13
Baroda BNP P Ultra Shrt Dur DirWlyICDW-P,Above Average,-1.09,3.74,26.02,0.68,-0.22
Sundaram Focused HY IDCW-T,Below Average,-1.09,0.87,91.28,13.24,0.66
ITI Ultra Short Dur Reg Ann IDCW-P,Low,-1.09,2.48,71.53,0.29,-2
Baroda BNP P Ultra Shrt Dur Reg Wly ICDW,Above Average,-1.09,3.74,26.02,0.68,-0.22
ITI Ultra S/D Reg Gr,Low,-1.09,2.48,71.49,0.29,-2.01
ITI Ultra Short Dur Reg Ann IDCW-R,Low,-1.09,2.48,71.53,0.29,-2
Bandhan Gov Sec Inv Reg IDCW-P,High,-1.1,1.39,56.26,3.31,0.54
ICICI Pru All Seasons Bond Ret Qt IDCW-P,–,-1.1,0.52,40.94,2.55,–
Bandhan Gov Sec Inv Reg Gr,Above Average,-1.1,1.39,56.26,3.31,0.54
Taurus Nifty 50 Index IDCW-P,–,-1.1,0.99,99.95,13.03,0.59
Taurus Nifty 50 Index Gr,–,-1.1,0.99,99.95,13.02,0.59
Bandhan Dynamic Bond Dir Ann IDCW-P,Above Average,-1.1,1.54,69.36,3.18,0.56
LIC MF Nifty 50 Index Gr,–,-1.1,1,99.99,13.13,0.59
Bandhan Gov Sec Inv Reg Prdic IDCW-R,Above Average,-1.1,1.39,56.25,3.31,0.54
Bandhan Gov Sec Inv Reg Prdic IDCW-P,Above Average,-1.1,1.39,56.25,3.31,0.54
LIC MF Nifty 50 Index IDCW-P,–,-1.1,1,99.99,13.13,0.59
Sundaram Corp Bond HY IDCW-P,Above Average,-1.1,0.33,2.14,1.77,-0.44
Sundaram Corp Bond HY IDCW-T,Above Average,-1.1,0.33,2.14,1.77,-0.44
ICICI Pru All Seasons Bond Ret Qt IDCW-R,–,-1.1,0.52,40.94,2.55,–
LIC MF Nifty 50 Index IDCW-R,–,-1.1,1,99.99,13.13,0.59
Bandhan Gov Sec Inv Reg IDCW-R,High,-1.1,1.39,56.26,3.31,0.54
Sundaram Corp Bond HY IDCW-R,Above Average,-1.1,0.33,2.14,1.77,-0.44
Taurus Nifty 50 Index IDCW-R,–,-1.1,0.99,99.95,13.03,0.59
Bandhan Dynamic Bond Dir Ann IDCW-R,Above Average,-1.1,1.54,69.36,3.18,0.56
UTI Floater Reg Ann IDCW-R,Below Average,-1.1,5.11,56.09,0.55,0.41
ITI Ultra Short Dur Reg Dl IDCW-R,Below Average,-1.1,2.83,73.04,0.31,-1.47
ITI Ultra Short Dur Reg Mn IDCW-P,Low,-1.1,2.47,71.38,0.29,-2.09
ITI Ultra Short Dur Reg Mn IDCW-R,Low,-1.1,2.47,71.38,0.29,-2.09
ICICI Pru NASDAQ 100 Index Reg IDCW-P,–,-1.1,0.99,99.72,19.7,0.8
ICICI Pru NASDAQ 100 Index Reg IDCW-R,–,-1.1,0.99,99.72,19.7,0.8
UTI Floater Reg Gr,Low,-1.1,5.11,56.09,0.55,0.41
UTI Floater Reg HY IDCW-R,Average,-1.1,5.11,56.09,0.55,0.41
UTI Floater Reg Flexi IDCW-R,Below Average,-1.1,5.11,56.09,0.55,0.41
UTI Floater Reg HY IDCW-P,Average,-1.1,5.11,56.09,0.55,0.41
UTI Floater Reg Flexi IDCW-P,Below Average,-1.1,5.11,56.09,0.55,0.41
UTI Floater Reg Ann IDCW-P,Below Average,-1.1,5.11,56.09,0.55,0.41
HDFC Ultra S/T Fund Reg Dl IDCW-R,Average,-1.1,3.33,28.24,0.5,-0.5
HSBC Nifty Next 50 Index Reg IDCW-R,–,-1.1,1,99.99,19.49,0.67
HSBC Nifty Next 50 Index Reg IDCW-P,–,-1.1,1,99.99,19.49,0.67
HSBC Nifty Next 50 Index Reg Gr,–,-1.1,1,99.99,19.49,0.67
Bandhan Money Manager Dir Wk IDCW-R,Above Average,-1.11,1.9,2.99,0.84,-0.73
Aditya BSL Savings Wk IDCW-P,Above Average,-1.11,3.02,13.94,0.6,-0.53
Edelweiss Govt Sec Reg Wk IDCW-P,Above Average,-1.11,1.24,71.37,2.63,0.56
Edelweiss Govt Sec Reg Mn IDCW-P,Below Average,-1.11,1.23,71.52,2.59,0.56
PGIM India Ultra S/D Dr Pl Dl IDCW-R,Above Average,-1.11,2.5,3.04,1.1,-0.43
Edelweiss Govt Sec Reg Wk IDCW-R,Above Average,-1.11,1.24,71.37,2.63,0.56
Edelweiss Govt Sec Reg Mn IDCW-R,Below Average,-1.11,1.23,71.52,2.59,0.56
ITI Dynamic Bond Reg Mn IDCW-R,Below Average,-1.11,0.74,52.76,1.78,0.16
ITI Dynamic Bond Reg Mn IDCW-P,Below Average,-1.11,0.74,52.76,1.78,0.16
ICICI Pru NASDAQ 100 Index Reg Gr,–,-1.11,0.99,99.72,19.71,0.8
Quant Active Dir IDCW-P,High,-1.12,1.1,85.23,17.35,0.66
Bandhan Gov Sec Inv Reg Qt IDCW-P,Above Average,-1.12,1.34,43.09,3.65,0.46
Quant Active Dir Gr,High,-1.12,1.1,85.21,17.34,0.66
HDFC Income Dir Qt IDCW-P,Average,-1.12,0.99,60.98,2.17,0.34
HDFC Income Dir Qt IDCW-R,Average,-1.12,0.99,60.98,2.17,0.34
Bandhan Gov Sec Inv Reg Qt IDCW-R,Above Average,-1.12,1.34,43.09,3.65,0.46
Quant Active Dir IDCW-R,High,-1.12,1.1,85.23,17.35,0.66
Mahindra Manulife Lrg Cap Reg IDCW-P,Low,-1.12,0.93,95.6,13.05,0.63
Mahindra Manulife Lrg Cap Reg IDCW-R,Low,-1.12,0.93,95.6,13.05,0.63
Axis Floater Dir Mn IDCW-P,High,-1.12,12.14,21.3,2.04,0.99
Axis Floater Dir Mn IDCW-R,High,-1.12,12.14,21.3,2.04,0.99
Axis Floater Dir Qt IDCW-R,High,-1.12,12.14,21.31,2.04,0.99
Axis Floater Dir Qt IDCW-P,High,-1.12,12.14,21.31,2.04,0.99
Axis Floater Dir Ann IDCW-P,High,-1.12,12.13,21.28,2.04,0.99
Axis Floater Dir Ann IDCW-R,High,-1.12,12.13,21.28,2.04,0.99
Bank of India Cnsrv Hyb Dir Ann IDCW-P,Above Average,-1.13,1.06,73.75,3.92,0.58
Bank of India Cnsrv Hybrid Dir Qt IDCW-P,High,-1.13,1.06,73.76,3.92,0.58
Bank of India Cnsrv Hybrid Dir Qt IDCW-R,High,-1.13,1.06,73.76,3.92,0.58
Bank of India Cnsrv Hyb Dir Ann IDCW-R,Above Average,-1.13,1.06,73.75,3.92,0.58
WhiteOak Capital Ultr S/D Reg Wk IDCW-R,Average,-1.13,2.43,34.7,0.38,-1.6
WhiteOak Capital Ultr S/D Reg Wk IDCW-P,Average,-1.13,2.43,34.7,0.38,-1.6
SBI Liquid Dir Dl IDCW-R,–,-1.14,0.71,0.57,0.71,-1.32
Union Dynamic Bond Dir IDCW-P,Above Average,-1.14,1.28,82.98,2.43,0.52
Aditya BSL FRF Reg Wk IDCW-P,Average,-1.14,4.26,28.34,0.6,-0.07
Union Dynamic Bond Dir Gr,Average,-1.14,1.28,82.98,2.43,0.52
LIC MF Low Duration Mn IDCW-P,Average,-1.14,4.38,65.43,0.45,-0.04
LIC MF Low Duration Wk IDCW-P,Average,-1.14,4.38,65.35,0.46,-0.04
Bank of India Cnsrv Hyb Dir Mly IDCW-P,High,-1.14,1.06,73.78,3.92,0.58
LIC MF Low Duration Gr,Average,-1.14,4.38,65.38,0.46,-0.04
PGIM India Corporate Bond Qt IDCW-P,Above Average,-1.14,0.44,1.24,3.17,-0.22
Axis Conservative Hybrid Dir Gr,Average,-1.14,1.22,88.77,4.11,0.68
Shriram Aggresive Hybrid Dir Gr,Below Average,-1.14,1.07,85.21,11.16,0.63
LIC MF Low Duration Mn IDCW-R,Average,-1.14,4.38,65.43,0.45,-0.04
PGIM India Corporate Bond Qt IDCW-R,Above Average,-1.14,0.44,1.24,3.17,-0.22
LIC MF Low Duration Wk IDCW-R,Average,-1.14,4.38,65.35,0.46,-0.04
Aditya BSL FRF Reg Wk IDCW-R,Average,-1.14,4.26,28.34,0.6,-0.07
Union Dynamic Bond Dir IDCW-R,Above Average,-1.14,1.28,82.98,2.43,0.52
Bank of India Cnsrv Hyb Dir Mly IDCW-R,High,-1.14,1.06,73.78,3.92,0.58
Union Money Market Reg Gr,Low,-1.14,3.11,66.04,0.34,-1.17
Sundaram Low Duration Dir Mn IDCW-P,High,-1.15,1.07,0.95,0.87,-1.05
Bandhan Bond M/T Reg Qt IDCW-P,Average,-1.15,1.75,41,2.19,0.27
HSBC Large Cap IDCW-P,Above Average,-1.15,0.99,93.38,14.09,0.63
Franklin India Floating Rate IDCW-R,Below Average,-1.15,7.64,40.93,0.92,0.9
Sundaram Med Duration Dir Gr,Average,-1.15,1.6,79.76,1.43,0.31
HSBC Large Cap IDCW-R,Above Average,-1.15,0.99,93.38,14.09,0.63
Sundaram Low Duration Dir Mn IDCW-R,High,-1.15,1.07,0.95,0.87,-1.05
Bandhan Bond M/T Reg Qt IDCW-R,Average,-1.15,1.75,41,2.19,0.27
Axis Strategic Bond HY IDCW-P,Average,-1.16,1.19,16.38,2.35,0.01
Aditya BSL Liquid Reg Wk IDCW-P,–,-1.16,2.28,17.13,0.41,-1.35
ICICI Pru Savings Mn IDCW-P,Above Average,-1.16,8.37,17.9,1.49,0.66
Sundaram Med Duration Dir Qt IDCW-P,Average,-1.16,1.6,79.81,1.43,0.31
Sundaram Med Duration Dir Qt IDCW-T,Average,-1.16,1.6,79.81,1.43,0.31
Axis Strategic Bond HY IDCW-R,Average,-1.16,1.19,16.38,2.35,0.01
ICICI Pru Savings Mn IDCW-R,Above Average,-1.16,8.37,17.9,1.49,0.66
Sundaram Med Duration Dir Qt IDCW-R,Average,-1.16,1.6,79.81,1.43,0.31
Aditya BSL Liquid Reg Wk IDCW-R,–,-1.16,2.28,17.13,0.41,-1.35
ICICI Pru Nifty Midcap 150 Idx Reg IDCWR,–,-1.16,1,100,16.93,1.03
ICICI Pru Nifty Midcap 150 Idx Reg Gr,–,-1.16,1,100,16.94,1.03
ICICI Pru Nifty Midcap 150 Idx Reg IDCWP,–,-1.16,1,100,16.93,1.03
UTI India Consumer Dir Gr,–,-1.17,0.95,78.36,15.54,0.62
Kotak Corporate Bond Reg Qt IDCW-P,–,-1.17,1,30.02,1.96,–
ICICI Pru Savings Retl Gr,–,-1.17,2.56,30.63,0.75,–
UTI India Consumer Dir IDCW-P,–,-1.17,0.95,78.36,15.54,0.62
UTI India Consumer Dir IDCW-R,–,-1.17,0.95,78.36,15.54,0.62
Kotak Corporate Bond Reg Qt IDCW-R,–,-1.17,1,30.02,1.96,–
Mirae Asset Low Duration Reg Wk IDCW-R,–,-1.18,1.41,26.07,0.57,–
HDFC Liquid Dir Wk IDCW-P,–,-1.18,2.04,6.72,0.63,-1.09
Aditya BSL Bkg & PSU Debt Retl Qt IDCW-P,Above Average,-1.18,1.24,42.2,1.53,0.04
Franklin India Bluechip Dir IDCW-P,Average,-1.18,0.93,96.22,13.01,0.63
HDFC Money Market Wk IDCW-P,Above Average,-1.18,3.74,26.46,0.58,-0.39
Kotak Credit Risk Dir Wk IDCW-P,–,-1.18,0.84,27.56,2.55,–
Franklin India Bluechip Dir IDCW-R,Average,-1.18,0.93,96.22,13.01,0.63
HDFC Liquid Dir Wk IDCW-R,–,-1.18,2.04,6.72,0.63,-1.09
HDFC Money Market Wk IDCW-R,Above Average,-1.18,3.74,26.46,0.58,-0.39
ITI Dynamic Bond Dir Mn IDCW-P,Average,-1.18,0.75,35.01,2.2,0.1
HDFC NIFTY Next 50 Index Reg Gr,–,-1.18,1,99.96,19.58,0.66
ITI Dynamic Bond Dir Mn IDCW-R,Average,-1.18,0.75,35.01,2.2,0.1
Bandhan Bond M/T Reg Prdic IDCW-P,Average,-1.19,1.86,81.13,1.66,0.4
Groww Large Cap IDCW-P,Above Average,-1.19,0.98,95.89,13.83,0.63
HSBC Dynamic Bond IDCW-P,Average,-1.19,0.62,29.94,1.97,-0.02
Bandhan Bond M/T Reg Gr,Average,-1.19,1.86,81.13,1.65,0.4
Bandhan Bond M/T Reg Prdic IDCW-R,Average,-1.19,1.86,81.13,1.66,0.4
Groww Large Cap IDCW-R,Above Average,-1.19,0.98,95.89,13.83,0.63
HSBC Dynamic Bond IDCW-R,Average,-1.19,0.62,29.94,1.97,-0.02
ICICI Pru Nifty SmCp 250 Idx Reg Gr,–,-1.19,1,99.99,19.88,0.87
ICICI Pru Nifty SmCp 250 Idx Reg IDCW-P,–,-1.19,1,99.99,19.89,0.87
ICICI Pru Nifty SmCp 250 Idx Reg IDCW-R,–,-1.19,1,99.99,19.89,0.87
Aditya BSL Nifty Next 50 Idx Reg IDCW-P,–,-1.19,1,99.99,19.53,0.66
Bank of India Ultra S/D Reg Dl IDCW-R,Below Average,-1.2,2.1,12.32,0.45,-1.44
Aditya BSL Low Duration Reg Dl IDCW-R,Average,-1.2,3.88,37.88,0.49,-0.4
Bandhan Bond M/T Reg Fr IDCW-P,Average,-1.2,1.84,80,1.65,0.39
Bank of India Ultra S/D Reg Dl IDCW-T,Below Average,-1.2,2.1,12.32,0.45,-1.44
Bandhan Bond M/T Reg Fr IDCW-R,Average,-1.2,1.84,80,1.65,0.39
Edelweiss Bnkg & PSU Debt Dir IDCW-R,High,-1.2,2.26,75.33,2.07,0.51
Edelweiss Bnkg & PSU Debt Dir IDCW-P,High,-1.2,2.26,75.33,2.07,0.51
Aditya BSL Overnight Dir Mn IDCW-T,–,-1.2,0.89,1.3,0.57,-1.62
Aditya BSL Overnight Dir Mn IDCW-P,–,-1.2,0.89,1.3,0.57,-1.62
Aditya BSL Overnight Dir Mn IDCW-R,–,-1.2,0.89,1.3,0.57,-1.62
Nippon India FRF Dir Dl IDCW-R,Above Average,-1.21,7.88,31.95,1.08,0.77
Groww Liquid Fund Dir Dly IDCW-R,–,-1.21,3.26,12.58,0.71,-0.52
SBI Flexicap Dir Gr,Below Average,-1.21,0.82,94.66,12.32,0.66
Canara Robeco Income Fund Dir Qt IDCW-P,Above Average,-1.21,0.91,24.61,3.14,0.16
Aditya BSL ELSS Tax Saver Gr,Below Average,-1.21,0.93,95.17,13.59,0.65
Groww Large Cap Gr,Above Average,-1.21,0.98,95.87,13.83,0.63
Aditya BSL Income Dir Qt IDCW-P,Above Average,-1.21,1.16,69.59,2.38,0.4
SBI Flexicap Dir IDCW-P,Below Average,-1.21,0.82,94.66,12.32,0.66
Groww Large Cap Reg Mn IDCW-P,Average,-1.21,0.98,95.89,13.83,0.63
Groww Large Cap Reg Mn IDCW-R,Average,-1.21,0.98,95.89,13.83,0.63
Groww Large Cap Reg Qt IDCW-P,Average,-1.21,0.98,95.92,13.83,0.63
Groww Large Cap Reg Qt IDCW-R,Average,-1.21,0.98,95.92,13.83,0.63
Aditya BSL ELSS Tax Saver Gr LSP,Below Average,-1.21,0.93,95.17,13.59,0.65
Aditya BSL Income Dir Qt IDCW-R,Above Average,-1.21,1.16,69.59,2.38,0.4
SBI Flexicap Dir IDCW-R,Below Average,-1.21,0.82,94.66,12.32,0.66
Canara Robeco Income Fund Dir Qt IDCW-R,Above Average,-1.21,0.91,24.61,3.14,0.16
Aditya BSL Nifty Next 50 Idx Reg Gr,–,-1.21,1,99.99,19.52,0.66
Axis Floater Reg Dl IDCW-R,Above Average,-1.21,7.87,11,1.85,0.45
HSBC Banking & PSU Debt Dl IDCW-R,Above Average,-1.22,1.43,83.71,1.25,0.17
Bandhan Bond M/T Reg Mn IDCW-P,Average,-1.22,1.83,80.95,1.64,0.37
Baroda BNP P Low Dur Reg Mn IDCW-P,Average,-1.22,4.54,70.58,0.46,-0.13
Baroda BNP P Low Dur Reg Mn IDCW-R,Average,-1.22,4.54,70.58,0.46,-0.13
Bandhan Bond M/T Reg Mn IDCW-R,Average,-1.22,1.83,80.95,1.64,0.37
Mirae Asset Low Dur Reg Svg Dl IDCW-R,Average,-1.23,2.84,6.63,0.87,-0.59
Aditya BSL Bkg & PSU Debt Reg Qt IDCW-P,Above Average,-1.23,1.25,41.63,1.55,0.01
Baroda BNP P Liquid Reg Dl IDCW-P,–,-1.23,2.26,1.65,1.36,-0.48
Groww S/D Reg Gr,Below Average,-1.23,1.16,74.81,1.08,-0.07
Groww S/D Reg Mn IDCW-P,Below Average,-1.23,1.16,74.79,1.08,-0.07
Navi Liquid Dir Wk IDCW-P,–,-1.23,1.36,2.94,0.63,-1.44
Groww S/D Reg Wk IDCW-P,Below Average,-1.23,1.16,74.78,1.08,-0.08
Baroda BNP P Liquid Reg Dl IDCW-R,–,-1.23,2.26,1.65,1.36,-0.48
Navi Liquid Dir Wk IDCW-R,–,-1.23,1.36,2.94,0.63,-1.44
Aditya BSL Bkg & PSU Debt Reg Qt IDCW-R,Above Average,-1.23,1.25,41.63,1.55,0.01
Groww S/D Reg Mn IDCW-R,Below Average,-1.23,1.16,74.79,1.08,-0.07
Groww S/D Reg Wk IDCW-R,Below Average,-1.23,1.16,74.78,1.08,-0.08
Motilal Oswal Nifty Smcp 250 Idx Reg Gr,–,-1.23,1,99.99,19.96,0.86
SBI Liquid Reg Dl IDCW-R,–,-1.24,0.74,0.63,0.7,-1.47
PGIM India Liquid Dl IDCW-R,–,-1.24,2.35,1.75,1.37,-0.46
Groww Large Cap Reg Hy IDCW-R,Average,-1.24,0.98,95.89,13.86,0.63
Groww Large Cap Reg Hy IDCW-P,Average,-1.24,0.98,95.89,13.86,0.63
Axis Conservative Hybrid Dir Ann IDCW-P,Average,-1.24,1.22,88.73,4.1,0.65
Nippon India Income Dir HY IDCW-P,Above Average,-1.24,1.33,86.19,2.49,0.51
Bandhan Bond Inc Dir Qt IDCW-P,Above Average,-1.24,1.1,46.9,2.77,0.3
Axis Conservative Hybrid Dir Ann IDCW-R,Average,-1.24,1.22,88.73,4.1,0.65
Bandhan Bond Inc Dir Qt IDCW-R,Above Average,-1.24,1.1,46.9,2.77,0.3
Nippon India Income Dir HY IDCW-R,Above Average,-1.24,1.33,86.19,2.49,0.51
DSP Small Cap Dir Gr,Above Average,-1.25,0.93,91.96,19.33,0.86
Sundaram Banking & PSU Mn IDCW-P,–,-1.25,0.84,68.37,1.19,-1.14
Sundaram Banking & PSU Mn IDCW-T,–,-1.25,0.84,68.37,1.19,–
Sundaram Banking & PSU Mn IDCW-R,–,-1.25,0.84,68.37,1.19,–
Aditya BSL Ret Fd 30s Reg Gr,–,-1.25,0.95,91.72,14.35,0.68
Aditya BSL Equity Advantage Dir IDCW-P,Above Average,-1.26,1.01,89.15,15.2,0.63
HDFC Low Duration Reg Dl IDCW-R,Average,-1.26,4.64,31.7,0.63,-0.1
HSBC Low Duration Ann IDCW-P,Above Average,-1.26,6.18,21.09,1.02,0.32
Bandhan Cnsrv Hyb Dir Gr,Below Average,-1.26,1.14,86.36,3.89,0.62
HDFC Liquid Wk IDCW-P,–,-1.26,2.05,6.91,0.62,-1.23
Mahindra Manu Low Duration Reg Wk IDCW-R,Below Average,-1.26,3.98,37.13,0.51,-0.46
HDFC Liquid Wk IDCW-R,–,-1.26,2.05,6.91,0.62,-1.23
Aditya BSL Equity Advantage Dir IDCW-R,Above Average,-1.26,1.01,89.15,15.2,0.63
HSBC Low Duration Ann IDCW-R,Above Average,-1.26,6.18,21.09,1.02,0.32
HSBC Low Duration Gr,Above Average,-1.27,8,37.91,1,0.79
Sundaram Low Duration Dl IDCW-R,–,-1.27,-7.84,3.1,3.49,-0.73
HDFC Gilt Dir IDCW-P,Average,-1.27,0.88,61.2,2,0.28
HDFC Gilt Dir IDCW-R,Average,-1.27,0.88,61.2,2,0.28
Bandhan Floating Rate Reg Wk IDCW-R,Above Average,-1.27,5.31,16.49,1.01,0.1
Navi Liquid Reg Wk IDCW-P,–,-1.28,1.36,2.97,0.63,-1.52
Franklin India Bank&PSU Dbt Dir IDCW-P,Above Average,-1.28,0.97,29.9,1.4,-0.22
Franklin India Bank&PSU Dbt Fd DirIDCW-R,Above Average,-1.28,0.97,29.9,1.4,-0.22
Navi Liquid Reg Wk IDCW-R,–,-1.28,1.36,2.97,0.63,-1.52
DSP Ultra Short Reg Dl IDCW-R,Average,-1.29,3.06,20.63,0.53,-0.98
Axis Conservative Hybrid Dir Qtly IDCW-P,Average,-1.29,1.22,88.93,4.1,0.64
Shriram Aggresive Hybrid Dir IDCW-P,Below Average,-1.29,1.07,85.21,11.15,0.62
SBI Magnum Ultra Short Dur Dir Wk IDCW-P,Above Average,-1.29,2.15,4.49,0.76,-0.95
PGIM India Ultra S/D Rg Pl Wk IDCW-R,–,-1.29,7.13,36.21,1.66,–
SBI Magnum Ultra Short Dur Dir Wk IDCW-R,Above Average,-1.29,2.15,4.49,0.76,-0.95
Axis Conservative Hybrid Dir Qtly IDCW-R,Average,-1.29,1.22,88.93,4.1,0.64
Shriram Aggresive Hybrid Dir IDCW-R,Below Average,-1.29,1.07,85.21,11.15,0.62
Aditya BSL Overnight Reg Mn IDCW-P,–,-1.29,0.88,1.3,0.56,-1.81
Navi Nifty Midcap 150 Index Reg Gr,–,-1.29,1,99.99,16.92,1.03
Aditya BSL Overnight Reg Mn IDCW-R,–,-1.29,0.88,1.3,0.56,-1.81
Aditya BSL Overnight Reg Mn IDCW-T,–,-1.29,0.88,1.3,0.56,-1.81
Union Overnight Reg Dl IDCW-R,–,-1.29,-0.18,0.7,0.25,-8.34
Sundaram Large Cap Reg Gr,Low,-1.29,0.9,97.46,12.61,0.62
SBI Banking & PSU Reg MnIDCW-P,Average,-1.3,1.14,60.14,1.17,-0.14
Edelweiss Money Market Reg Gr,Above Average,-1.3,4.25,68.1,0.45,-0.52
Edelweiss Money Market Reg IDCW-P,Above Average,-1.3,4.25,68.16,0.45,-0.51
Edelweiss Money Market Instl Gr,Above Average,-1.3,4.26,68.27,0.45,-0.53
Aditya BSL MNC IDCW-P,–,-1.3,0.89,75.96,14.91,0.5
Kotak Credit Risk Dir Qt IDCW-R,–,-1.3,0.98,30.09,2.78,–
Aditya BSL MNC Gr,–,-1.3,0.89,75.98,14.9,0.5
Edelweiss Money Market Reg IDCW-R,Above Average,-1.3,4.25,68.16,0.45,-0.51
Aditya BSL MNC IDCW-R,–,-1.3,0.89,75.96,14.91,0.5
SBI Banking & PSU Reg MnIDCW-R,Average,-1.3,1.14,60.14,1.17,-0.14
Edelweiss Money Market Reg An IDCW-P,Average,-1.3,4.25,68.16,0.45,-0.51
Aditya BSL Pharma & Hlthcare Reg Gr,–,-1.3,0.96,94.59,15.99,0.9
Edelweiss Money Market Reg An IDCW-R,Average,-1.3,4.25,68.16,0.45,-0.51
Sundaram Diversified Equity Dir IDCW-P,Average,-1.31,0.88,95.79,12.82,0.64
Bandhan Gov Sec Inv Reg HY IDCW-P,Above Average,-1.31,1.38,56.5,3.28,0.48
UTI ELSS Tax Saver Reg IDCW-P,Average,-1.31,0.94,91.12,14.11,0.63
PGIM India Ultra S/D Rg Pl Wk IDCW-P,–,-1.31,6.79,33.23,1.65,–
Axis Conservative Hybrid Dir HY IDCW-P,Average,-1.31,1.23,89.19,4.12,0.64
UTI ELSS Tax Saver Reg Gr,Average,-1.31,0.94,91.12,14.11,0.63
Bandhan Gov Sec Inv Reg HY IDCW-R,Above Average,-1.31,1.38,56.5,3.28,0.48
Sundaram Diversified Equity Dir IDCW-T,Average,-1.31,0.88,95.79,12.82,0.64
UTI ELSS Tax Saver Reg IDCW-R,Average,-1.31,0.94,91.12,14.11,0.63
Axis Conservative Hybrid Dir HY IDCW-R,Average,-1.31,1.23,89.19,4.12,0.64
Sundaram Diversified Equity Dir IDCW-R,Average,-1.31,0.88,95.79,12.82,0.64
Axis Dynamic Bond HY IDCW-P,Average,-1.32,0.94,67.3,1.95,0.23
Nippon India Hybrid Bond Qt IDCW-P,Below Average,-1.32,0.74,61.57,3.01,0.35
Nippon India Hybrid Bond Qt IDCW-R,Below Average,-1.32,0.74,61.57,3.01,0.35
Axis Dynamic Bond HY IDCW-R,Average,-1.32,0.94,67.3,1.95,0.23
TrustMF Banking & PSU RegAnn IDCW-P,High,-1.32,0.73,9,1.93,-0.31
TrustMF Banking & PSU RegAnn IDCW-R,High,-1.32,0.73,9,1.93,-0.31
Axis Nifty Midcap 50 Index Reg IDCW-P,–,-1.32,0.99,99.98,17.57,1.06
Axis Nifty Midcap 50 Index Reg IDCW-R,–,-1.32,0.99,99.98,17.57,1.06
Axis Nifty Midcap 50 Index Reg Gr,–,-1.32,0.99,99.98,17.57,1.06
Bandhan Bond Inc Dir Gr,Above Average,-1.33,1.2,87.44,2.22,0.42
Sundaram Ultra S/D Gr,Average,-1.33,2.76,68.46,0.31,-2.43
UTI Children's Equity Fd Dir Gr,–,-1.33,0.94,93.15,14.09,0.68
Bandhan Cnsrv Hyb Dir Qt IDCW-P,Below Average,-1.33,1.13,78.22,4.04,0.57
UTI Gilt Reg IDCW-P,Below Average,-1.33,0.9,54.57,2.16,0.24
UTI Children's Equity Fd Dir IDCW-P,–,-1.33,0.94,93.15,14.09,0.68
Bandhan Cnsrv Hyb Dir Qt IDCW-R,Below Average,-1.33,1.13,78.22,4.04,0.57
UTI Gilt Reg IDCW-R,Below Average,-1.33,0.9,54.57,2.16,0.24
UTI Children's Equity Fd Dir IDCW-R,–,-1.33,0.94,93.15,14.09,0.68
UTI Children's EquityFd DirScholarshipPl,–,-1.33,0.94,93.15,14.09,0.68
Mahindra Manulife Dyn Bd Reg Gr,Below Average,-1.33,1.11,87.81,2.06,0.37
Aditya BSL Overnight Reg Wk IDCW-R,–,-1.33,0.77,2.84,0.32,-3.24
UTI Ultra Short Duration InstIDCWPDiscon,–,-1.34,-0.33,0.06,2.36,–
DSP Low Duration Reg Dl IDCW-R,Below Average,-1.34,4.54,32.13,0.61,-0.28
UTI Ultra Short Duration InstIDCWRDiscon,–,-1.34,-0.33,0.06,2.36,–
ICICI Pru Const Mat Gilt Dir Qt IDCW-P,Above Average,-1.35,0.74,52.59,3.04,0.35
Invesco India Low Dur Reg Wk IDCW-P,Below Average,-1.35,4.07,59.59,0.44,-0.75
Franklin India Gov Sec Gr,Average,-1.35,0.82,89.22,1.54,0.23
Bandhan Bond Inc Dir Prdic IDCW-R,Average,-1.35,1.2,87.44,2.22,0.41
ICICI Pru Const Mat Gilt Dir Qt IDCW-R,Above Average,-1.35,0.74,52.59,3.04,0.35
Bandhan Bond Inc Dir Prdic IDCW-P,Average,-1.35,1.2,87.44,2.22,0.41
Invesco India Low Dur Reg Wk IDCW-R,Below Average,-1.35,4.07,59.58,0.44,-0.75
Aditya BSL Short Term Dir IDCW-P,Above Average,-1.36,1.66,54.78,1.83,0.17
Bank of India Credit Risk Reg Gr,Above Average,-1.36,0.53,27.9,0.78,-1.05
Invesco India Money Market Reg Gr,Average,-1.36,3.77,68.04,0.39,-1.1
Invesco India Money Market Reg Mn IDCW-P,Average,-1.36,3.77,68.04,0.39,-1.1
Motilal Oswal Ultra S/T Reg Fr IDCW-R,Average,-1.36,1.44,28.66,0.27,-4.78
Axis Midcap Dir IDCW-P,Low,-1.36,0.84,86.6,15.71,0.9
Sundaram Conservative Hyb Dir Mn IDCW-P,Average,-1.36,1.04,86.22,3.54,0.56
Sundaram Conservative Hyb Dir Mn IDCW-R,Average,-1.36,1.04,86.22,3.54,0.56
Baroda BNP P Focused Reg Gr,Average,-1.36,0.99,87.99,15.32,0.64
Axis Midcap Dir IDCW-R,Low,-1.36,0.84,86.6,15.71,0.9
Invesco India Money Market Reg Mn IDCW-R,Average,-1.36,3.77,68.04,0.39,-1.1
Sundaram Conservative Hyb Dir Mn IDCW-T,Average,-1.36,1.04,86.22,3.54,0.56
Aditya BSL Short Term Dir IDCW-R,Above Average,-1.36,1.66,54.78,1.83,0.17
ICICI Pru Silver ETF FoF Reg IDCW-R,–,-1.36,0.76,94.03,20.51,0.46
ICICI Pru Silver ETF FoF Reg Gr,–,-1.36,0.76,94.03,20.51,0.46
ICICI Pru Silver ETF FoF Reg IDCW-P,–,-1.36,0.76,94.03,20.51,0.46
Invesco India Money Market Reg Dl IDCW-R,Average,-1.37,3.67,65.91,0.39,-1.22
Axis Ultra Short Dur Fd Reg Dl IDCW-R,Average,-1.37,2.65,12.14,0.59,-1.18
DSP Overnight Unclaimed Rdmpt Upto 3 yrs,–,-1.37,15.86,5.62,5.14,0.53
ICICI Pru Ultra Short Term Mn IDCW-P,Above Average,-1.38,6.28,24.46,0.95,0.24
Mirae Asset Large Cap Reg Gr,Below Average,-1.38,0.9,97.34,12.52,0.61
ICICI Pru Ultra Short Term Mn IDCW-R,Above Average,-1.38,6.28,24.46,0.95,0.24
Aditya BSL Equity Hybrid '95 Dir IDCW-P,Average,-1.39,0.98,90.28,9.93,0.62
Union Dynamic Bond Gr,Average,-1.39,1.28,82.97,2.43,0.42
Sundaram Ultra Shrt Dur Dl IDCW-R,–,-1.39,1.93,35.76,0.54,-4.22
Union Dynamic Bond IDCW-P,Average,-1.39,1.28,83.01,2.43,0.42
Franklin India Gov Sec Qt IDCW-P,Average,-1.39,0.82,89.24,1.54,0.2
Aditya BSL Equity Hybrid '95 Dir IDCW-R,Average,-1.39,0.98,90.28,9.93,0.62
Franklin India Gov Sec Qt IDCW-R,Average,-1.39,0.82,89.24,1.54,0.2
Union Dynamic Bond IDCW-R,Average,-1.39,1.28,83.01,2.43,0.42
Aditya BSL Income Reg IDCW-P,Above Average,-1.4,1.16,87.95,2.13,0.37
Aditya BSL Income Reg IDCW-R,Above Average,-1.4,1.16,87.95,2.13,0.37
Union Midcap Dir Gr,Above Average,-1.4,0.91,89.31,16.75,0.92
Union Midcap Dir IDCW-R,Above Average,-1.4,0.91,89.31,16.75,0.92
Union Money Market Reg Dl IDCW-T,Average,-1.4,3.13,38.05,0.41,-1.54
Union Money Market Reg Dl IDCW-R,Average,-1.4,3.13,38.05,0.41,-1.54
Union Midcap Dir IDCW-P,Above Average,-1.4,0.91,89.31,16.75,0.92
Union Midcap Dir IDCW-T,Above Average,-1.4,0.91,89.31,16.75,0.92
Sundaram Ultra Shrt Dur Mn IDCW-P,Above Average,-1.41,2.43,15.66,0.52,-1.67
ICICI Pru Long Term Bond Dir Qt IDCW-P,–,-1.41,1.46,44.76,3.74,0.36
Sundaram Small Cap Instl IDCW-P,–,-1.41,1.04,96.62,29.45,–
Bandhan Gov Sec Inv Reg Ann IDCW-P,Above Average,-1.41,1.37,57.59,3.21,0.44
Quant Absolute Gr,Above Average,-1.41,1.26,81.96,13.29,0.62
ICICI Pru Long Term Bond Dir Qt IDCW-R,–,-1.41,1.46,44.76,3.74,0.36
Bandhan Gov Sec Inv Reg Ann IDCW-R,Above Average,-1.41,1.37,57.59,3.21,0.44
Sundaram Ultra Shrt Dur Mn IDCW-R,Above Average,-1.41,2.43,15.66,0.52,-1.67
UTI Master Equity Plan Unit SchemeIDCW-P,–,-1.42,0.88,94.84,12.87,0.63
UTI Master Equity Plan Unit SchemeIDCW-R,–,-1.42,0.88,94.84,12.87,0.63
Union Largecap Reg Gr,Below Average,-1.42,0.92,95.8,12.93,0.61
Union Largecap Reg IDCW-P,Below Average,-1.42,0.92,95.8,12.93,0.61
Union Largecap Reg IDCW-R,Below Average,-1.42,0.92,95.8,12.93,0.61
Invesco India Low Dur Reg Dl IDCW-R,Below Average,-1.43,4.4,65.83,0.45,-0.72
Quant Absolute IDCW-P,High,-1.43,1.26,81.97,13.29,0.62
Quant Absolute IDCW-R,High,-1.43,1.26,81.97,13.29,0.62
Mahindra Manulife Dyn Bd Reg Qt IDCWR,Below Average,-1.43,1.09,88.93,2,0.31
Groww Aggressive Hybrid Reg IDCW-P,Average,-1.43,1.07,94.62,10.6,0.64
Groww Aggressive Hybrid Reg IDCW-R,Average,-1.43,1.07,94.62,10.6,0.64
Mahindra Manulife Dyn Bd Reg Qt IDCWP,Below Average,-1.43,1.09,88.93,2,0.31
Invesco India Low Dur Reg Gr,Below Average,-1.44,4.41,65.93,0.45,-0.73
Invesco India Low Dur Reg Mn IDCW-R,Below Average,-1.44,4.41,65.93,0.45,-0.73
Bank of India Ultra S/D Dir Wly IDCW-R,Average,-1.44,3.41,22.07,0.53,-1.01
Groww Aggressive Hybrid Reg HY IDCW-R,Average,-1.44,1.07,94.61,10.6,0.64
Groww Aggressive Hybrid Reg Qt IDCW-P,Above Average,-1.44,1.07,94.61,10.6,0.64
Groww Aggressive Hybrid Reg Qt IDCW-R,Above Average,-1.44,1.07,94.61,10.6,0.64
Axis Floater Reg Mn IDCW-P,High,-1.44,12.2,21.44,2.04,0.84
Groww Aggressive Hybrid Reg Mn IDCW-R,Average,-1.44,1.07,94.61,10.6,0.64
PGIM India Money Market Reg Dl IDCW-R,High,-1.44,3.58,6.11,1.12,-0.46
Groww Aggressive Hybrid Reg Gr,Average,-1.44,1.07,94.62,10.6,0.64
Groww Aggressive Hybrid Reg HY IDCW-P,Average,-1.44,1.07,94.61,10.6,0.64
Groww Aggressive Hybrid Reg Mn IDCW-P,Average,-1.44,1.07,94.61,10.6,0.64
Axis Floater Reg Mn IDCW-R,High,-1.44,12.2,21.44,2.04,0.84
Nippon India Nifty Smallcap 250 I Reg Gr,–,-1.44,0.99,99.96,19.85,0.85
Nippon India Nifty Smallcap250IRegIDCW-P,–,-1.44,0.99,99.96,19.85,0.85
Nippon India Nifty Smallcap250IRegIDCW-R,–,-1.44,0.99,99.96,19.85,0.85
Motilal Oswal Ultra S/T Reg Mn IDCW-P,Average,-1.45,1.84,67.56,0.24,-5.69
Motilal Oswal Ultra S/T Reg Mn IDCW-R,Average,-1.45,1.84,67.56,0.24,-5.69
Groww ELSS Tax Saver IDCW-P,Average,-1.45,0.98,88.48,14.9,0.61
Groww ELSS Tax Saver IDCW-T,Average,-1.45,0.98,88.48,14.9,0.61
Groww ELSS Tax Saver IDCW-R,Average,-1.45,0.98,88.48,14.9,0.61
Axis Floater Reg Gr,High,-1.45,12.2,21.45,2.04,0.84
Axis Floater Reg Ann IDCW-P,High,-1.45,12.19,21.42,2.04,0.84
Axis Floater Reg Qt IDCW-R,High,-1.45,12.2,21.45,2.04,0.84
Axis Floater Reg Qt IDCW-P,High,-1.45,12.2,21.45,2.04,0.84
Axis Floater Reg Ann IDCW-R,High,-1.45,12.19,21.42,2.04,0.84
LIC MF Midcap Fund Dir Gr,Above Average,-1.46,0.97,92.77,17.56,0.94
Kotak Bond Reg Qtrly IDCW-P,–,-1.46,1.08,84.08,3.66,–
Motilal Oswal Ultra S/T Reg Gr,Average,-1.46,1.85,68.16,0.24,-5.71
SBI Magnum Ultra Short Dur Reg Wk IDCW-P,Average,-1.46,2.17,4.79,0.74,-1.19
Kotak Bond Reg Qtrly IDCW-R,–,-1.46,1.08,84.08,3.66,–
SBI Magnum Ultra Short Dur Reg Wk IDCW-R,Average,-1.46,2.17,4.79,0.74,-1.19
Aditya BSL Business Cycle Reg Gr,–,-1.46,0.96,96.8,14.21,0.66
Bank of India Cnsrv Hyb Eco Mly IDCW-P,High,-1.47,1.06,73.31,3.93,0.49
Canara Robeco Ultra S/T Reg Mly IDCW-P,Average,-1.47,-0.39,0.19,0.73,-2.27
Bank of India Cnsrv Hybrid Eco Gr,High,-1.47,1.06,73.3,3.93,0.49
Bank of India Cnsrv Hyb Eco Mly IDCW-R,High,-1.47,1.06,73.31,3.93,0.49
Canara Robeco Ultra S/T Reg Mly IDCW-R,Average,-1.47,-0.39,0.19,0.73,-2.27
LIC MF Midcap Fund Dir IDCW-R,Above Average,-1.48,0.97,92.78,17.57,0.94
Kotak Gilt Inv PF & Trust Reg IDCW-P,Above Average,-1.48,1.11,45.86,2.92,0.28
Tata Mid Cap Growth Reg Gr,Below Average,-1.48,0.88,95.18,15.64,0.94
LIC MF Midcap Fund Dir IDCW-P,Above Average,-1.48,0.97,92.78,17.57,0.94
Groww ELSS Tax Saver Gr,Average,-1.48,0.98,88.57,14.92,0.61
Kotak Gilt Inv PF & Trust Reg IDCW-R,Above Average,-1.48,1.11,45.86,2.92,0.28
Nippon India FRF Dl IDCW-R,Above Average,-1.49,7.89,33.23,1.06,0.51
Bandhan Bond Inc Dir HY IDCW-R,Average,-1.49,1.19,87.68,2.2,0.34
Bandhan Bond Inc Dir HY IDCW-P,Average,-1.49,1.19,87.68,2.2,0.34
Axis Innovation Dir IDCW-R,–,-1.49,0.77,57.69,14.79,0.5
Axis Innovation Dir IDCW-P,–,-1.49,0.77,57.69,14.79,0.5
Axis ELSS Tax Saver Fd Dir Gr,Average,-1.5,1,84.62,15.52,0.6
Sundaram Nifty 100 Equal Wgt IDCW-P,–,-1.5,0.99,99.83,16.04,0.68
Sundaram Nifty 100 Equal Wgt IDCW-R,–,-1.5,0.99,99.83,16.04,0.68
Tata Young Citizens >3 yrs -7 yrs Reg Gr,–,-1.51,0.48,83.85,7.39,–
Tata Mid Cap Growth Reg IDCW-P,Below Average,-1.51,0.88,95.19,15.65,0.94
Tata Young Citizens Upto 3 yrs,–,-1.51,0.48,83.85,7.39,–
DSP Credit Risk Fund Dir Wly IDCW-R,Above Average,-1.51,2,7.58,5.8,0.08
Tata Mid Cap Growth Reg IDCW-R,Below Average,-1.51,0.88,95.19,15.65,0.94
DSP Small Cap Dir IDCW-P,Above Average,-1.52,0.93,92.06,19.38,0.85
Motilal Oswal Ultra S/T Reg Wk IDCW-R,Average,-1.52,1.87,56.38,0.25,-5.48
DSP Small Cap Dir IDCW-R,Above Average,-1.52,0.93,92.06,19.38,0.85
Sundaram Large Cap Reg IDCW-P,Low,-1.52,0.9,97.44,12.58,0.6
Sundaram Large Cap Reg IDCW-T,Low,-1.52,0.9,97.44,12.58,0.6
Sundaram Corp Bond Dir HY IDCW-R,Above Average,-1.52,0.66,7.64,1.91,-0.46
Canara Robeco Dynamic Bond Reg IDCW-P,High,-1.54,1.13,18.22,4.56,0.13
HDFC Low Duration Dir Wk IDCW-P,Average,-1.54,5.49,37.31,0.72,-0.18
SBI Magnum Gilt PF 1yr Gr,–,-1.54,1.53,65.57,4.53,–
Canara Robeco Dynamic Bond Reg IDCW-R,High,-1.54,1.13,18.22,4.56,0.13
HDFC Low Duration Dir Wk IDCW-R,Average,-1.54,5.49,37.31,0.72,-0.18
Aditya BSL ESG Intg Stgy Reg IDCW-P,Above Average,-1.54,0.94,83.57,14.81,0.45
Aditya BSL ESG Intg Stgy Reg IDCW-R,Above Average,-1.54,0.94,83.57,14.81,0.45
Invesco India UShrtDur Qt IDCW-P,Above Average,-1.55,4.62,19.12,0.83,-0.44
Edelweiss Bnkg & PSU Debt Reg IDCW-P,High,-1.55,2.27,74.69,2.09,0.34
Invesco India UShrtDur Qt IDCW-R,Above Average,-1.55,4.62,19.12,0.83,-0.44
Edelweiss Bnkg & PSU Debt Reg IDCW-R,High,-1.55,2.27,74.69,2.09,0.34
Bandhan Bond Inc Dir Yr IDCW-P,Average,-1.56,1.16,86.59,2.15,0.29
Franklin India Bank&PSU Dbt IDCW-P,Above Average,-1.56,0.98,30.83,1.38,-0.42
Franklin India Bank&PSU Dbt IDCW-R,Above Average,-1.56,0.98,30.83,1.38,-0.42
Kotak Credit Risk Dir Mn IDCW-R,–,-1.56,0.87,25.46,2.65,–
Bandhan Bond Inc Dir Yr IDCW-R,Average,-1.56,1.16,86.59,2.15,0.29
Sundaram Mid Cap Instl Gr,–,-1.57,0.98,94.71,24.62,–
HSBC Small Cap Fund Reg IDCW-P,Above Average,-1.57,0.88,93.43,18.31,0.85
HSBC Small Cap Fund Reg IDCW-R,Above Average,-1.57,0.88,93.43,18.31,0.85
TrustMF Banking & PSU Dir Qt IDCW-R,Above Average,-1.57,1.35,56.3,1.46,-0.15
Groww Dynamic Bond Reg Mn IDCW-P,Below Average,-1.57,0.85,59.43,1.9,0.01
Groww Dynamic Bond Reg Mn IDCW-R,Below Average,-1.57,0.85,59.43,1.9,0.01
TrustMF Banking & PSU Dir Qt IDCW-P,Above Average,-1.57,1.35,56.3,1.46,-0.15
Groww Dynamic Bond Reg Gr,Below Average,-1.57,0.85,59.42,1.9,0.01
Aditya BSL Nifty SmCp 50 Idx Reg Gr,–,-1.57,1,99.96,20.71,0.91
Groww Dynamic Bond Reg Mn IDCW-T,Below Average,-1.57,0.85,59.43,1.9,0.01
Aditya BSL Nifty SmCp 50 Idx Reg IDCW-R,–,-1.57,1,99.96,20.71,0.91
Aditya BSL Nifty SmCp 50 Idx Reg IDCW-P,–,-1.57,1,99.96,20.71,0.91
HDFC Gilt IDCW-P,Average,-1.58,0.9,67.04,1.94,0.14
LIC MF Conservative Hybrid Dir Gr,Below Average,-1.58,1.01,82.29,3.54,0.47
HDFC Gilt IDCW-R,Average,-1.58,0.9,67.04,1.94,0.14
Groww Dynamic Bond Reg Ftn IDCW-T,Average,-1.58,0.84,59.24,1.9,0
Groww Dynamic Bond Reg Ftn IDCW-R,Average,-1.58,0.84,59.24,1.9,0
Groww Dynamic Bond Reg Ftn IDCW-P,Average,-1.58,0.84,59.24,1.9,0
Groww Dynamic Bond Reg Wkly IDCW-R,Below Average,-1.58,0.85,59.43,1.9,0.01
Groww Dynamic Bond Reg Wkly IDCW-T,Below Average,-1.58,0.85,59.43,1.9,0.01
Groww Dynamic Bond Reg Wkly IDCW-P,Below Average,-1.58,0.85,59.43,1.9,0.01
Bandhan Dynamic Bond Reg Qt IDCW-P,Above Average,-1.59,1.5,51.28,3.6,0.34
PGIM India Flexi Cap Dir IDCW-P,Average,-1.59,0.88,90.62,13.44,0.62
Aditya BSL Low Duration Reg Wk IDCW-P,Average,-1.59,4.55,33.71,0.6,-0.69
PGIM India Corporate Bond Dr Ann IDCW-P,High,-1.59,0.1,0.05,3.69,-0.4
PGIM India Flexi Cap Dir IDCW-R,Average,-1.59,0.88,90.62,13.44,0.62
PGIM India Corporate Bond Dr Ann IDCW-R,High,-1.59,0.1,0.05,3.69,-0.4
Aditya BSL Low Duration Reg Wk IDCW-R,Average,-1.59,4.55,33.71,0.6,-0.69
Bandhan Dynamic Bond Reg Qt IDCW-R,Above Average,-1.59,1.5,51.28,3.6,0.34
LIC MF Focused Dir Gr,Average,-1.59,0.94,88.96,14.48,0.63
Aditya BSL Ret Fd 30s Reg IDCW-R,–,-1.59,0.95,91.89,14.34,0.65
Aditya BSL Ret Fd 30s Reg IDCW-P,–,-1.59,0.95,91.89,14.34,0.65
Mirae Asset Large Cap Reg IDCW-P,Below Average,-1.6,0.9,97.15,12.53,0.59
Groww S/D Reg Ft IDCW-P,Below Average,-1.6,1.15,71.74,1.09,-0.42
Groww S/D Reg Ft IDCW-R,Below Average,-1.6,1.15,71.74,1.09,-0.42
JM Liquid Instl Dl IDCW-R,–,-1.6,0.19,9.23,0.27,-7.1
Edelweiss Bnkg & PSU Debt Dir Wk IDCW-P,High,-1.6,1.94,70.83,1.81,0.18
Mirae Asset Large Cap Reg IDCW-R,Below Average,-1.6,0.9,97.15,12.53,0.59
Edelweiss Bnkg & PSU Debt Dir Wk IDCW-R,High,-1.6,1.94,70.83,1.81,0.18
Mahindra Manulife Dyn Bd Reg IDCW-P,Below Average,-1.6,1.09,86.03,2.04,0.22
Mahindra Manulife Dyn Bd Reg IDCW-R,Below Average,-1.6,1.09,86.03,2.04,0.22
Tata Hybrid Equity Reg IDCW-P,Average,-1.61,1.05,94.89,10.37,0.62
LIC MF Focused Dir IDCW-R,Average,-1.61,0.94,88.96,14.48,0.62
Tata Hybrid Equity Reg IDCW-R,Average,-1.61,1.05,94.89,10.37,0.62
LIC MF Focused Dir IDCW-P,Average,-1.61,0.94,88.96,14.48,0.62
ICICI Pru Smallcap IDCW-P,Below Average,-1.62,0.73,90.17,15.43,0.81
PGIM India Corporate Bond HY Bns,–,-1.62,1.12,84.91,1.78,–
Aditya BSL Equity Advantage Gr,Above Average,-1.62,1.01,88.78,15.21,0.61
ICICI Pru Smallcap IDCW-R,Below Average,-1.62,0.73,90.17,15.43,0.81
Aditya BSL Business Cycle Reg IDCW-P,–,-1.62,0.97,96.64,14.27,0.65
Aditya BSL Income Reg Qt IDCW-P,Above Average,-1.63,1.15,69.58,2.37,0.22
Invesco India Gilt Dir Ann IDCW-P,Above Average,-1.63,0.75,12.81,3.73,-0.02
Aditya BSL Income Reg Qt IDCW-R,Above Average,-1.63,1.15,69.58,2.37,0.22
Invesco India Gilt Dir Ann IDCW-R,Above Average,-1.63,0.75,12.81,3.73,-0.02
Aditya BSL PSU Equity Dir Gr,–,-1.63,0.97,96.65,22.39,1.13
Kotak Banking & PSU Debt Dir Ann IDCW-P,–,-1.65,0.75,10.3,2.39,–
PGIM India Corporate Bond Mn IDCW-P,Above Average,-1.65,0.5,5.53,1.7,-0.68
PGIM India Corporate Bond Mn IDCW-R,Above Average,-1.65,0.5,5.53,1.7,-0.68
Kotak Banking & PSU Debt Dir Ann IDCW-R,–,-1.65,0.75,10.3,2.39,–
Bandhan Dynamic Bond Reg IDCW-P,Above Average,-1.66,1.58,69.57,3.29,0.4
Bandhan Dynamic Bond Reg Gr,Above Average,-1.66,1.58,69.57,3.29,0.4
HSBC Medium to Long Duration Reg Gr,Average,-1.66,1.16,91.03,2.09,0.25
HSBC Gilt Gr,Average,-1.66,1.12,64.53,2.48,0.27
LIC MF Gilt Gr,Below Average,-1.66,1.13,62.88,2.55,0.27
LIC MF Gilt PF IDCW-P,Below Average,-1.66,1.13,62.88,2.55,0.27
LIC MF Gilt IDCW-P,Below Average,-1.66,1.13,62.88,2.55,0.27
Bandhan Dynamic Bond Reg Prdic IDCW-P,High,-1.66,1.58,69.56,3.29,0.4
Bandhan Bond M/T Dir Bi-M IDCW-P,High,-1.66,1.86,36.02,2.47,0.08
Bandhan Dynamic Bond Reg Prdic IDCW-R,High,-1.66,1.58,69.56,3.29,0.4
LIC MF Gilt PF Gr,Below Average,-1.66,1.13,62.88,2.55,0.27
LIC MF Gilt IDCW-R,Below Average,-1.66,1.13,62.88,2.55,0.27
LIC MF Gilt PF IDCW-R,Below Average,-1.66,1.13,62.88,2.55,0.27
Bandhan Dynamic Bond Reg IDCW-R,Above Average,-1.66,1.58,69.57,3.29,0.4
Mirae Asset Healthcare Dir IDCW-R,–,-1.66,1,96.8,16.53,0.89
Mirae Asset Healthcare Dir IDCW-P,–,-1.66,1,96.8,16.53,0.89
Bandhan Bond M/T Dir Bi-M IDCW-R,High,-1.66,1.86,36.02,2.47,0.08
Sundaram Low Dur Reg Qt IDCW-R,Above Average,-1.66,5.6,46.14,0.69,-0.35
Sundaram Low Dur Reg Qt IDCW,Above Average,-1.66,5.6,46.14,0.69,-0.35
PGIM India Dynamic Bond Mn IDCW-P,–,-1.68,0.9,71.78,3.65,–
LIC MF ULIS 10Y RP UC Reg HY IDCW-R,–,-1.68,1.05,86.54,10.81,0.59
LIC MF ULIS 15Y RP UC Reg Mn IDCW-R,–,-1.68,1.05,86.54,10.81,0.59
LIC MF ULIS 15Y RP RC Reg Yr IDCW-R,–,-1.68,1.05,86.54,10.81,0.59
LIC MF ULIS 15Y RP RC Reg HY IDCW-R,–,-1.68,1.05,86.54,10.81,0.59
LIC MF ULIS 15Y RP RC Reg Mn IDCW-R,–,-1.68,1.05,86.54,10.81,0.59
LIC MF ULIS 10Y RP RC Reg HY IDCW-R,–,-1.68,1.05,86.54,10.81,0.59
LIC MF ULIS 10Y RP UC Reg Qt IDCW-R,–,-1.68,1.05,86.54,10.81,0.59
LIC MF ULIS 10Y RP RC Reg Qt IDCW-R,–,-1.68,1.05,86.54,10.81,0.59
LIC MF ULIS 15Y RP RC Reg Qt IDCW-R,–,-1.68,1.05,86.54,10.81,0.59
LIC MF ULIS 15Y RP UC Reg Qt IDCW-R,–,-1.68,1.05,86.54,10.81,0.59
LIC MF ULIS 15Y RP UC Reg HY IDCW-R,–,-1.68,1.05,86.54,10.81,0.59
LIC MF ULIS 10Y RP RC Reg Yr IDCW-R,–,-1.68,1.05,86.54,10.81,0.59
LIC MF ULIS 15Y RP UC Reg Yr IDCW-R,–,-1.68,1.05,86.54,10.81,0.59
LIC MF ULIS 10Y RP UC Reg Mn IDCW-R,–,-1.68,1.05,86.54,10.81,0.59
LIC MF ULIS 10Y RP RC Reg Mn IDCW-R,–,-1.68,1.05,86.54,10.81,0.59
LIC MF ULIS 10Y RP UC Reg Yr IDCW-R,–,-1.68,1.05,86.54,10.81,0.59
LIC MF ULIS 10Y SP Reg IDCW-R,–,-1.68,1.05,86.54,10.81,0.59
Aditya BSL ELSS Tax Saver IDCW-P,Below Average,-1.68,0.94,95.26,13.69,0.62
LIC MF Unit Linked Insurance,–,-1.68,1.05,86.54,10.81,0.59
Aditya BSL ELSS Tax Saver IDCW-R,Below Average,-1.68,0.94,95.26,13.69,0.62
PGIM India Dynamic Bond Mn IDCW-R,–,-1.68,0.9,71.78,3.65,–
Bandhan Ultra Short Term Reg Wk IDCW-R,Above Average,-1.68,-1.69,2.38,0.93,-2.52
Aditya BSL Pharma & Hlthcare Reg IDCW-R,–,-1.68,0.96,94.44,16,0.87
Aditya BSL Pharma & Hlthcare Reg IDCW-P,–,-1.68,0.96,94.44,16,0.87
Baroda BNP P Money Market Dir Wly IDCW-R,Above Average,-1.68,3.99,15.24,0.87,-0.83
TrustMF Short Duration Dir Qt IDCW-P,Above Average,-1.68,1.55,61.53,1.59,-0.09
TrustMF Short Duration Dir Qt IDCW-R,Above Average,-1.68,1.55,61.53,1.59,-0.09
Nippon India US Eq Opports Dir Gr,–,-1.69,0.99,90.57,16.88,0.58
Nippon India US Eq Opports Dir IDCW-P,–,-1.69,0.99,90.57,16.88,0.58
Nippon India US Eq Opports Dir IDCW-R,–,-1.69,0.99,90.57,16.88,0.58
Aditya BSL Gov Sec Reg Qt IDCW-P,High,-1.7,1.27,58.5,2.96,0.32
Aditya BSL Gov Sec Reg Qt IDCW-R,High,-1.7,1.27,58.5,2.96,0.32
Kotak Dynamic Bond Reg Mn IDCW-R,–,-1.7,0.88,78.5,3.03,–
Kotak Dynamic Bond Reg Mn IDCW-P,–,-1.7,0.88,78.5,3.03,–
Sundaram Conservative Hyb Qt IDCW-P,Average,-1.71,1.1,90.69,3.66,0.5
Mirae Asset Low Duration Reg Gr,–,-1.71,2.58,17.06,1.08,–
Sundaram Conservative Hyb Gr,Average,-1.71,1.1,90.68,3.66,0.5
DSP 10Y G-Sec Dir IDCW-P,High,-1.71,1.25,14.09,10.03,0.24
DSP 10Y G-Sec Dir IDCW-R,High,-1.71,1.25,14.09,10.03,0.24
Sundaram Conservative Hyb Qt IDCW-T,Average,-1.71,1.1,90.69,3.66,0.5
Sundaram Conservative Hyb Qt IDCW-R,Average,-1.71,1.1,90.69,3.66,0.5
Sundaram Conservative Hyb HY IDCW-P,Average,-1.72,1.1,90.71,3.66,0.49
Canara Robeco Dynamic Bond Reg Gr,Average,-1.72,1.25,79.03,2.42,0.26
UTI Large cap Reg Gr,Below Average,-1.72,0.91,96.43,12.76,0.58
Sundaram Conservative Hyb HY IDCW-R,Average,-1.72,1.1,90.71,3.66,0.49
Sundaram Conservative Hyb HY IDCW-T,Average,-1.72,1.1,90.71,3.66,0.49
Kotak Credit Risk Dir Mn IDCW-P,–,-1.73,0.88,27.94,2.67,–
UTI Corporate Bond Dir Ann IDCW-P,Above Average,-1.73,0.49,1.77,2.94,-0.42
LIC MF Value Gr,Above Average,-1.73,1.07,83.62,16.94,0.61
LIC MF Value IDCW-P,Above Average,-1.73,1.07,83.62,16.94,0.61
LIC MF Value IDCW-R,Above Average,-1.73,1.07,83.62,16.94,0.61
LIC MF Value IDCW-T,Above Average,-1.73,1.07,83.62,16.94,0.61
Motilal Oswal Ultra S/T Reg Dl IDCW-R,Above Average,-1.74,2.11,14.22,0.45,-2.8
HSBC Medium to Long Dur Reg Qt IDCW-P,Average,-1.74,1.16,91.16,2.09,0.21
HSBC Medium to Long Dur Reg Qt IDCW-R,Average,-1.74,1.16,91.16,2.09,0.21
ICICI Pru Corporate Bond Prem Dl IDCW-R,–,-1.75,0.7,79.4,1.15,–
ICICI Pru Bond Dir HY IDCW-R,Average,-1.75,1.32,68.38,2.76,0.27
ICICI Pru Bond Dir HY IDCW-P,Average,-1.75,1.32,68.38,2.76,0.27
Axis Flexi Cap Reg Gr,Average,-1.75,0.96,90.9,14.62,0.62
Kotak Credit Risk Dir Qt IDCW-P,–,-1.76,1.04,34.46,2.86,–
UTI Low Duration Dir Bns,–,-1.76,-0.3,0.01,6.47,–
LIC MF Small Cap Fund Dir Gr,Above Average,-1.76,0.92,89.78,19.32,0.83
TrustMF Banking & PSU Dir Mn IDCW-R,Average,-1.76,1.13,68,1.12,-0.58
Axis Quant Reg IDCW-R,–,-1.76,0.98,88.73,14.8,0.59
Axis Quant Reg IDCW-P,–,-1.76,0.98,88.73,14.8,0.59
Axis Quant Reg Gr,–,-1.76,0.98,88.73,14.8,0.59
TrustMF Banking & PSU Dir Mn IDCW-P,Average,-1.76,1.13,68,1.12,-0.58
Bank of India Cnsrv Hyb Reg Mly IDCW-P,High,-1.77,1.06,73.3,3.93,0.42
Bank of India Cnsrv Hybrid Reg Qt IDCW-P,High,-1.77,1.06,73.3,3.93,0.42
Bank of India Cnsrv Hybrid Reg Gr,High,-1.77,1.06,73.29,3.93,0.42
Bank of India Cnsrv Hyb Reg Ann IDCW-P,High,-1.77,1.06,73.3,3.93,0.42
HSBC Gilt Qt IDCW-P,Average,-1.77,1.12,64.94,2.48,0.22
LIC MF Small Cap Fund Dir IDCW-P,Above Average,-1.77,0.92,89.78,19.32,0.83
Sundaram Low Duration Mn IDCW-P,Above Average,-1.77,1.01,1,0.81,-1.95
Bank of India Cnsrv Hyb Reg Mly IDCW-R,High,-1.77,1.06,73.3,3.93,0.42
LIC MF Small Cap Fund Dir IDCW-R,Above Average,-1.77,0.92,89.78,19.32,0.83
Bank of India Cnsrv Hybrid Reg Qt IDCW-R,High,-1.77,1.06,73.3,3.93,0.42
HSBC Gilt Qt IDCW-R,Average,-1.77,1.12,64.94,2.48,0.22
Sundaram Low Duration Mn IDCW-R,Above Average,-1.77,1.01,1,0.81,-1.95
LIC MF Small Cap Fund Dir IDCW-T,Above Average,-1.77,0.92,89.78,19.32,0.83
Bank of India Cnsrv Hyb Reg Ann IDCW-R,High,-1.77,1.06,73.3,3.93,0.42
Navi ELSS Tax Saver Fund Reg IDCW-P,Below Average,-1.78,0.93,91.02,13.89,0.59
Navi ELSS Tax Saver Fund Reg Gr,Below Average,-1.78,0.93,91.03,13.89,0.59
HSBC Liquid Reg IDCW-P,–,-1.78,0.85,1.26,0.6,-2.67
HSBC Liquid Reg IDCW-R,–,-1.78,0.85,1.26,0.6,-2.67
HDFC Ultra S/T Fund Dir Wk IDCW-P,Above Average,-1.78,4.18,26.84,0.67,-1.13
HDFC Ultra S/T Fund Dir Wk IDCW-R,Above Average,-1.78,4.18,26.84,0.67,-1.13
ICICI Pru Corporate Bond Retl Mn IDCW-P,–,-1.79,0.67,86.02,1.05,–
Aditya BSL Liquid Instl Dl IDCW-R,–,-1.79,2.08,23.26,0.26,-3.79
Franklin India NSE Nifty 50 IdxDirIDCW-P,–,-1.79,0.98,96,13.22,0.53
UTI Large cap Reg IDCW-P,Low,-1.79,0.91,96.34,12.76,0.58
PGIM India Large Cap Gr,Low,-1.79,0.92,95.89,12.88,0.58
ICICI Pru Corporate Bond Retl Mn IDCW-R,–,-1.79,0.67,86.02,1.05,–
UTI Large cap Reg IDCW-R,Low,-1.79,0.91,96.34,12.76,0.58
Franklin India NSE Nifty 50 IdxDirIDCW-R,–,-1.79,0.98,96,13.22,0.53
HSBC Medium to Long Dur Dir Qt IDCW-P,Above Average,-1.79,1.14,63.42,2.46,0.14
HSBC Medium to Long Dur Dir Qt IDCW-R,Above Average,-1.79,1.14,63.42,2.46,0.14
LIC MF Healthcare Dir Gr,–,-1.79,0.94,93.22,15.78,0.86
PGIM India ELSS Tax Saver Dir IDCW-P,Below Average,-1.8,0.75,74.14,12.46,0.51
Kotak Bond S/T Reg Mn IDCW-P,–,-1.8,1.01,85.67,1.77,–
Kotak Bond S/T Reg Mn IDCW-R,–,-1.8,1.01,85.67,1.77,–
LIC MF Healthcare Dir IDCW-T,–,-1.8,0.94,93.22,15.78,0.86
LIC MF Healthcare Dir IDCW-R,–,-1.8,0.94,93.22,15.78,0.86
LIC MF Healthcare Dir IDCW-P,–,-1.8,0.94,93.22,15.78,0.86
PGIM India Large Cap IDCW-P,Average,-1.81,0.91,84.51,13.65,0.54
PGIM India Large Cap IDCW-R,Average,-1.81,0.91,84.51,13.65,0.54
Taurus Flexi Cap Dir IDCW-P,Average,-1.82,1.02,88.81,15.7,0.62
LIC MF Flexi Cap Dir Gr,Below Average,-1.82,0.97,86.86,15.05,0.61
LIC MF Large Cap Dir IDCW-P,Average,-1.82,1.01,97.26,14.14,0.59
DSP Strategic Bd Reg Dl IDCW-R,Average,-1.82,1.06,55.45,2.49,0.07
LIC MF Large Cap Dir Gr,Average,-1.82,1.01,97.26,14.14,0.59
Taurus Flexi Cap Dir Gr,Average,-1.82,1.02,88.8,15.7,0.62
Taurus Flexi Cap Dir IDCW-R,Average,-1.82,1.02,88.81,15.7,0.62
LIC MF Large Cap Dir IDCW-R,Average,-1.82,1.01,97.26,14.14,0.59
Sundaram Mid Cap Instl IDCW-P,–,-1.83,0.98,94.76,24.64,–
Mirae Asset Low Dur Reg Svg Qt IDCW-P,Above Average,-1.83,7.72,12.53,1.67,0.09
Mirae Asset Low Dur Reg Svg Qt IDCW-R,Above Average,-1.83,7.72,12.53,1.67,0.09
Sundaram Mid Cap Instl IDCW-T,–,-1.83,0.98,94.76,24.64,–
Sundaram Mid Cap Instl IDCW-R,–,-1.83,0.98,94.76,24.64,–
Navi Large & Mid Cap Reg Gr,Average,-1.84,0.96,84.38,14.96,0.57
Navi Large & Mid Cap Reg IDCW-P,Average,-1.84,0.96,84.38,14.96,0.57
Navi Large & Mid Cap Reg An IDCW-P,Average,-1.84,0.96,84.38,14.96,0.57
Navi Large & Mid Cap Reg IDCW-R,Average,-1.84,0.96,84.38,14.96,0.57
Navi Large & Mid Cap Reg An IDCW-R,Average,-1.84,0.96,84.38,14.96,0.57
Navi Large & Mid Cap Reg HY IDCW-R,Average,-1.84,0.96,84.38,14.96,0.57
Navi Large & Mid Cap Reg HY IDCW-P,Average,-1.84,0.96,84.38,14.96,0.57
ICICI Pru Floating Interest C Wk IDCW-P,–,-1.85,1.14,20.61,0.58,–
Axis Large Cap Fund Dir Gr,Below Average,-1.85,0.93,93.4,13.31,0.57
Bandhan Dynamic Bond Reg HY IDCW-P,Above Average,-1.85,1.58,69.95,3.26,0.34
LIC MF Conservative Hybrid Dir Qt IDCW-P,Below Average,-1.85,1.01,82.3,3.54,0.4
Aditya BSL Liquid Dir Dl IDCW-R,–,-1.85,1.92,18.66,0.26,-3.98
Bandhan Dynamic Bond Reg HY IDCW-R,Above Average,-1.85,1.58,69.95,3.26,0.34
LIC MF Conservative Hybrid Dir Qt IDCW-R,Below Average,-1.85,1.01,82.3,3.54,0.4
ICICI Pru Floating Interest C Wk IDCW-R,–,-1.85,1.14,20.61,0.58,–
LIC MF Flexi Cap Dir IDCW-P,Below Average,-1.86,0.97,86.87,15.05,0.6
Canara Robeco Income Fund Reg Gr,Below Average,-1.86,1.12,92.1,2.01,0.12
Kotak Credit Risk Reg Wk IDCW-R,–,-1.86,0.82,25.54,2.52,–
LIC MF Flexi Cap Dir IDCW-R,Below Average,-1.86,0.97,86.87,15.05,0.6
Taurus Flexi Cap IDCW-P,Average,-1.87,1.02,88.82,15.7,0.62
Taurus Flexi Cap Gr,Average,-1.87,1.02,88.8,15.7,0.62
Edelweiss Bnkg & PSU Debt Reg Wk IDCW-P,High,-1.87,1.94,72.32,1.8,0.04
Edelweiss Bnkg & PSU Debt Reg Wk IDCW-R,High,-1.87,1.94,72.32,1.8,0.04
Taurus Flexi Cap IDCW-R,Average,-1.87,1.02,88.82,15.7,0.62
Kotak Global Emerging Market Dir Gr,–,-1.88,0.87,92.59,14.3,0.05
Kotak Global Emerging Market Dir IDCW-P,–,-1.88,0.87,92.6,14.3,0.05
DSP 10Y G-Sec Reg IDCW-R,High,-1.88,1.23,14.26,9.87,0.22
Sundaram Diversified Equity IDCW-P,Average,-1.88,0.88,95.79,12.82,0.59
DSP 10Y G-Sec Reg IDCW-P,High,-1.88,1.23,14.26,9.87,0.22
Tata Gilt sec RIP Bns Units,–,-1.88,1.67,89.7,4.62,–
Kotak Global Emerging Market Dir IDCW-R,–,-1.88,0.87,92.6,14.3,0.05
Sundaram Diversified Equity IDCW-T,Average,-1.88,0.88,95.79,12.82,0.59
Sundaram Diversified Equity IDCW-R,Average,-1.88,0.88,95.79,12.82,0.59
Kotak Banking & PSU Debt Reg Ann IDCW-P,–,-1.89,0.76,11.2,2.33,–
Bandhan Bond Inc Reg Qt IDCW-P,Above Average,-1.89,1.11,50,2.7,0.07
Bandhan Bond Inc Reg Qt IDCW-R,Above Average,-1.89,1.11,50,2.7,0.07
Kotak Banking & PSU Debt Reg Ann IDCW-R,–,-1.89,0.76,11.2,2.33,–
Union Focused Reg IDCW-R,Low,-1.89,0.84,88.38,12.93,0.59
Union Focused Reg Gr,Low,-1.89,0.84,88.38,12.93,0.59
Union Focused Reg IDCW-T,Low,-1.89,0.84,88.38,12.93,0.59
TrustMF Short Duration Dir Mn IDCW-R,Above Average,-1.89,1.32,71.9,1.26,-0.46
TrustMF Short Duration Dir Mn IDCW-P,Above Average,-1.89,1.32,71.9,1.26,-0.46
Union Focused Reg IDCW-P,Low,-1.89,0.84,88.38,12.93,0.59
SBI Small Cap Fund Reg IDCW-P,Low,-1.9,0.72,91.69,15.01,0.8
SBI Small Cap Fund Reg Gr,Below Average,-1.9,0.72,91.69,15.01,0.8
Bandhan Dynamic Bond Reg Ann IDCW-P,Above Average,-1.9,1.55,69.6,3.2,0.31
LIC MF Low Duration Dir Dl IDCW-P,Above Average,-1.9,0.79,0.13,1.71,-0.99
SBI Small Cap Fund Reg IDCW-R,Low,-1.9,0.72,91.69,15.01,0.8
Bandhan Dynamic Bond Reg Ann IDCW-R,Above Average,-1.9,1.55,69.6,3.2,0.31
LIC MF Low Duration Dir Dl IDCW-R,Above Average,-1.9,0.79,0.13,1.71,-0.99
Axis Midcap Gr,Low,-1.93,0.83,86.5,15.55,0.87
ICICI Pru Corporate Bond Retl Qt IDCW-P,–,-1.94,0.91,64.75,1.64,-0.36
Sundaram Med Duration Dir Yr IDCW-P,Average,-1.94,1.72,47.45,1.98,-0.11
HDFC Income Qt IDCW-P,Average,-1.94,1.01,66.45,2.14,-0.01
Aditya BSL Low Duration Instl Wk IDCW-R,–,-1.94,1.58,8.54,0.85,–
Aditya BSL Liquid Reg Dl IDCW-P,–,-1.94,1.86,18.47,0.25,-4.4
Tata Money Market High Invst Mn IDCW-P,–,-1.94,0.19,28.97,0.25,–
Aditya BSL Liquid Reg Dl IDCW-R,–,-1.94,1.86,18.47,0.25,-4.4
Sundaram Med Duration Dir Yr IDCW-T,Average,-1.94,1.72,47.45,1.98,-0.11
HDFC Income Qt IDCW-R,Average,-1.94,1.01,66.45,2.14,-0.01
ICICI Pru Corporate Bond Retl Qt IDCW-R,–,-1.94,0.91,64.75,1.64,-0.36
Tata Money Market High Invst Mn IDCW-R,–,-1.94,0.19,28.97,0.25,–
Sundaram Med Duration Dir Yr IDCW-R,Average,-1.94,1.72,47.45,1.98,-0.11
HSBC Focused Reg IDCW-R,High,-1.94,1.06,86.33,16.57,0.61
HSBC Focused Reg IDCW-P,High,-1.94,1.06,86.33,16.57,0.61
UTI Small Cap Reg IDCW-P,Average,-1.95,0.82,91.39,17.13,0.81
UTI Small Cap Reg IDCW-R,Average,-1.95,0.82,91.39,17.13,0.81
UTI Small Cap Reg Gr,Average,-1.95,0.82,91.39,17.13,0.81
Aditya BSL Overnight Dir Dl IDCW-R,–,-1.96,0.51,1.72,0.19,-6.12
Quant Mid Cap IDCW-P,Average,-1.97,0.93,83.94,17.66,0.86
Quant Mid Cap IDCW-R,Average,-1.97,0.93,83.94,17.66,0.86
ITI Liquid Reg Mn IDCW-R,–,-1.97,-0.94,0.76,0.81,-2.68
ITI Liquid Reg Mn IDCW-P,–,-1.97,-0.94,0.76,0.81,-2.68
ICICI Pru Liquid Retl Wk IDCW-P,–,-1.98,0.54,48.74,0.18,–
ICICI Pru Liquid Retl Wk IDCW-R,–,-1.98,0.54,48.74,0.18,–
Aditya BSL Small Cap Dir Gr,Above Average,-1.99,0.87,94.23,17.93,0.83
Axis Large Cap Fund Dir IDCW-P,Below Average,-1.99,0.93,93.35,13.32,0.56
Axis Large Cap Fund Dir IDCW-R,Below Average,-1.99,0.93,93.35,13.32,0.56
PGIM India Ultra S/D Rg Pl Bns,–,-2,1.77,42.04,0.57,–
Bandhan Bond Inc Reg Prdic IDCW-P,Average,-2,1.2,87.43,2.22,0.12
Bandhan Bond Inc Reg Prdic IDCW-R,Average,-2,1.2,87.43,2.22,0.12
Bandhan Bond Inc Reg Gr,Above Average,-2,1.2,87.44,2.22,0.12
Sundaram Ultra Short Dur Reg Qt IDCW,Above Average,-2,2.74,11.69,0.61,-2.11
Sundaram Ultra Short Dur Reg Qt IDCW-R,Above Average,-2,2.74,11.69,0.61,-2.11
HSBC Low Duration Dir Mn IDCW-P,Above Average,-2.01,6.97,10.89,1.63,-0.14
Aditya BSL Mid Cap Dir Gr,Average,-2.01,0.89,90.39,16.26,0.89
Franklin India Bluechip IDCW-P,Average,-2.01,0.92,96.25,13,0.56
Franklin India Bluechip IDCW-R,Average,-2.01,0.92,96.25,13,0.56
HSBC Low Duration Dir Mn IDCW-R,Above Average,-2.01,6.97,10.89,1.63,-0.14
Bandhan Liquid Dir Dl IDCW-R,–,-2.02,2.58,3.04,1.08,-1.2
PGIM India Liquid Gr,–,-2.02,0.98,23.64,0.37,-4.1
PGIM India Liquid Instl Pl Gr,–,-2.02,0.98,23.54,0.37,-4.1
HDFC Low Duration Reg Wk IDCW-P,Average,-2.02,5.36,38.84,0.69,-0.96
HDFC Low Duration Reg Wk IDCW-R,Average,-2.02,5.36,38.84,0.69,-0.96
Baroda BNP P Focused Reg IDCW-R,Average,-2.02,0.98,88.27,15.19,0.6
Baroda BNP P Focused Reg IDCW-P,Average,-2.02,0.98,88.27,15.19,0.6
Aditya BSL Bal Bhavishya Yojna RegGr,–,-2.02,0.94,95.22,13.97,0.63
Canara Robeco Small Cap Dir IDCW-R,Below Average,-2.02,0.78,92.04,16.37,0.8
HDFC Ultra S/T Fund Reg Wk IDCW-P,Above Average,-2.02,4.1,27.81,0.64,-1.61
Canara Robeco Small Cap Dir IDCW-P,Below Average,-2.02,0.78,92.04,16.37,0.8
HDFC Ultra S/T Fund Reg Wk IDCW-R,Above Average,-2.02,4.1,27.81,0.64,-1.61
UTI India Consumer Reg Gr,–,-2.03,0.95,78.36,15.53,0.56
UTI India Consumer Reg IDCW-P,–,-2.03,0.95,78.36,15.53,0.56
ICICI Pru Bond Instl Mn IDCW-P,–,-2.03,0.63,86.85,2.14,–
Quant Mid Cap Gr,Average,-2.03,0.93,83.95,17.67,0.86
UTI India Consumer Reg IDCW-R,–,-2.03,0.95,78.36,15.53,0.56
ICICI Pru Bond Instl Mn IDCW-R,–,-2.03,0.63,86.85,2.14,–
Nippon India Strategic Debt DirQt IDCW-P,High,-2.04,1.46,17.35,2.79,-0.21
Nippon India Strategic Debt DirQt IDCW-R,High,-2.04,1.46,17.35,2.79,-0.21
Sundaram Med Duration Instl Gr,–,-2.05,1.57,85.47,1.83,-1.25
TrustMF Banking & PSU Reg Qt IDCW-R,Above Average,-2.05,1.36,56.12,1.47,-0.48
Axis Aggresive Hybrid Fund Dir Gr,Above Average,-2.05,1.14,93.45,11.35,0.59
TrustMF Banking & PSU Reg Qt IDCW-P,Above Average,-2.05,1.36,56.12,1.47,-0.48
Kotak Credit Risk Reg Wk IDCW-P,–,-2.06,0.85,28.32,2.55,–
SBI Flexicap Reg IDCW-P,Below Average,-2.06,0.82,94.66,12.31,0.59
Sundaram Med Duration Gr,Average,-2.06,1.61,79.48,1.45,-0.31
Mahindra Manu Low Duration Dir Dl IDCW-R,High,-2.06,3.65,0.86,3.02,-0.37
ICICI Pru Liquid Instl Pls Dl IDCW-R,–,-2.06,0.56,19.8,0.27,–
Sundaram Med Duration Bns,Average,-2.06,1.61,79.48,1.45,-0.31
SBI Flexicap Reg Gr,Below Average,-2.06,0.82,94.66,12.31,0.59
SBI Flexicap Reg IDCW-R,Below Average,-2.06,0.82,94.66,12.31,0.59
Sundaram Med Duration Qt IDCW-P,Above Average,-2.07,1.61,79.51,1.45,-0.32
Sundaram Med Duration Qt IDCW-R,Above Average,-2.07,1.61,79.51,1.45,-0.32
Sundaram Med Duration Qt IDCW-T,Above Average,-2.07,1.61,79.51,1.45,-0.32
Canara Robeco Small Cap Dir Gr,Below Average,-2.07,0.79,93.82,16.26,0.81
Sundaram Med Duration Yr IDCW-P,Average,-2.08,1.62,79.18,1.45,-0.32
SBI Liquid Instl Wk IDCW-P,–,-2.08,0.45,13.99,0.2,–
Aditya BSL Equity Advantage IDCW-P,Above Average,-2.08,1.01,89.17,15.19,0.58
Sundaram Med Duration Yr IDCW-T,Average,-2.08,1.62,79.18,1.45,-0.32
SBI Liquid Instl Wk IDCW-R,–,-2.08,0.45,13.99,0.2,–
Aditya BSL Equity Advantage IDCW-R,Above Average,-2.08,1.01,89.17,15.19,0.58
Sundaram Med Duration Yr IDCW-R,Average,-2.08,1.62,79.18,1.45,-0.32
Aditya BSL Overnight Reg Dl IDCW-R,–,-2.08,0.51,1.76,0.19,-6.57
ICICI Pru Bond HY IDCW-P,Average,-2.09,1.31,69.13,2.72,0.14
ICICI Pru Medium Term Bond B Qt IDCW-P,–,-2.09,0.74,30.73,1.9,–
ICICI Pru Bond HY IDCW-R,Average,-2.09,1.31,69.13,2.72,0.14
ICICI Pru Medium Term Bond B Qt IDCW-R,–,-2.09,0.74,30.73,1.9,–
TrustMF Banking & PSU Reg Mn IDCW-P,Below Average,-2.09,1.1,67.07,1.09,-0.93
TrustMF Banking & PSU Reg Mn IDCW-R,Below Average,-2.09,1.1,67.07,1.09,-0.93
ICICI Pru Bond Instl Qt IDCW-P,–,-2.1,0.72,77.14,2.58,–
Navi Liquid Dir Dl IDCW-R,–,-2.1,-1.64,2.07,0.84,-2.88
Sundaram Med Duration HY IDCW-P,Above Average,-2.1,1.6,79.24,1.44,-0.35
Sundaram Med Duration HY IDCW-T,Above Average,-2.1,1.6,79.24,1.44,-0.35
ICICI Pru Bond Instl Qt IDCW-R,–,-2.1,0.72,77.14,2.58,–
Sundaram Med Duration HY IDCW-R,Above Average,-2.1,1.6,79.24,1.44,-0.35
ICICI Pru Liquid Instl Dl IDCW-R,–,-2.11,0.54,19.5,0.26,–
ICICI Pru Short Term Instl Mn IDCW-P,–,-2.11,1.09,87.66,1.76,–
ICICI Pru Liquid Retl Dl IDCW-R,–,-2.11,0.54,19.48,0.26,–
ICICI Pru Short Term Instl Mn IDCW-R,–,-2.11,1.09,87.66,1.76,–
ICICI Pru Money Market IDCW-P,–,-2.12,1.23,28.84,0.41,–
Bandhan Liquid Reg Dl IDCW-P,–,-2.12,2.56,3.12,1.06,-1.31
Bandhan Liquid Reg Dl IDCW-R,–,-2.12,2.56,3.12,1.06,-1.31
TrustMF Banking & PSU Dir Wk IDCW-R,Average,-2.12,1.15,64.93,1.16,-0.85
PGIM India Liquid Rg Pl Bns Opt,–,-2.13,0.53,47.3,0.23,-11.99
Bandhan Bond Inc Reg HY IDCW-P,Average,-2.13,1.2,87.6,2.21,0.05
Bandhan Bond Inc Reg HY IDCW-R,Average,-2.13,1.2,87.6,2.21,0.05
DSP Small Cap Reg Gr,Above Average,-2.14,0.93,91.95,19.32,0.82
TrustMF Short Duration Reg Mn IDCW-R,Above Average,-2.15,1.24,65.23,1.24,-0.74
TrustMF Short Duration Reg Mn IDCW-P,Above Average,-2.15,1.24,65.23,1.24,-0.74
PGIM India Ultra S/D Qt IDCW-P,–,-2.16,2.77,11.05,1.45,–
PGIM India Ultra S/D Qt IDCW-R,–,-2.16,2.77,11.05,1.45,–
Bandhan Bond Inc Reg Yr IDCW-P,Above Average,-2.17,1.16,86.94,2.16,0.01
Tata Money Market High Invst Wk IDCW-P,–,-2.17,0.36,14.74,0.23,–
Aditya BSL Equity Hybrid '95 IDCW-P,Average,-2.17,0.98,90.14,9.92,0.54
Bandhan Bond Inc Reg Yr IDCW-R,Above Average,-2.17,1.16,86.94,2.16,0.01
Aditya BSL Equity Hybrid '95 IDCW-R,Average,-2.17,0.98,90.14,9.92,0.54
Aditya BSL PSU Eq Dir IDCW-P,–,-2.18,0.97,96.67,22.43,1.1
Sundaram Conservative Hyb Mn IDCW-P,Average,-2.19,1.03,86.34,3.53,0.32
Sundaram Conservative Hyb Mn IDCW-R,Average,-2.19,1.03,86.34,3.53,0.32
Sundaram Conservative Hyb Mn IDCW-T,Average,-2.19,1.03,86.34,3.53,0.32
PGIM India Corporate Bond Ann IDCW-P,High,-2.2,0.11,0.05,3.69,-0.57
Sundaram Small Cap Instl IDCW-R,–,-2.2,1.04,96.69,29.47,–
PGIM India Corporate Bond Ann IDCW-R,High,-2.2,0.11,0.05,3.69,-0.57
Sundaram Small Cap Instl IDCW-T,–,-2.2,1.04,96.69,29.47,–
TrustMF Short Duration Reg Qt IDCW-P,Above Average,-2.2,1.55,61.3,1.6,-0.41
TrustMF Short Duration Reg Qt IDCW-R,Above Average,-2.2,1.55,61.3,1.6,-0.41
Bandhan Cnsrv Hyb Reg Gr,Below Average,-2.21,1.14,86.29,3.89,0.37
Mirae Asset Focused Dir Gr,Average,-2.21,0.81,85.69,12.77,0.55
Mirae Asset Healthcare Reg Gr,–,-2.22,1,96.95,16.5,0.85
Bandhan Cnsrv Hyb Reg Qt IDCW-P,Below Average,-2.23,1.13,78.16,4.05,0.34
Bandhan Credit Risk Reg Hlf Yrly IDCW-R,Average,-2.23,1.27,23.57,2.09,-0.46
Kotak Banking & PSU Debt Dir Dl IDCW-R,–,-2.23,1.03,76.45,1.2,–
Tata Liquid Reg IDCW-P,–,-2.23,0.23,3.95,0.22,–
Bandhan Cnsrv Hyb Reg Qt IDCW-R,Below Average,-2.23,1.13,78.16,4.05,0.34
Axis ELSS Tax Saver Fd Gr,Average,-2.26,1,84.6,15.51,0.55
Franklin India NSE Nifty 50 Index IDCW-P,–,-2.26,0.98,95.59,13.25,0.49
Motilal Oswal Ultra S/T Reg Qt IDCW-P,High,-2.26,1.41,0.91,1.12,-1.67
Motilal Oswal Ultra S/T Reg Qt IDCW-R,High,-2.26,1.41,0.91,1.12,-1.67
Franklin India NSE Nifty 50 Index IDCW-R,–,-2.26,0.98,95.59,13.25,0.49
LIC MF Ultra Short Dur Reg Wk IDCW-R,Above Average,-2.27,2.31,5.08,0.79,-2.13
LIC MF Ultra Short Dur Reg Wk IDCW-P,Above Average,-2.27,2.31,5.08,0.79,-2.13
Bandhan Bond M/T Reg Bi-M IDCW-P,Average,-2.28,1.86,39.33,2.36,-0.18
Bandhan Bond M/T Reg Bi-M IDCW-R,Average,-2.28,1.86,39.33,2.36,-0.18
PGIM India Corporate Bond Dr Mn IDCW-R,–,-2.28,1.32,81.3,1.71,–
Kotak Small Cap Dir IDCW-P,Average,-2.3,0.82,90.95,17.13,0.79
Kotak Small Cap Dir Gr,Average,-2.3,0.82,90.95,17.13,0.79
Kotak Small Cap Dir IDCW-R,Average,-2.3,0.82,90.95,17.13,0.79
Axis Aggresive Hybrid Fund Dir Mn IDCW-R,Above Average,-2.3,1.14,93.39,11.35,0.57
Axis Aggresive Hybrid Fund Dir Mn IDCW-P,Above Average,-2.3,1.14,93.39,11.35,0.57
Aditya BSL Bal Bhavishya Yojna RegIDCW-P,–,-2.3,0.94,95.43,13.96,0.61
Aditya BSL Bal Bhavishya Yojna RegIDCW-R,–,-2.3,0.94,95.43,13.96,0.61
Quant Active Gr,Above Average,-2.31,1.1,85.27,17.33,0.59
Aditya BSL Liquid Retl Dl IDCW-R,–,-2.31,9.34,28.68,1.3,0.07
Shriram ELSS Tax Saver Dir Gr,Average,-2.31,0.96,75.87,15.72,0.51
Kotak Corporate Bond Reg Wk IDCW-R,–,-2.32,1.73,45.79,1.85,–
Mirae Asset Midcap Dir Gr,Average,-2.33,0.95,94.95,16.9,0.9
Canara Robeco Income Fund Reg Qt IDCW-P,Above Average,-2.34,0.91,24.6,3.14,-0.2
Canara Robeco Income Fund Reg Qt IDCW-R,Above Average,-2.34,0.91,24.6,3.14,-0.2
DSP Strategic Bd Reg IDCW-P,High,-2.35,2.17,11.44,11.06,0.16
DSP Strategic Bd Reg IDCW-R,High,-2.35,2.17,11.44,11.06,0.16
Quant Active IDCW-P,Above Average,-2.36,1.1,85.3,17.33,0.58
Quant Active IDCW-R,Above Average,-2.36,1.1,85.3,17.33,0.58
PGIM India Flexi Cap Reg Gr,Average,-2.37,0.89,90.62,13.54,0.57
Kotak Global Emerging Market Reg Gr,–,-2.37,0.87,92.59,14.3,0.02
Kotak Global Emerging Market Reg IDCW-P,–,-2.37,0.87,92.59,14.3,0.02
Kotak Global Emerging Market Reg IDCW-R,–,-2.37,0.87,92.59,14.3,0.02
Aditya BSL Small Cap Dir IDCW-P,Above Average,-2.38,0.87,93.81,17.91,0.8
Aditya BSL Small Cap Dir IDCW-R,Above Average,-2.38,0.87,93.81,17.91,0.8
LIC MF Midcap Fund Reg Gr,Above Average,-2.4,0.97,92.78,17.55,0.89
LIC MF Midcap Fund Reg IDCW-P,Above Average,-2.4,0.97,92.77,17.54,0.89
LIC MF Midcap Fund Reg IDCW-R,Above Average,-2.4,0.97,92.77,17.54,0.89
Bandhan Overnight Dir Dl IDCW,–,-2.4,3.04,4.25,1.07,-1.43
Bandhan Overnight Dir Dl IDCW-R,–,-2.4,3.04,4.25,1.07,-1.43
Aditya BSL Mid Cap Dir IDCW-P,Average,-2.41,0.89,90.21,16.25,0.86
UTI Children's Equity Fd Reg IDCW-P,–,-2.41,0.94,93.15,14.08,0.6
UTI Children's Equity Fd Reg Gr,–,-2.41,0.94,93.15,14.08,0.6
UTI Children's Equity Fd Reg IDCW-R,–,-2.41,0.94,93.15,14.08,0.6
Aditya BSL Mid Cap Dir IDCW-R,Average,-2.41,0.89,90.21,16.25,0.86
UTI Children's Equity Fd ScholarshipPlan,–,-2.41,0.94,93.15,14.08,0.6
DSP Small Cap Reg IDCW-P,Above Average,-2.42,0.93,92.06,19.37,0.8
DSP Small Cap Reg IDCW-R,Above Average,-2.42,0.93,92.06,19.37,0.8
Shriram ELSS Tax Saver Dir IDCW-P,Average,-2.42,0.96,75.87,15.72,0.5
Edelweiss Liquid Dir Dl IDCW-R,–,-2.44,3.3,7.99,0.88,-1.77
Axis Midcap IDCW-P,Low,-2.44,0.84,86.58,15.68,0.84
Axis Midcap IDCW-R,Low,-2.44,0.84,86.58,15.68,0.84
Mirae Asset Focused Dir IDCW-R,Average,-2.44,0.82,85.42,12.8,0.53
TrustMF Short Duration Dir Wk IDCW-R,Above Average,-2.44,1.34,72.45,1.27,-0.87
Mirae Asset Focused Dir IDCW-P,Average,-2.44,0.82,85.42,12.8,0.53
Union Small Cap Dir Gr,Average,-2.45,0.85,86.79,18.15,0.77
Union Small Cap Dir IDCW-P,Average,-2.45,0.85,86.72,18.16,0.77
Union Small Cap Dir IDCW-R,Average,-2.45,0.85,86.72,18.16,0.77
ICICI Pru Floating Interest A Wk IDCW-P,–,-2.46,1.89,20.49,0.66,–
ICICI Pru Floating Interest B Wk IDCW-P,–,-2.46,1.89,20.5,0.66,–
ICICI Pru Long Term Bond Instl Qt IDCW-P,–,-2.46,1.58,56.02,6.63,–
Axis Conservative Hybrid Gr,Average,-2.46,1.22,88.7,4.11,0.36
ICICI Pru Floating Interest B Wk IDCW-R,–,-2.46,1.89,20.5,0.66,–
ICICI Pru Long Term Bond Instl Qt IDCW-R,–,-2.46,1.58,56.02,6.63,–
ICICI Pru Floating Interest A Wk IDCW-R,–,-2.46,1.89,20.49,0.66,–
TrustMF Banking & PSU Reg Wk IDCW-R,Average,-2.46,1.14,63.82,1.15,-1.16
Bandhan Overnight Reg Dl IDCW,–,-2.47,2.96,4.36,1.03,-1.58
Bandhan Overnight Reg Dl IDCW-R,–,-2.47,2.96,4.36,1.03,-1.58
LIC MF Low Duration Dl IDCW-P,Above Average,-2.49,1.72,0.73,1.56,-1.32
LIC MF Low Duration Dl IDCW-R,Above Average,-2.49,1.72,0.73,1.56,-1.32
Kotak Banking & PSU Debt Reg Dl IDCW-R,–,-2.5,1.01,76.06,1.18,–
Franklin India Money Mkt Instl IDCW-P,–,-2.5,2.17,29.86,0.59,–
Franklin India Money Mkt Instl IDCW-R,–,-2.5,2.17,29.86,0.59,–
Navi Flexi Cap Reg Mn IDCW-P,Below Average,-2.5,0.93,92.33,14.08,0.57
Navi Flexi Cap Reg Mn IDCW-R,Below Average,-2.5,0.93,92.33,14.08,0.57
Axis Aggresive Hybrid Fund Dir IDCW-R,Above Average,-2.5,1.15,94.06,11.39,0.55
Axis Aggresive Hybrid Fund Dir IDCW-P,Above Average,-2.5,1.15,94.06,11.39,0.55
ICICI Pru Medium Term Bond C Qt IDCW-P,–,-2.51,1.57,48.7,3.16,–
PGIM India Large Cap Wlth Pl Gr Opt,–,-2.51,0.95,94.32,12.21,–
ICICI Pru Medium Term Bond C Qt IDCW-R,–,-2.51,1.57,48.7,3.16,–
DSP Nifty Next 50 Index Dir IDCW-R,–,-2.51,1.04,98.47,20.41,0.59
DSP Nifty Next 50 Index Dir IDCW-P,–,-2.51,1.04,98.47,20.41,0.59
Axis Conservative Hybrid Ann IDCW-P,Average,-2.52,1.21,88.61,4.09,0.34
Navi Flexi Cap Reg Gr,Below Average,-2.52,0.93,92.34,14.08,0.57
Navi Flexi Cap Reg Qt IDCW-R,Below Average,-2.52,0.93,92.34,14.08,0.57
Navi Flexi Cap Reg IDCW-P,Below Average,-2.52,0.93,92.35,14.08,0.57
Navi Flexi Cap Reg Qt IDCW-P,Below Average,-2.52,0.93,92.34,14.08,0.57
Navi Flexi Cap Reg IDCW-R,Below Average,-2.52,0.93,92.35,14.08,0.57
Axis Conservative Hybrid Ann IDCW-R,Average,-2.52,1.21,88.61,4.09,0.34
Navi Flexi Cap Reg Yr IDCW-P,Below Average,-2.52,0.93,92.35,14.08,0.57
Navi Flexi Cap Reg Yr IDCW-R,Below Average,-2.52,0.93,92.35,14.08,0.57
Navi Flexi Cap Reg Hy IDCW-P,Below Average,-2.52,0.93,92.35,14.08,0.57
Navi Flexi Cap Reg Hy IDCW-R,Below Average,-2.52,0.93,92.35,14.08,0.57
LIC MF Focused Gr,Average,-2.53,0.94,89.02,14.48,0.56
LIC MF Focused IDCW-R,Average,-2.53,0.94,89.02,14.48,0.56
LIC MF Focused IDCW-P,Average,-2.53,0.94,89.02,14.48,0.56
Kotak Credit Risk Reg Qt IDCW-P,–,-2.54,1.03,34.8,2.81,–
Kotak Credit Risk Reg Qt IDCW-R,–,-2.54,1.03,34.8,2.81,–
LIC MF Conservative Hybrid Gr,Below Average,-2.55,1.01,82.27,3.54,0.2
Axis Conservative Hybrid HY IDCW-P,Average,-2.57,1.23,89.13,4.13,0.33
Axis Conservative Hybrid Qtly IDCW-P,Average,-2.57,1.22,88.85,4.1,0.33
Axis Conservative Hybrid Qtly IDCW-R,Average,-2.57,1.22,88.85,4.1,0.33
Axis Conservative Hybrid HY IDCW-R,Average,-2.57,1.23,89.13,4.13,0.33
Kotak Credit Risk Reg Mn IDCW-P,–,-2.58,0.89,28.65,2.66,–
Kotak Credit Risk Reg Mn IDCW-R,–,-2.58,0.89,28.65,2.66,–
UTI Corporate Bond Reg Ann IDCW-P,High,-2.58,0.3,0.61,3.08,-0.73
Shriram Flexi Cap Dir Gr,Above Average,-2.6,0.99,80.09,16.04,0.54
Navi Liquid Reg Dl IDCW-R,–,-2.61,-0.45,0.1,1.1,-2.45
DSP US Flexible Equity FoF Dir Gr,–,-2.61,0.93,83.04,16.8,0.48
LIC MF Conservative Hybrid Dir Yr IDCW-P,Average,-2.62,0.74,29.95,4.29,-0.06
LIC MF Conservative Hybrid Dir Yr IDCW-R,Average,-2.62,0.74,29.95,4.29,-0.06
Invesco India Shrt DurB Dl IDCW-R,–,-2.63,1.03,92.75,1.44,–
ICICI Pru Savings Retl Wk IDCW-P,–,-2.64,1.97,29.88,0.59,–
PGIM India Large Cap Bns Opt,–,-2.64,0.95,94.34,12.21,–
ICICI Pru Savings Retl Wk IDCW-R,–,-2.64,1.97,29.88,0.59,–
ICICI Pru Banking & PSU Debt Rt DlIDCW-P,–,-2.65,0.86,61.94,1.58,–
ICICI Pru Floating Interest B Dl IDCW-R,–,-2.65,1.94,18.83,0.71,–
ICICI Pru Floating Interest A Dl IDCW-R,–,-2.65,1.94,18.83,0.71,–
ICICI Pru Banking & PSU Debt Rt DlIDCW-R,–,-2.65,0.86,61.94,1.58,–
Baroda BNP P Bank & Fin Srvs Reg Bns,–,-2.66,0.93,89.66,17.64,–
Bandhan Bkg & PSU Dbt Dir Dl IDCW-R,Average,-2.67,1.02,33.01,1.38,-1.17
Axis Equity ETFs FoF Dir IDCW-P,–,-2.67,0.98,97.43,14.39,0.6
Axis Equity ETFs FoF Dir Gr,–,-2.67,0.98,97.43,14.39,0.6
Axis Equity ETFs FoF Dir IDCW-R,–,-2.67,0.98,97.43,14.39,0.6
LIC MF Flexi Cap Gr,Below Average,-2.69,0.97,86.85,15.05,0.55
DSP US Flexible Equity FoF Dir IDCW-P,–,-2.69,0.93,83.01,16.79,0.48
LIC MF Flexi Cap IDCW-P,Below Average,-2.69,0.97,86.85,15.05,0.55
LIC MF Flexi Cap IDCW-R,Below Average,-2.69,0.97,86.85,15.05,0.55
DSP US Flexible Equity FoF Dir IDCW-R,–,-2.69,0.93,83.01,16.79,0.48
Axis Innovation Reg IDCW-R,–,-2.69,0.77,57.3,14.8,0.42
Axis Innovation Reg IDCW-P,–,-2.69,0.77,57.3,14.8,0.42
ICICI Pru Floating Interest C Dl IDCW-R,–,-2.7,2.07,25.09,0.65,–
Edelweiss Emer Mkt Opp Dir Gr,–,-2.71,0.98,95.72,15.83,0.01
Bandhan Cnsrv Hyb Dir IDCW-P,Average,-2.73,1.19,73.24,4.42,0.25
Kotak Dynamic Bond Reg Wk IDCW-P,–,-2.73,0.77,81.36,2.64,–
Bandhan Cnsrv Hyb Dir IDCW-R,Average,-2.73,1.19,73.24,4.42,0.25
Shriram Flexi Cap Dir IDCW-P,Above Average,-2.74,0.99,80.08,16.03,0.53
Shriram Flexi Cap Dir IDCW-R,Above Average,-2.74,0.99,80.08,16.03,0.53
Shriram Aggresive Hybrid Reg IDCW-P,Below Average,-2.75,1.07,85.23,11.15,0.49
Shriram Aggresive Hybrid Reg IDCW-R,Below Average,-2.75,1.07,85.23,11.15,0.49
Bandhan Floating Rate Dir Dl IDCW-R,Above Average,-2.75,3.69,4.71,1.27,-1.38
Shriram Aggresive Hybrid Reg Gr,Below Average,-2.76,1.07,85.21,11.15,0.49
ICICI Pru Savings Retl Dl IDCW-P,–,-2.77,1.99,28.49,0.61,–
ICICI Pru Savings Retl Dl IDCW-R,–,-2.77,1.99,28.49,0.61,–
Bandhan Ultra Short Term Reg Dl IDCW-R,Above Average,-2.78,0.52,0.14,1.01,-2.53
Axis Large Cap Fund Gr,Below Average,-2.79,0.93,93.38,13.29,0.5
UTI Mid Cap Dir Gr,Below Average,-2.8,0.9,92.25,16.39,0.85
UTI Mid Cap Dir IDCW-P,Below Average,-2.8,0.9,92.25,16.39,0.85
UTI Mid Cap Dir IDCW-R,Below Average,-2.8,0.9,92.25,16.39,0.85
LIC MF Small Cap Fund Reg IDCW-P,Above Average,-2.81,0.92,89.76,19.31,0.77
LIC MF Small Cap Fund Reg Gr,Above Average,-2.81,0.92,89.76,19.31,0.77
LIC MF Small Cap Fund Reg IDCW-R,Above Average,-2.81,0.92,89.76,19.31,0.77
LIC MF Small Cap Fund Reg IDCW-T,Above Average,-2.81,0.92,89.76,19.31,0.77
Bandhan Low Duration Reg Wk IDCW-P,Above Average,-2.82,4.64,12.24,0.99,-1.6
Bandhan Low Duration Reg Wk IDCW-R,Above Average,-2.82,4.64,12.24,0.99,-1.6
Sundaram Low Duration Dir Dl IDCW-R,–,-2.84,-1.01,0.67,0.72,-3.07
Nippon India US Eq Opports Reg Gr,–,-2.84,0.99,90.57,16.86,0.51
Nippon India US Eq Opports Reg IDCW-P,–,-2.84,0.99,90.57,16.86,0.51
Nippon India US Eq Opports Reg IDCW-R,–,-2.84,0.99,90.57,16.86,0.51
Bandhan Money Manager Reg Wk IDCW-P,High,-2.85,4.11,10.55,0.95,-1.84
Bandhan Money Manager Reg Wk IDCW-R,High,-2.85,4.11,10.55,0.95,-1.84
Groww Dynamic Bond Reg Dly IDCW-R,High,-2.86,0.86,33.83,2.54,-0.48
Aditya BSL Mid Cap Gr,Average,-2.87,0.89,90.37,16.24,0.84
Union Midcap Reg IDCW-T,Average,-2.89,0.91,89.38,16.73,0.83
Union Midcap Reg Gr,Average,-2.89,0.91,89.38,16.73,0.83
Union Midcap Reg IDCW-R,Average,-2.89,0.91,89.38,16.73,0.83
Union Midcap Reg IDCW-P,Average,-2.89,0.91,89.38,16.73,0.83
Kotak Dynamic Bond Reg Dl IDCW-R,–,-2.9,0.76,82.64,2.57,–
SBI Intl Access - US Equity FoFDirIDCW-R,–,-2.9,1.07,94.65,17.85,0.54
SBI Intl Access - US Equity FoF Dir Gr,–,-2.9,1.07,94.65,17.85,0.54
SBI Intl Access - US Equity FoFDirIDCW-P,–,-2.9,1.07,94.65,17.85,0.54
Bandhan Money Manager Dir Dl IDCW-R,High,-2.92,3.13,4.35,1.11,-1.83
LIC MF Large Cap IDCW-P,Average,-2.92,1.01,97.28,14.13,0.52
LIC MF Large Cap Gr,Average,-2.92,1.01,97.28,14.13,0.52
LIC MF Large Cap IDCW-R,Average,-2.92,1.01,97.28,14.13,0.52
Axis Equity ETFs FoF Reg IDCW-R,–,-2.93,0.98,97.36,14.4,0.58
Axis Equity ETFs FoF Reg Gr,–,-2.93,0.98,97.37,14.4,0.58
Axis Equity ETFs FoF Reg IDCW-P,–,-2.93,0.98,97.36,14.4,0.58
Bandhan Ultra Short Term Dir Dl IDCW-R,Above Average,-2.94,3.23,5.18,1.04,-1.93
Kotak Corporate Bond Reg Dl IDCW-R,–,-2.95,0.8,7.41,2.16,-0.73
Bank of India Large & MidCpEqRegQtIDCWP,High,-2.96,1.11,44.05,23.84,0.38
Bank of India Large & MidCpEqRegQtIDCWR,High,-2.96,1.11,44.05,23.84,0.38
Mirae Asset Midcap Dir IDCW-P,Average,-2.97,0.95,94.57,16.95,0.86
Mirae Asset Midcap Dir IDCW-R,Average,-2.97,0.95,94.57,16.95,0.86
Sundaram Large Cap Reg IDCW-R,Low,-2.98,0.88,94.43,12.53,0.47
Aditya BSL PSU Equity Reg Gr,–,-3,0.97,96.64,22.36,1.07
Bandhan Bkg & PSU Dbt Reg Dl IDCW-R,Average,-3.02,1.07,35.23,1.4,-1.36
Aditya BSL Small Cap Gr,Above Average,-3.03,0.87,94.22,17.91,0.77
Edelweiss Money Market Instl IDCW-R,–,-3.03,5.67,17,2.71,–
PGIM India Flexi Cap Reg IDCW-P,Average,-3.04,0.88,90.65,13.44,0.52
PGIM India Flexi Cap Reg IDCW-R,Average,-3.04,0.88,90.65,13.44,0.52
LIC MF Healthcare Reg IDCW-T,–,-3.05,0.94,93.23,15.77,0.78
LIC MF Healthcare Reg IDCW-P,–,-3.05,0.94,93.23,15.77,0.78
LIC MF Healthcare Reg Gr,–,-3.05,0.94,93.23,15.76,0.78
LIC MF Healthcare Reg IDCW-R,–,-3.05,0.94,93.23,15.77,0.78
Axis Large Cap Fund IDCW-P,Below Average,-3.1,0.93,93.52,13.27,0.47
Axis Large Cap Fund IDCW-R,Below Average,-3.1,0.93,93.52,13.27,0.47
DSP Midcap Dir Gr,Below Average,-3.14,0.95,90.41,17.34,0.83
LIC MF Childrens Dir,–,-3.15,1.29,79.06,13.98,0.48
Taurus Discovery (Midcap) Dir IDCW-P,Average,-3.2,0.96,90.33,17.49,0.83
Taurus Discovery (Midcap) Dir Gr,Average,-3.2,0.95,90.32,17.49,0.83
Taurus Discovery (Midcap) Dir IDCW-R,Average,-3.2,0.96,90.33,17.49,0.83
Axis Aggresive Hybrid Fund Reg Gr,Above Average,-3.21,1.14,93.19,11.35,0.49
Sundaram Low Duration Dir Wk IDCW-R,–,-3.23,-1.31,1.08,0.68,-3.46
LIC MF Conservative Hybrid Qt IDCW-P,Below Average,-3.25,1.07,80.65,3.8,0.05
LIC MF Conservative Hybrid Dir Mn IDCW-P,Below Average,-3.25,1.03,79.42,3.67,0.02
LIC MF Conservative Hybrid Dir Mn IDCW-R,Below Average,-3.25,1.03,79.42,3.67,0.02
LIC MF Conservative Hybrid Qt IDCW-R,Below Average,-3.25,1.07,80.65,3.8,0.05
UTI Flexi Cap Dir Gr,Average,-3.26,0.88,83.16,13.98,0.48
Aditya BSL Mid Cap IDCW-P,Average,-3.27,0.88,90.19,16.24,0.81
Aditya BSL Mid Cap IDCW-R,Average,-3.27,0.88,90.19,16.24,0.81
Mirae Asset Healthcare Reg IDCW-P,–,-3.29,1,96.71,16.55,0.79
Mirae Asset Healthcare Reg IDCW-R,–,-3.29,1,96.71,16.55,0.79
PGIM India ELSS Tax Saver Reg IDCW-P,Below Average,-3.3,0.75,73.93,12.45,0.39
UTI Flexi Cap Dir IDCW-P,Average,-3.3,0.88,83.19,13.98,0.48
UTI Flexi Cap Dir IDCW-R,Average,-3.3,0.88,83.19,13.98,0.48
Mirae Asset Liquid Dir DlIDCW-R,–,-3.32,2.08,2.49,0.95,-2.75
Bandhan Low Duration Dir Dl IDCW-R,Above Average,-3.33,4.72,9.36,1.13,-1.78
Bandhan Floating Rate Reg Dl IDCW-R,Above Average,-3.33,4.81,10.02,1.13,-1.8
Baroda BNP P Ultra Shrt Dur RegWlyICDW-P,High,-3.33,2.88,4.99,1.04,-2.61
PGIM India Liquid Dv Wk IDCW-P,–,-3.36,0.8,22.66,0.31,-9.84
PGIM India Liquid Dv Wk IDCW-R,–,-3.36,0.8,22.66,0.31,-9.84
UTI Liquid Dir Dl IDCW-R,–,-3.37,1.6,1.32,1,-2.77
Axis Aggresive Hybrid Fund Dir Qt IDCW-R,Above Average,-3.37,1.12,91.76,11.27,0.47
Axis Aggresive Hybrid Fund Dir Qt IDCW-P,Above Average,-3.37,1.12,91.76,11.27,0.47
DSP Midcap Dir IDCW-P,Below Average,-3.4,0.95,90.45,17.39,0.82
DSP Midcap Dir IDCW-R,Below Average,-3.4,0.95,90.45,17.39,0.82
Canara Robeco Small Cap Reg IDCW-P,Below Average,-3.4,0.78,92.01,16.35,0.72
Canara Robeco Small Cap Reg IDCW-R,Below Average,-3.4,0.78,92.01,16.35,0.72
Mirae Asset Focused Reg Gr,Below Average,-3.4,0.81,85.69,12.75,0.46
Canara Robeco Small Cap Reg Gr,Low,-3.41,0.79,93.82,16.23,0.73
Aditya BSL Small Cap IDCW-P,Above Average,-3.42,0.87,93.8,17.89,0.75
PGIM India Liquid Dv Mn IDCW-P,–,-3.42,0.26,1.07,0.51,-6.45
Aditya BSL Small Cap IDCW-R,Above Average,-3.42,0.87,93.8,17.89,0.75
PGIM India Liquid Dv Mn IDCW-R,–,-3.42,0.26,1.07,0.51,-6.45
PGIM India Large Cap Wlth Pl IDCW-P,–,-3.43,0.96,94.4,12.36,–
Parag Parikh Liquid Dir Wk IDCW-R,–,-3.43,3.54,8.81,0.98,-2.76
PGIM India Large Cap Wlth Pl IDCW-R,–,-3.43,0.96,94.4,12.36,–
Bandhan Money Manager Reg Dl IDCW-P,Above Average,-3.45,3.98,8.17,1.02,-2.27
LIC MF Conservative Hybrid Yr IDCW-P,Below Average,-3.45,0.69,22.83,4.59,-0.27
Bandhan Money Manager Reg Dl IDCW-R,Above Average,-3.45,3.98,8.17,1.02,-2.27
LIC MF Conservative Hybrid Yr IDCW-R,Below Average,-3.45,0.69,22.83,4.59,-0.27
DSP US Flexible Equity FoF Reg Gr,–,-3.46,0.93,83.04,16.79,0.43
Axis Aggresive Hybrid Fund Reg Mn IDCW-R,Above Average,-3.46,1.14,93.42,11.28,0.46
Axis Aggressive Hybrid Fund Reg MnIDCW-P,Above Average,-3.46,1.14,93.42,11.28,0.46
Mirae Asset Midcap Reg Gr,Average,-3.46,0.94,94.94,16.88,0.83
Bandhan Low Duration Reg Dl IDCW-P,Above Average,-3.47,4.7,9.8,1.1,-1.96
Bandhan Low Duration Reg Dl IDCW-R,Above Average,-3.47,4.7,9.8,1.1,-1.96
Parag Parikh Liquid Reg Wk IDCW-R,–,-3.48,3.49,8.86,0.97,-2.87
UTI Floater Dir Qt IDCW-R,Average,-3.5,6.44,16.28,1.21,-1.5
UTI Floater Dir Qt IDCW-P,Average,-3.5,6.44,16.28,1.21,-1.5
PGIM India Liquid Instl Dl IDCW-R,–,-3.51,0.75,27.47,0.25,-12.35
Kotak Small Cap Reg IDCW-P,Average,-3.53,0.82,90.94,17.12,0.72
Kotak Small Cap Reg Gr,Average,-3.53,0.82,90.94,17.11,0.72
Kotak Small Cap Reg IDCW-R,Average,-3.53,0.82,90.94,17.12,0.72
Franklin Ind Feeder-Frank US Opp Dir Gr,–,-3.55,1.02,95.89,19.5,0.67
Franklin Ind Feeder-Frank USOppDirIDCW-P,–,-3.55,1.02,95.89,19.5,0.67
Franklin Ind Feeder-Frank USOppDirIDCW-R,–,-3.55,1.02,95.89,19.5,0.67
Taurus Discovery (Midcap) Gr,Average,-3.56,0.95,90.32,17.48,0.81
Taurus Discovery (Midcap) IDCW-P,Average,-3.57,0.95,90.33,17.49,0.81
Taurus Discovery (Midcap) IDCW-R,Average,-3.57,0.95,90.33,17.49,0.81
Bandhan Bond M/T Reg Dl IDCW-P,Average,-3.58,1.33,30.61,1.92,-1.17
Union Small Cap Reg IDCW-P,Average,-3.58,0.84,86.78,18.12,0.7
Union Small Cap Reg IDCW-R,Average,-3.58,0.84,86.78,18.12,0.7
Bandhan Bond M/T Reg Dl IDCW-R,Average,-3.58,1.33,30.61,1.92,-1.17
Union Small Cap Reg Gr,Average,-3.59,0.84,86.78,18.13,0.7
TrustMF Short Duration Reg Wk IDCW-R,Average,-3.59,1.1,76.14,1.01,-2.47
Aditya BSL PSU Eq Reg IDCW-P,–,-3.59,0.97,96.7,22.43,1.04
Edelweiss Emer Mkt Opp Reg Gr,–,-3.6,0.98,95.72,15.82,-0.04
SBI Intl Access - US Equity FoF Reg Gr,–,-3.6,1.07,94.65,17.84,0.5
SBI Intl Access - US Equity FoFRegIDCW-R,–,-3.61,1.07,94.65,17.84,0.5
SBI Intl Access - US Equity FoFRegIDCW-P,–,-3.61,1.07,94.65,17.84,0.5
DSP US Flexible Equity FoF Reg IDCW-P,–,-3.63,0.93,82.88,16.78,0.42
DSP US Flexible Equity FoF Reg IDCW-R,–,-3.63,0.93,82.88,16.78,0.42
Mirae Asset Focused Reg IDCW-R,Below Average,-3.63,0.81,85.41,12.79,0.44
Mirae Asset Focused Reg IDCW-P,Below Average,-3.63,0.81,85.41,12.79,0.44
PGIM India Hyb Eq Dir Qt IDCW-P,–,-3.65,1.17,96.27,17.39,0.26
PGIM India Hyb Eq Dir Qt IDCW-R,–,-3.65,1.17,96.27,17.39,0.26
Bandhan Bond M/T Dir Dl IDCW-R,Average,-3.65,1.52,38.04,1.95,-1.08
Axis Aggresive Hybrid Fund Reg IDCW-P,Above Average,-3.66,1.15,94.05,11.39,0.45
Axis Aggresive Hybrid Fund Reg IDCW-R,Above Average,-3.66,1.15,94.05,11.39,0.45
UTI Mid Cap Reg IDCW-P,Below Average,-3.73,0.9,92.25,16.37,0.8
UTI Mid Cap Reg Gr,Below Average,-3.73,0.9,92.25,16.37,0.8
UTI Mid Cap Reg IDCW-R,Below Average,-3.73,0.9,92.25,16.37,0.8
Bandhan Credit Risk Dir Hlf Yrly IDCW-P,–,-3.81,1.19,43.86,3.02,–
Bandhan Credit Risk Dir Hlf Yrly IDCW-R,–,-3.81,1.19,43.86,3.02,–
LIC MF Childrens Fd,–,-3.81,1.29,79.07,13.96,0.44
Invesco India ESG Int StgyDir IDCW-R,Above Average,-3.83,0.86,63.8,15.37,0.23
Kotak Debt Hybrid Dir Qt IDCW-P,–,-3.84,1.5,76.8,7.06,–
Kotak Debt Hybrid Dir Qt IDCW-R,–,-3.84,1.5,76.8,7.06,–
Bandhan Cnsrv Hyb Reg IDCW-P,Average,-3.86,1.22,67.5,4.7,0.01
Bandhan Cnsrv Hyb Reg IDCW-R,Average,-3.86,1.22,67.5,4.7,0.01
PGIM India Small Cap Dir Gr,Below Average,-3.87,0.75,86.04,16.17,0.66
Union Liquid Unclmd Redem Beyond 3 Yrs,–,-3.88,-0.2,0.35,0.57,–
HSBC Liquid Unclmd Red Above 3 Yrs,–,-3.88,-1.31,27.46,–,–
HSBC Liquid Unclmd Div Above 3 Yrs,–,-3.88,-1.31,27.46,–,–
PGIM India Ultra S/D Rg Pl Dl IDCW-R,–,-3.89,2.88,21.44,1.08,-2.03
Nippon India Japan Equity Dir Bns,–,-3.93,1.09,92.15,15.14,0.4
Nippon India Japan Equity Dir IDCW-P,–,-3.93,1.09,92.15,15.14,0.4
Nippon India Japan Equity Dir Gr,–,-3.93,1.09,92.15,15.14,0.4
Nippon India Japan Equity Dir IDCW-R,–,-3.93,1.09,92.15,15.14,0.4
Union Liquid Unclmd Div Beyond 3 Yrs,–,-3.93,-0.08,0.05,0.57,–
Bandhan Credit Risk Dir Prd IDCW-R,–,-3.94,1.18,11.48,5.48,–
JM Liquid Unclmd Div IEF Dir Gr,–,-3.95,-1.71,46.85,–,–
JM Liquid Unclmd Redem IEF Dir Gr,–,-3.95,-1.71,46.82,–,–
Edelweiss Liquid Unclmd Div > 3 Yrs,–,-3.96,-1.78,48.67,–,–
Edelweiss Liquid Unclmd Red > 3 Yrs,–,-3.96,-1.78,48.67,–,–
Bank of India Liquid Unclmd Div >3Yrs,–,-3.96,-1.78,48.67,–,–
Bank of India Liquid Unclmd Red >3Yrs,–,-3.96,-1.78,48.67,–,–
PGIM India Midcap Opps Fund Dir IDCW-P,Average,-3.97,0.8,85.88,15.11,0.72
PGIM India Midcap Opps Fund Dir Gr,Average,-3.97,0.8,85.89,15.12,0.72
PGIM India Midcap Opps Fund Dir IDCW-R,Average,-3.97,0.8,85.88,15.11,0.72
Shriram ELSS Tax Saver Reg IDCW-P,Average,-3.97,0.96,75.89,15.7,0.41
PGIM India Liquid Unclmd Red > 3 Yrs,–,-3.99,-1.85,54.19,0,-13.47
DSP Savings Unclmd Div > 3 Yrs,–,-3.99,-1.85,54.19,0.01,–
DSP Savings Unclmd Red Beyond 3 Yrs,–,-3.99,-1.85,54.19,0.01,–
UTI Flexi Cap Reg Gr,Average,-4,0.88,83.12,13.97,0.43
Shriram ELSS Tax Saver Reg Gr,Average,-4,0.96,75.9,15.7,0.4
Aditya BSL Intl Equity Dir IDCW-P,–,-4.03,0.9,82.57,15.01,0.36
UTI Flexi Cap Reg IDCW-P,Average,-4.03,0.88,83.16,13.98,0.42
Aditya BSL Intl Equity Dir Gr,–,-4.03,0.9,82.57,15.01,0.36
UTI Flexi Cap Reg IDCW-R,Average,-4.03,0.88,83.16,13.98,0.42
Aditya BSL Intl Equity Dir IDCW-R,–,-4.03,0.9,82.57,15.01,0.36
DSP Liquidity Dir Wk IDCW-R,–,-4.06,-3.36,9.3,0.58,-5.41
DSP Midcap Reg Gr,Below Average,-4.1,0.95,90.41,17.33,0.78
PGIM India Small Cap Dir IDCW-P,Below Average,-4.11,0.75,86.05,16.09,0.64
PGIM India Small Cap Dir IDCW-R,Below Average,-4.11,0.75,86.05,16.09,0.64
Mirae Asset Midcap Reg IDCW-R,Average,-4.12,0.95,94.54,16.95,0.79
Mirae Asset Midcap Reg IDCW-P,Average,-4.12,0.95,94.54,16.95,0.79
PGIM India Hyb Eq Wlth Pl Gr Opt,–,-4.15,0.96,87.68,8.61,–
DSP Quant Dir Gr,–,-4.17,0.94,90.17,14.12,0.42
Kotak M/T Dir Qt IDCW-R,–,-4.18,1.74,46.05,3.99,–
UTI Floater Reg Qt IDCW-P,Above Average,-4.22,6.61,14.97,1.3,-1.92
UTI Floater Reg Qt IDCW-R,Above Average,-4.22,6.61,14.97,1.3,-1.92
HSBC Global Emerging Markets Dir Gr,–,-4.27,1.02,91.56,16.83,-0.04
Sundaram Ultra Shrt Dur Wk IDCW-P,–,-4.28,-1.25,1.85,0.5,-6.19
Sundaram Ultra Shrt Dur Wk IDCW-R,–,-4.28,-1.25,1.85,0.5,-6.19
Shriram Flexi Cap Reg IDCW-R,Average,-4.33,0.99,80.08,16.02,0.43
Shriram Flexi Cap Reg IDCW-P,Average,-4.33,0.99,80.08,16.02,0.43
HSBC Global Emerging Markets Dir IDCW-R,–,-4.34,1.02,91.56,16.84,-0.05
Shriram Flexi Cap Reg Gr,Average,-4.34,0.99,80.08,16.01,0.43
DSP Midcap Reg IDCW-P,Below Average,-4.35,0.95,90.45,17.38,0.76
DSP Midcap Reg IDCW-R,Below Average,-4.35,0.95,90.45,17.38,0.76
DSP Quant Dir IDCW-P,–,-4.35,0.94,90.28,14.14,0.41
DSP Quant Dir IDCW-R,–,-4.35,0.94,90.28,14.14,0.41
Kotak M/T Dir Qt IDCW-P,–,-4.44,1.76,49.18,4.06,–
LIC MF Conservative Hybrid Mn IDCW-P,Below Average,-4.46,1.05,78.6,3.74,-0.29
LIC MF Conservative Hybrid Mn IDCW-R,Below Average,-4.46,1.05,78.6,3.74,-0.29
Franklin Ind Feeder-Frank US Opp Gr,–,-4.52,1.02,95.89,19.49,0.62
Franklin Ind Feeder-Frank US Opp IDCW-P,–,-4.52,1.02,95.89,19.49,0.62
Franklin Ind Feeder-Frank US Opp IDCW-R,–,-4.52,1.02,95.89,19.49,0.62
Kotak International REIT FOF Dir IDCW-R,–,-4.54,0.83,92.57,19.38,-0.21
Kotak International REIT FOF Dir IDCW-P,–,-4.54,0.83,92.57,19.38,-0.21
Kotak International REIT FOF Dir Gr,–,-4.54,0.83,92.57,19.38,-0.21
PGIM India Liquid Dv Dl IDCW-R,–,-4.56,0.19,0.33,0.59,-7.78
ICICI Pru US Bluechip Equity Dir Gr,–,-4.63,1.02,81.57,18.31,0.4
ICICI Pru US Bluechip Equity Dir IDCW-P,–,-4.63,1.02,81.56,18.31,0.4
ICICI Pru US Bluechip Equity Dir IDCW-R,–,-4.63,1.02,81.56,18.31,0.4
Motilal Oswal Focused Dir Gr,Above Average,-4.65,1.1,75.02,18.51,0.42
Aditya BSL Intl Equity Gr,–,-4.68,0.9,82.54,15.02,0.32
Axis Aggresive Hybrid Fund Reg Qt IDCW-R,Above Average,-4.68,1.12,91.28,11.27,0.35
Axis Aggresive Hybrid Fund Reg Qt IDCW-P,Above Average,-4.68,1.12,91.28,11.27,0.35
Axis Focused Dir Gr,Above Average,-4.75,0.99,83.34,15.7,0.41
Nippon India Vision Instl IDCW-P,–,-4.84,1.09,86.55,16.11,–
Nippon India Vision Instl IDCW-R,–,-4.84,1.09,86.55,16.11,–
Kotak Debt Hybrid Reg Qt IDCW-P,–,-4.86,1.49,77.08,7.01,–
Kotak Debt Hybrid Reg Qt IDCW-R,–,-4.86,1.49,77.08,7.01,–
Baroda BNP P Money Market Dir Mly IDCW-P,High,-4.87,6.83,21.61,1.15,-2.76
Baroda BNP P Money Market Dir Mly IDCW-R,High,-4.87,6.83,21.61,1.15,-2.76
DSP Quant Reg Gr,–,-4.9,0.94,90.17,14.11,0.37
PGIM India Hyb Eq Wlth Pl IDCW-P,–,-4.96,0.97,87.46,8.73,–
PGIM India Hyb Eq Wlth Pl IDCW-R,–,-4.96,0.97,87.46,8.73,–
HSBC Global Emerging Markets Gr,–,-4.97,1.02,91.55,16.82,-0.09
Edelweiss US Value Equity Offshore Dr Gr,–,-4.97,0.79,74.2,15.02,0.27
Axis Focused Dir IDCW-P,Above Average,-5.02,0.99,83.32,15.79,0.39
Axis Focused Dir IDCW-R,Above Average,-5.02,0.99,83.32,15.79,0.39
PGIM India Hyb Eq Qt IDCW-P,–,-5.05,1.16,96.39,17.31,0.18
Mirae Asset Low Duration Reg Dl IDCW-R,–,-5.05,5.03,2.64,5.25,-0.35
PGIM India Hyb Eq Qt IDCW-R,–,-5.05,1.16,96.39,17.31,0.18
DSP Quant Reg IDCW-P,–,-5.08,0.94,90.27,14.13,0.36
DSP Quant Reg IDCW-R,–,-5.08,0.94,90.27,14.13,0.36
Motilal Oswal Focused Dir IDCW-P,Above Average,-5.1,1.1,75.02,18.46,0.4
Motilal Oswal Focused Dir IDCW-R,Above Average,-5.1,1.1,75.02,18.46,0.4
Nippon India Japan Equity Reg Bns,–,-5.14,1.09,92.14,15.12,0.32
Nippon India Japan Equity Reg IDCW-P,–,-5.14,1.09,92.14,15.12,0.32
Nippon India Japan Equity Reg Gr,–,-5.14,1.09,92.14,15.12,0.32
Nippon India Japan Equity Reg IDCW-R,–,-5.14,1.09,92.14,15.12,0.32
Aditya BSL Intl Equity IDCW-P,–,-5.16,0.9,82.51,15.09,0.29
PGIM India Ultra S/D Rg Pl Mn IDCW-P,–,-5.16,4.94,26.55,1.67,–
PGIM India Ultra S/D Rg Pl Mn IDCW-R,–,-5.16,4.94,26.55,1.67,–
Aditya BSL Intl Equity IDCW-R,–,-5.16,0.9,82.51,15.09,0.29
Kotak M/T Reg Qt IDCW-P,–,-5.18,1.74,49.17,4.03,–
Kotak M/T Reg Qt IDCW-R,–,-5.18,1.74,49.17,4.03,–
Bandhan Overnight Reg Wk IDCW-P,–,-5.19,2.6,5.52,0.85,-5.32
PGIM India Midcap Opps Fund Reg Gr,Average,-5.31,0.8,85.89,15.11,0.64
HSBC Global Emerging Markets IDCW-P,–,-5.34,1.02,91.86,16.79,-0.11
HSBC Global Emerging Markets IDCW-R,–,-5.34,1.02,91.86,16.79,-0.11
Kotak International REIT FOF Reg IDCW-R,–,-5.42,0.83,92.58,19.37,-0.25
Kotak International REIT FOF Reg IDCW-P,–,-5.42,0.83,92.58,19.37,-0.25
Kotak International REIT FOF Reg Gr,–,-5.42,0.83,92.58,19.37,-0.25
PGIM India Small Cap Reg Gr,Below Average,-5.49,0.75,85.9,16.17,0.56
ICICI Pru US Bluechip Equity IDCW-P,–,-5.53,1.02,81.62,18.3,0.35
ICICI Pru US Bluechip Equity Gr,–,-5.53,1.02,81.64,18.31,0.35
ICICI Pru US Bluechip Eq IDCW-R,–,-5.53,1.02,81.62,18.3,0.35
Baroda BNP P Dynamic Bond Dir HY IDCW-P,–,-5.6,-0.03,2.36,0.01,-13.49
Baroda BNP P Dynamic Bond Dir HY IDCW-R,–,-5.6,-0.03,2.36,0.01,-13.49
Invesco India ESG Int StgyReg IDCW-R,Above Average,-5.67,0.85,61.79,15.52,0.11
Axis Focused Gr,Above Average,-5.72,0.99,83.34,15.7,0.35
PGIM India Small Cap Reg IDCW-R,Below Average,-5.73,0.75,85.92,16.1,0.54
PGIM India Small Cap Reg IDCW-P,Below Average,-5.73,0.75,85.92,16.1,0.54
Motilal Oswal Focused Reg Gr,Above Average,-5.81,1.1,75.04,18.49,0.36
Franklin Ind Fdr TmpltnEurpOppsDirIDCW-P,–,-5.83,0.98,82.44,18.19,0.22
Franklin Ind Fdr Tmpltn Eurp Opps Dir Gr,–,-5.83,0.98,82.44,18.19,0.22
Franklin Ind Fdr TmpltnEurpOppsDirIDCW-R,–,-5.83,0.98,82.44,18.19,0.22
Edelweiss US Value Equity Offshore Rg Gr,–,-5.87,0.79,74.2,15.01,0.21
Bandhan Bond S/T Reg Qt IDCW-R,Above Average,-5.93,1.35,15.37,2.71,-1.67
DSP Banking & PSU Debt Dir WlyIDCW-R,–,-5.94,0.16,7.33,0.5,-10.1
Axis Focused IDCW-P,Above Average,-5.99,0.99,83.32,15.79,0.33
Axis Focused IDCW-R,Above Average,-5.99,0.99,83.32,15.79,0.33
PGIM India Midcap Opps Fund Reg IDCW-P,Average,-6.06,0.8,85.94,15.08,0.59
PGIM India Midcap Opps Fund Reg IDCW-R,Average,-6.06,0.8,85.94,15.08,0.59
JM Liquid Withheld Brokerage IEF Dir Gr,–,-6.15,-0.76,4.67,0,-23.49
UTI Ultra Short Duration Reg HY IDCW-R,–,-6.18,-6.1,0.15,12.08,-0.61
Motilal Oswal Focused Reg IDCW-P,Above Average,-6.2,1.1,75.03,18.44,0.34
Motilal Oswal Focused Reg IDCW-R,Above Average,-6.2,1.1,75.03,18.44,0.34
Axis Greater China Equity FoF Dir IDCW-R,–,-6.23,1,93.79,25.61,-0.03
Axis Greater China Equity FoF Dir IDCW-P,–,-6.23,1,93.79,25.61,-0.03
Axis Greater China Equity FoF Dir Gr,–,-6.24,1,93.87,25.58,-0.03
UTI Low Duration Reg Wk IDCW-PDiscon),Above Average,-6.44,0.81,1.34,0.49,-11.64
UTI Low Duration Reg Wk IDCW-R(Discon),Above Average,-6.44,0.81,1.34,0.49,-11.64
Invesco India Liquid Unclmd Div > 3Yrs,–,-6.47,-0.09,0.17,0,-39.06
Franklin India Overnight UC IDCW Inv Edu,–,-6.47,-0.09,0.17,0.01,-39.21
Franklin India Overnight UC Red Inv Edu,–,-6.47,-0.09,0.17,0.01,-39.21
JM Overnight Dir Unclaimed Rdmpt IEF Gr,–,-6.47,-0.09,0.17,0,-39.06
JM Overnight Dir Unclaimed IDCW IEF Gr,–,-6.47,-0.09,0.17,0,-39.06
JM Liquid Unclmd Apltn Rfd Amt IEF DirGr,–,-6.47,-0.09,0.17,0,-39.02
Taurus Liquid Inv Edu Pool Unclmd Red Gr,–,-6.47,-0.09,0.17,0.01,-39.21
Taurus Liquid Inv Edu Pool Unclmd Div Gr,–,-6.47,-0.09,0.17,0.01,-39.21
Invesco India Liquid Unclmd Redem > 3Yrs,–,-6.47,-0.09,0.17,0,-39.06
Bank of India Overnight UncRedGrtrthan3Y,–,-6.47,-0.09,0.17,0,-39.06
Bandhan Liquid Unclmd Redem > 3 Yrs,–,-6.47,-0.09,0.17,0.08,-35.25
JM Liquid Unclmd Brokerage I.E.F. Dir Gr,–,-6.47,-0.09,0.17,0,-39.02
Union Overnight Unc Amts Red Byd 3 ys,–,-6.47,-0.09,0.17,0,-39.06
ICICI Pru Overnight Dir Unc IDCW Stb Sch,–,-6.47,-0.09,0.17,0,-39.06
ICICI Pru Overnight Dir Unc Red Stb Sch,–,-6.47,-0.09,0.17,0,-39.06
Bank of India OvernightUncIDCWGrtrthan3Y,–,-6.47,-0.09,0.17,0,-39.06
Bandhan Liquid Unclmd Div > 3 Yrs,–,-6.47,-0.09,0.17,0.08,-35.25
Union Overnight Unc Amts IDCW Byd 3 ys,–,-6.47,-0.09,0.17,0,-39.06
Baroda BNP P Overnight C Unc IDCW >3Yrs,–,-6.47,-0.09,0.17,0,-39.06
Edelweiss Overnight Unc IDCW Above 3 ys,–,-6.47,-0.09,0.17,0,-39.06
Baroda BNP P Overnight C Unc Red >3Yrs,–,-6.47,-0.09,0.17,0,-39.06
Franklin India Liquid Unclmd DivInvEduGr,–,-6.47,-0.09,0.17,0.01,-39.21
Franklin India Liquid Unclmd RedInvEduGr,–,-6.47,-0.09,0.17,0.01,-39.21
Mahindra Manu Overnight UC Rd/IDCWbynd3Y,–,-6.47,-0.09,0.17,0,-39.06
Navi Liquid Unclmd Red & Div > 3 Yrs,–,-6.47,-0.12,0.28,0.05,-38.11
DSP Overnight Unclaimed IDCW Bynd 3 yrs,–,-6.48,-0.06,0.07,0.01,-38.71
DSP Overnight Unclaimed Rdmpt Bynd 3 yrs,–,-6.48,-0.06,0.07,0.01,-38.71
Franklin Ind Fdr Tmpltn Eurp Opps IDCW-P,–,-6.7,0.98,82.45,18.18,0.17
Franklin Ind Fdr Tmpltn Eurp Opps Gr,–,-6.7,0.98,82.45,18.18,0.17
Franklin Ind Fdr Tmpltn Eurp Opps IDCW-R,–,-6.7,0.98,82.45,18.18,0.17
Axis Greater China Equity FoF Reg IDCW-R,–,-7.31,1,93.87,25.62,-0.07
Axis Greater China Equity FoF Reg IDCW-P,–,-7.31,1,93.87,25.62,-0.07
Axis Greater China Equity FoF Reg Gr,–,-7.31,1,93.71,25.55,-0.07
Edelweiss Greater China Eq Off-sh Dir Gr,–,-7.48,1.04,97.09,26.11,-0.07
Edelweiss Greater China Eq Off-sh Gr,–,-8.4,1.04,97.09,26.09,-0.1
Bank of India Cnsrv Hybrid Eco Qt IDCW-P,–,-9.49,1.02,23.97,9.02,-0.57
Bank of India Cnsrv Hybrid Eco Qt IDCW-R,–,-9.49,1.02,23.97,9.02,-0.57
Samco Flexi Cap Dir Gr,High,-10.22,1.08,67.84,19.03,0.11
Samco Flexi Cap Reg Gr,High,-11.72,1.08,68.01,19.05,0.03
Nippon India Strategic Debt Bns,–,-17.04,1.38,2.63,14.97,–
Aditya BSL FMP Ser UR 85 D Dir Gr,–,–,–,–,–,–
Aditya BSL FMP Ser UR 85 D Dir IDCW-P,–,–,–,–,–,–
Aditya BSL FMP Ser UR 85 D Reg Gr,–,–,–,–,–,–
Aditya BSL FMP Ser UR 85 D Reg IDCW-P,–,–,–,–,–,–
Aditya BSL FTP Ser TI Dir Gr,–,–,–,–,1.15,1.02
Aditya BSL FTP Ser TI Dir IDCW-P,–,–,–,–,1.15,1.02
Aditya BSL FTP Ser TI Reg Gr,–,–,–,–,1.16,0.93
Aditya BSL FTP Ser TI Reg IDCW-P,–,–,–,–,1.16,0.93
Aditya BSL FTP Ser TJ Dir Gr,–,–,–,–,1.18,1.07
Aditya BSL FTP Ser TJ Dir IDCW-P,–,–,–,–,1.18,1.07
Aditya BSL FTP Ser TJ Reg Gr,–,–,–,–,1.18,0.99
Aditya BSL FTP Ser TJ Reg IDCW-P,–,–,–,–,1.18,0.99
Aditya BSL FTP Ser UB Dir Gr,–,–,–,–,–,–
Aditya BSL FTP Ser UB Reg Gr,–,–,–,–,–,–
Aditya BSL FTP Ser UB Reg IDCW-P,–,–,–,–,–,–
Aditya BSL FTP Ser UF 180 D Dir Gr,–,–,–,–,–,–
Aditya BSL FTP Ser UF 180 D Dir IDCW-P,–,–,–,–,–,–
Aditya BSL FTP Ser UF 180 D Reg Gr,–,–,–,–,–,–
Aditya BSL FTP Ser UF 180 D Reg IDCW-P,–,–,–,–,–,–
Aditya BSL FTP Ser UJ 1110 D Dir Gr,–,–,–,–,–,–
Aditya BSL FTP Ser UJ 1110 D Dir IDCW-P,–,–,–,–,–,–
Aditya BSL FTP Ser UJ 1110 D Reg Gr,–,–,–,–,–,–
Aditya BSL FTP Ser UJ 1110 D Reg IDCW-P,–,–,–,–,–,–
Aditya BSL Intrvl Inc Qt Sr I Gr,–,–,–,–,0.24,1.61
Aditya BSL Intrvl Inc Qt Sr I Dir Gr,–,–,–,–,0.24,2.17
Aditya BSL Intrvl Inc Qt Sr I IDCW,–,–,–,–,0.24,1.4
Aditya BSL Intrvl Inc Qt Sr I IP IDCW,–,–,–,–,0.24,1.41
Aditya BSL FTP Ser TQ Dir Gr,–,–,–,–,1.35,1.07
Aditya BSL FTP Ser TQ Reg Gr,–,–,–,–,1.35,1.03
Aditya BSL FTP Ser TQ Reg IDCW-P,–,–,–,–,1.35,1.02
Axis FTP Ser 112 1143D Dir Gr,–,–,–,–,–,–
Axis FTP Ser 112 1143D Reg Gr,–,–,–,–,–,–
Axis FTP Ser 112 1143D Reg HY IDCW-P,–,–,–,–,–,–
Axis FTP Ser 112 1143D Reg Qt IDCW-P,–,–,–,–,–,–
Axis FTP Ser 113 1228D Dir Gr,–,–,–,–,–,–
Axis FTP Ser 113 1228D Dir Qt IDCW-P,–,–,–,–,–,–
Axis FTP Ser 113 1228D Reg Gr,–,–,–,–,–,–
Axis FTP Ser 113 1228D Reg HY IDCW-P,–,–,–,–,–,–
Axis FTP Ser 113 1228D Reg Qt IDCW-P,–,–,–,–,–,–
Bandhan FMP Ser 209 93 D Dir Gr,–,–,–,–,–,–
Bandhan FMP Ser 209 93 D Dir IDCW-P,–,–,–,–,–,–
Bandhan FMP Ser 209 93 D Reg Gr,–,–,–,–,–,–
Bandhan FMP Ser 209 93 D Reg IDCW-P,–,–,–,–,–,–
DSP FMP Ser 270 1144 D Dir Gr,–,–,–,–,–,–
DSP FMP Ser 270 1144 D Dir IDCW-P,–,–,–,–,–,–
DSP FMP Ser 270 1144 D Dir IDCW-R,–,–,–,–,–,–
DSP FMP Ser 270 1144 D Reg Gr,–,–,–,–,–,–
DSP FMP Ser 270 1144 D Reg IDCW-P,–,–,–,–,–,–
DSP FMP Ser 270 1144 D Reg IDCW-R,–,–,–,–,–,–
DSP FMP Ser 264 60M 17D Dir Gr,–,–,–,–,1.24,1.06
DSP FMP Ser 264 60M 17D Dir IDCW-P,–,–,–,–,1.24,1.06
DSP FMP Ser 264 60M 17D Dir IDCW-R,–,–,–,–,1.24,1.06
DSP FMP Ser 264 60M 17D Reg Gr,–,–,–,–,1.24,0.94
DSP FMP Ser 264 60M 17D Reg IDCW-P,–,–,–,–,1.24,0.94
DSP FMP Ser 264 60M 17D Reg IDCW-R,–,–,–,–,1.24,0.94
DSP FMP Series 267 - 1246D Dir Gr,–,–,–,–,–,–
DSP FMP Series 267 - 1246D Dir IDCW-P,–,–,–,–,–,–
DSP FMP Series 267 - 1246D Dir IDCW-R,–,–,–,–,–,–
DSP FMP Series 267 - 1246D Reg Gr,–,–,–,–,–,–
DSP FMP Series 267 - 1246D Reg IDCW-P,–,–,–,–,–,–
DSP FMP Series 267 - 1246D Reg IDCW-R,–,–,–,–,–,–
DSP FMP Series 268 - 1281D Dir Gr,–,–,–,–,–,–
DSP FMP Series 268 - 1281D Dir IDCW-P,–,–,–,–,–,–
DSP FMP Series 268 - 1281D Dir IDCW-R,–,–,–,–,–,–
DSP FMP Series 268 - 1281D Reg Gr,–,–,–,–,–,–
DSP FMP Series 268 - 1281D Reg IDCW-P,–,–,–,–,–,–
DSP FMP Series 268 - 1281D Reg IDCW-R,–,–,–,–,–,–
HDFC Chrty Fd fr Cncr Cur 50% Dir IDCW-P,–,–,–,–,–,–
HDFC Chrty Fd fr Cncr Cur 50% Reg IDCW-P,–,–,–,–,–,–
HDFC Chrty Fd fr Cncr Cur 75% Dir IDCW-P,–,–,–,–,–,–
HDFC Chrty Fd fr Cncr Cur 75% Reg IDCW-P,–,–,–,–,–,–
HDFC FMP 1406D Aug22 (46) Dir Gr,–,–,–,–,–,–
HDFC FMP 1406D Aug22 (46) Dir Nrm IDCW-P,–,–,–,–,–,–
HDFC FMP 1406D Aug22 (46) Dir Qt IDCW-P,–,–,–,–,–,–
HDFC FMP 1406D Aug22 (46) Reg Gr,–,–,–,–,–,–
HDFC FMP 1406D Aug22 (46) Reg Nrm IDCW-P,–,–,–,–,–,–
HDFC FMP 1406D Aug22 (46) Reg Qt IDCW-P,–,–,–,–,–,–
HDFC FMP 1269D Mar 23 (47) Dir Gr,–,–,–,–,–,–
HDFC FMP 1269D Mar 23 (47) Dir Nm IDCW-P,–,–,–,–,–,–
HDFC FMP 1269D Mar 23 (47) Dir Qt IDCW-P,–,–,–,–,–,–
HDFC FMP 1269D Mar 23 (47) Reg Gr,–,–,–,–,–,–
HDFC FMP 1269D Mar 23 (47) Reg Nm IDCW-P,–,–,–,–,–,–
HDFC FMP 1269D Mar 23 (47) Reg Qt IDCW-P,–,–,–,–,–,–
HDFC FMP 1359D Sep 22 (46) Dir Gr,–,–,–,–,–,–
HDFC FMP 1359D Sep 22 (46) Dir Nm IDCW-P,–,–,–,–,–,–
HDFC FMP 1359D Sep 22 (46) Dir Qt IDCW-P,–,–,–,–,–,–
HDFC FMP 1359D Sep 22 (46) Reg Gr,–,–,–,–,–,–
HDFC FMP 1359D Sep 22 (46) Reg Nm IDCW-P,–,–,–,–,–,–
HDFC FMP 1359D Sep 22 (46) Reg Qt IDCW-P,–,–,–,–,–,–
HDFC FMP 1861D Mar2022(46) Dir Gr,–,–,–,–,1.32,1.17
HDFC FMP 1861D Mar2022(46) Dir Nm IDCW-P,–,–,–,–,1.32,1.17
HDFC FMP 1861D Mar2022(46) Dir Qt IDCW,–,–,–,–,1.96,0.2
HDFC FMP 1861D Mar2022(46) Reg Gr,–,–,–,–,1.32,1.05
HDFC FMP 1861D Mar2022(46) Reg Nm IDCW-P,–,–,–,–,1.32,1.05
HDFC FMP 1861D Mar2022(46) Reg Qt IDCW,–,–,–,–,1.93,0.13
HDFC FMP 1876D Mar2022(46) Dir Gr,–,–,–,–,1.36,1.13
HDFC FMP 1876D Mar2022(46) Dir Nm IDCW-P,–,–,–,–,1.36,1.13
HDFC FMP 1876D Mar2022(46) Dir Qt IDCW-P,–,–,–,–,2,0.19
HDFC FMP 1876D Mar2022(46) Reg Gr,–,–,–,–,1.37,1.02
HDFC FMP 1876D Mar2022(46) Reg Nm IDCW-P,–,–,–,–,1.37,1.02
HDFC FMP 1876D Mar2022(46) Reg Qt IDCW-P,–,–,–,–,1.98,0.12
HDFC FMP Sr 46 1158D Jul22 Dir Gr,–,–,–,–,–,–
HDFC FMP Sr 46 1158D Jul22 Dir Nm IDCW-P,–,–,–,–,–,–
HDFC FMP Sr 46 1158D Jul22 Dir Qt IDCW-P,–,–,–,–,–,–
HDFC FMP Sr 46 1158D Jul22 Reg Gr,–,–,–,–,–,–
HDFC FMP Sr 46 1158D Jul22 Reg Nm IDCW-P,–,–,–,–,–,–
HDFC FMP Sr 46 1158D Jul22 Reg Qt IDCW-P,–,–,–,–,–,–
HDFC FMP 1204D Dec 22(47) Dir Gr,–,–,–,–,–,–
HDFC FMP 1204D Dec 22(47) Dir Nrm IDCW-P,–,–,–,–,–,–
HDFC FMP 1204D Dec 22(47) Dir Qt IDCW-P,–,–,–,–,–,–
HDFC FMP 1204D Dec 22(47) Reg Gr,–,–,–,–,–,–
HDFC FMP 1204D Dec 22(47) Reg Nrm IDCW-P,–,–,–,–,–,–
HDFC FMP 1204D Dec 22(47) Reg Qt IDCW-P,–,–,–,–,–,–
HDFC FMP 2638D Feb23 (47) Dir Gr,–,–,–,–,–,–
HDFC FMP 2638D Feb23 (47) Dir Qt IDCW-P,–,–,–,–,–,–
HDFC FMP 2638D Feb23 (47) Reg Gr,–,–,–,–,–,–
HDFC FMP 2638D Feb23 (47) Reg Nrm IDCW-P,–,–,–,–,–,–
HDFC FMP 2638D Feb23 (47) Reg Qt IDCW-P,–,–,–,–,–,–
ICICI Pru FMP Ser 85 10Y I Dir Cum,–,–,–,–,1.61,1.49
ICICI Pru FMP Ser 85 10Y I Reg Cum,–,–,–,–,1.61,1.42
ICICI Pru FMP Ser 85 10Y I Reg Qt IDCW-P,–,–,–,–,1.61,1.36
ICICI Pru FMP Ser88 1226D F Dir Gr,–,–,–,–,–,–
ICICI Pru FMP Ser88 1226D F Dir HYIDCW-P,–,–,–,–,–,–
ICICI Pru FMP Ser88 1226D F Dir HYIDCW-T,–,–,–,–,–,–
ICICI Pru FMP Ser88 1226D F Dir QtIDCW-P,–,–,–,–,–,–
ICICI Pru FMP Ser88 1226D F Dir QtIDCW-T,–,–,–,–,–,–
ICICI Pru FMP Ser88 1226D F Reg Gr,–,–,–,–,–,–
ICICI Pru FMP Ser88 1226D F Reg HYIDCW-P,–,–,–,–,–,–
ICICI Pru FMP Ser88 1226D F Reg HYIDCW-T,–,–,–,–,–,–
ICICI Pru FMP Ser88 1226D F Reg QtIDCW-P,–,–,–,–,–,–
ICICI Pru FMP Ser88 1226D F Reg QtIDCW-T,–,–,–,–,–,–
ICICI Pru FMP Ser 88 1303D S Dir Gr,–,–,–,–,–,–
ICICI Pru FMP Ser 88 1303D S Dir IDCW-P,–,–,–,–,–,–
ICICI Pru FMP Ser 88 1303D S Reg Gr,–,–,–,–,–,–
ICICI Pru FMP Ser 88 1303D S Reg IDCW-P,–,–,–,–,–,–
Kotak FMP Ser 328 90D Dir Gr,–,–,–,–,–,–
Kotak FMP Ser 328 90D Dir IDCW-P,–,–,–,–,–,–
Kotak FMP Ser 328 90D Reg Gr,–,–,–,–,–,–
Kotak FMP Ser 328 90D Reg IDCW-P,–,–,–,–,–,–
Kotak FMP Ser 292 - 1735 Days Dir Gr,–,–,–,–,1.15,0.99
Kotak FMP Ser 292 - 1735 Days Dir IDCW-P,–,–,–,–,1.15,0.99
Kotak FMP Ser 292 - 1735 Days Reg Gr,–,–,–,–,1.15,0.73
Kotak FMP Ser 292 - 1735 Days Reg IDCW-P,–,–,–,–,1.15,0.73
Kotak FMP Ser 300 1223 days Dir Gr,–,–,–,–,–,–
Kotak FMP Ser 300 1223 days Dir IDCW-P,–,–,–,–,–,–
Kotak FMP Ser 300 1223 days Reg Gr,–,–,–,–,–,–
Kotak FMP Ser 300 1223 days Reg IDCW-P,–,–,–,–,–,–
Kotak FMP Ser 304 Dir Gr,–,–,–,–,–,–
Kotak FMP Ser 304 Dir IDCW-P,–,–,–,–,–,–
Kotak FMP Ser 304 Reg Gr,–,–,–,–,–,–
Kotak FMP Ser 304 Reg IDCW-P,–,–,–,–,–,–
Kotak FMP Series 305 Dir Gr,–,–,–,–,–,–
Kotak FMP Series 305 Dir IDCW-P,–,–,–,–,–,–
Kotak FMP Series 305 Reg Growth,–,–,–,–,–,–
Kotak FMP Series 305 Reg IDCW-P,–,–,–,–,–,–
Kotak FMP Series 306 Dir Gr,–,–,–,–,–,–
Kotak FMP Series 306 Dir IDCW-P,–,–,–,–,–,–
Kotak FMP Series 306 Reg Gr,–,–,–,–,–,–
Kotak FMP Series 306 Reg IDCW-P,–,–,–,–,–,–
Kotak FMP Series 308 1125D Dir Gr,–,–,–,–,–,–
Kotak FMP Series 308 1125D Dir IDCW-P,–,–,–,–,–,–
Kotak FMP Series 308 1125D Reg Gr,–,–,–,–,–,–
Kotak FMP Series 308 1125D Reg IDCW-P,–,–,–,–,–,–
Kotak FMP Series 310 1131D Dir Gr,–,–,–,–,–,–
Kotak FMP Series 310 1131D Reg Gr,–,–,–,–,–,–
Kotak FMP Series 310 1131D Reg IDCW-P,–,–,–,–,–,–
Kotak FMP Series 327 Dir Gr,–,–,–,–,–,–
Kotak FMP Series 327 Dir IDCW-P,–,–,–,–,–,–
Kotak FMP Series 327 Reg Gr,–,–,–,–,–,–
Kotak FMP Series 327 Regular IDCW-P,–,–,–,–,–,–
Kotak Monthly Intrvl Plan Ser 4 Dir Gr,–,–,–,–,–,–
Kotak Monthly Intrvl Plan Ser 4DirIDCW-P,–,–,–,–,–,–
Kotak Monthly Intrvl Plan Ser 4DirIDCW-R,–,–,–,–,–,–
Kotak Monthly Intrvl Plan Ser 4 Reg Gr,–,–,–,–,–,–
Kotak Monthly Intrvl Plan Ser 4RegIDCW-P,–,–,–,–,–,–
Kotak Monthly Intrvl Plan Ser 4RegIDCW-R,–,–,–,–,–,–
Kotak Qt Intrvl Ser 12 Dir Gr,–,–,–,–,–,–
Kotak Qt Intrvl Ser 12 Reg Gr,–,–,–,–,–,–
Kotak Qt Intrvl Ser 12 Reg IDCW-P,–,–,–,–,–,–
Kotak Qt Intrvl Ser 13 Dir Gr,–,–,–,–,–,–
Kotak Qt Intrvl Ser 13 Dir IDCW-P,–,–,–,–,–,–
Kotak Qt Intrvl Ser 13 Reg Gr,–,–,–,–,–,–
Kotak Qt Intrvl Ser 13 Reg IDCW-P,–,–,–,–,–,–
Nippon India FHF XLI Ser 8 Dir Gr,–,–,–,–,1.64,1.49
Nippon India FHF XLI Ser 8 Dir IDCW-P,–,–,–,–,1.64,1.49
Nippon India FHF XLI Ser 8 Reg Gr,–,–,–,–,1.65,1.31
Nippon India FHF XLI Ser 8 Reg IDCW-P,–,–,–,–,1.65,1.31
Nippon India FHF XLIII Ser 5 Dir Gr,–,–,–,–,1.5,1.48
Nippon India FHF XLIII Ser 5 Dir IDCW-P,–,–,–,–,1.5,1.48
Nippon India FHF XLIII Ser 5 Reg Gr,–,–,–,–,1.5,1.35
Nippon India FHF XLIII Ser 5 Reg IDCW-P,–,–,–,–,1.5,1.35
Nippon India FHF XLIV Ser 1 Dir Gr,–,–,–,–,–,–
Nippon India FHF XLIV Ser 1 Dir IDCW-P,–,–,–,–,–,–
Nippon India FHF XLIV Ser 1 Reg Gr,–,–,–,–,–,–
Nippon India FHF XLIV Ser 1 Reg IDCW-P,–,–,–,–,–,–
Nippon India FHF XLIV Ser 4 Dir Gr,–,–,–,–,–,–
Nippon India FHF XLIV Ser 4 Reg Gr,–,–,–,–,–,–
Nippon India FHF XLIV Ser 4 Reg IDCW-P,–,–,–,–,–,–
Nippon India FHF XLV Ser 4 Dir Gr,–,–,–,–,–,–
Nippon India FHF XLV Ser 4 Dir IDCW-P,–,–,–,–,–,–
Nippon India FHF XLV Ser 4 Reg Gr,–,–,–,–,–,–
Nippon India FHF XLV Ser 4 Reg IDCW-P,–,–,–,–,–,–
Nippon India FHF XLV Ser 5 Dir Gr,–,–,–,–,–,–
Nippon India FHF XLV Ser 5 Reg Gr,–,–,–,–,–,–
Nippon India FHF XLV Ser 5 Reg IDCW-P,–,–,–,–,–,–
Nippon India Interval Qt II Dir IDCW-P,–,–,–,–,0.24,1.6
Nippon India Interval Qt II Dir IDCW-R,–,–,–,–,0.24,1.6
Nippon India Interval Qt II Dir Gr,–,–,–,–,0.24,1.6
Nippon India Interval Qt II Gr,–,–,–,–,0.24,1.15
Nippon India Interval Qt II IDCW-P,–,–,–,–,0.24,1.16
Nippon India Interval Qt II IDCW-R,–,–,–,–,0.24,1.16
SBI FMP Ser 47 1434D Dir Gr,–,–,–,–,0.86,0.58
SBI FMP Ser 47 1434D Dir IDCW-P,–,–,–,–,0.86,0.58
SBI FMP Ser 47 1434D Reg Gr,–,–,–,–,0.87,0.42
SBI FMP Ser 47 1434D Reg IDCW-P,–,–,–,–,0.87,0.42
SBI FMP Ser 48 1458D Dir Gr,–,–,–,–,0.88,0.62
SBI FMP Ser 48 1458D Dir IDCW-P,–,–,–,–,0.88,0.62
SBI FMP Ser 48 1458D Dir IDCW-T,–,–,–,–,0.88,0.62
SBI FMP Ser 48 1458D Reg Gr,–,–,–,–,0.88,0.46
SBI FMP Ser 48 1458D Reg IDCW-P,–,–,–,–,0.88,0.46
SBI FMP Ser 48 1458D Reg IDCW-T,–,–,–,–,0.88,0.46
SBI FMP Ser 49 1823 Days Dir Gr,–,–,–,–,1.23,1.03
SBI FMP Ser 49 1823 Days Dir IDCW-P,–,–,–,–,1.23,1.03
SBI FMP Ser 49 1823 Days Dir IDCW-T,–,–,–,–,1.23,1.03
SBI FMP Ser 49 1823 Days Reg Gr,–,–,–,–,1.22,0.92
SBI FMP Ser 49 1823 Days Reg IDCW-P,–,–,–,–,1.22,0.92
SBI FMP Ser 49 1823 Days Reg IDCW-T,–,–,–,–,1.22,0.92
SBI FMP Ser 50 1843 Days Dir Gr,–,–,–,–,1.27,0.97
SBI FMP Ser 50 1843 Days Dir IDCW-P,–,–,–,–,1.27,0.97
SBI FMP Ser 50 1843 Days Reg Gr,–,–,–,–,1.27,0.84
SBI FMP Ser 50 1843 Days Reg IDCW-P,–,–,–,–,1.27,0.84
SBI FMP Ser 51 1846D Dir Gr,–,–,–,–,1.25,1.01
SBI FMP Ser 51 1846D Dir IDCW-P,–,–,–,–,1.26,1.01
SBI FMP Ser 51 1846D Dir IDCW-T,–,–,–,–,–,–
SBI FMP Ser 51 1846D Reg Gr,–,–,–,–,1.26,0.9
SBI FMP Ser 51 1846D Reg IDCW-P,–,–,–,–,1.26,0.9
SBI FMP Ser 51 1846D Reg IDCW-T,–,–,–,–,–,–
SBI FMP Ser 52 1848 D Dir Gr,–,–,–,–,1.22,1.04
SBI FMP Ser 52 1848 D Dir IDCW-P,–,–,–,–,1.22,1.04
SBI FMP Ser 52 1848 D Dir IDCW-T,–,–,–,–,1.22,1.04
SBI FMP Ser 52 1848 D Reg Gr,–,–,–,–,1.23,0.93
SBI FMP Ser 52 1848 D Reg IDCW-P,–,–,–,–,1.23,0.93
SBI FMP Ser 52 1848 D Reg IDCW-T,–,–,–,–,1.23,0.93
SBI FMP Ser 53 1839 D Dir Gr,–,–,–,–,1.26,1.06
SBI FMP Ser 53 1839 D Dir IDCW-P,–,–,–,–,1.26,1.06
SBI FMP Ser 53 1839 D Dir IDCW-T,–,–,–,–,1.26,1.06
SBI FMP Ser 53 1839 D Reg Gr,–,–,–,–,1.27,0.97
SBI FMP Ser 53 1839 D Reg IDCW-P,–,–,–,–,1.27,0.97
SBI FMP Ser 53 1839 D Reg IDCW-T,–,–,–,–,1.27,0.97
SBI FMP Ser 54 1842 D Dir Gr,–,–,–,–,1.28,1.08
SBI FMP Ser 54 1842 D Dir IDCW-P,–,–,–,–,1.29,1.08
SBI FMP Ser 54 1842 D Dir IDCW-T,–,–,–,–,1.29,1.08
SBI FMP Ser 54 1842 D Reg Gr,–,–,–,–,1.29,0.98
SBI FMP Ser 54 1842 D Reg IDCW-P,–,–,–,–,1.29,0.98
SBI FMP Ser 54 1842 D Reg IDCW-T,–,–,–,–,1.29,0.98
SBI FMP Ser 58 1842 D Dir Gr,–,–,–,–,1.26,1.13
SBI FMP Ser 58 1842 D Dir IDCW-P,–,–,–,–,1.26,1.13
SBI FMP Ser 58 1842 D Dir IDCW-T,–,–,–,–,1.26,1.13
SBI FMP Ser 58 1842 D Reg Gr,–,–,–,–,1.26,1.03
SBI FMP Ser 58 1842 D Reg IDCW-P,–,–,–,–,1.26,1.03
SBI FMP Ser 58 1842 D Reg IDCW-T,–,–,–,–,1.26,1.03
SBI FMP Ser 59 1618 D Dir Gr,–,–,–,–,1.38,0.59
SBI FMP Ser 59 1618 D Dir IDCW-P,–,–,–,–,1.37,0.59
SBI FMP Ser 59 1618 D Dir IDCW-T,–,–,–,–,1.37,0.59
SBI FMP Ser 59 1618 D Reg Gr,–,–,–,–,1.38,0.5
SBI FMP Ser 59 1618 D Reg IDCW-P,–,–,–,–,1.38,0.5
SBI FMP Ser 59 1618 D Reg IDCW-T,–,–,–,–,1.38,0.5
SBI FMP Ser 60 1878 D Dir Gr,–,–,–,–,1.28,1.19
SBI FMP Ser 60 1878 D Dir IDCW-P,–,–,–,–,1.28,1.19
SBI FMP Ser 60 1878 D Dir IDCW-T,–,–,–,–,1.28,1.19
SBI FMP Ser 60 1878 D Reg Gr,–,–,–,–,1.27,1.09
SBI FMP Ser 60 1878 D Reg IDCW-P,–,–,–,–,1.27,1.09
SBI FMP Ser 60 1878 D Reg IDCW-T,–,–,–,–,1.27,1.09
SBI FMP Ser 61 1927 D Dir Gr,–,–,–,–,1.36,1.15
SBI FMP Ser 61 1927 D Dir IDCW-P,–,–,–,–,1.35,1.15
SBI FMP Ser 61 1927 D Dir IDCW-T,–,–,–,–,1.35,1.15
SBI FMP Ser 61 1927 D Reg Gr,–,–,–,–,1.35,1.06
SBI FMP Ser 61 1927 D Reg IDCW-P,–,–,–,–,1.35,1.06
SBI FMP Ser 61 1927 D Reg IDCW-T,–,–,–,–,1.35,1.06
SBI FMP Ser 63 372 D Dir Gr,–,–,–,–,–,–
SBI FMP Ser 63 372 D Dir IDCW-P,–,–,–,–,–,–
SBI FMP Ser 63 372 D Reg Gr,–,–,–,–,–,–
SBI FMP Ser 63 372 D Reg IDCW-P,–,–,–,–,–,–
SBI FMP Ser 66 1361 D Dir Gr,–,–,–,–,–,–
SBI FMP Ser 66 1361 D Dir IDCW-P,–,–,–,–,–,–
SBI FMP Ser 66 1361 D Dir IDCW-T,–,–,–,–,–,–
SBI FMP Ser 66 1361 D Reg Gr,–,–,–,–,–,–
SBI FMP Ser 66 1361 D Reg IDCW-P,–,–,–,–,–,–
SBI FMP Ser 66 1361 D Reg IDCW-T,–,–,–,–,–,–
SBI FMP Ser 67 1467 D Dir Gr,–,–,–,–,–,–
SBI FMP Ser 67 1467 D Dir IDCW-P,–,–,–,–,–,–
SBI FMP Ser 67 1467 D Dir IDCW-T,–,–,–,–,–,–
SBI FMP Ser 67 1467 D Reg Gr,–,–,–,–,–,–
SBI FMP Ser 67 1467 D Reg IDCW-P,–,–,–,–,–,–
SBI FMP Ser 67 1467 D Reg IDCW-T,–,–,–,–,–,–
SBI FMP Ser 72 1239D Dir Gr,–,–,–,–,–,–
SBI FMP Ser 72 1239D Dir IDCW-P,–,–,–,–,–,–
SBI FMP Ser 72 1239D Dir IDCW-T,–,–,–,–,–,–
SBI FMP Ser 72 1239D Reg Gr,–,–,–,–,–,–
SBI FMP Ser 72 1239D Reg IDCW-P,–,–,–,–,–,–
SBI FMP Ser 72 1239D Reg IDCW-T,–,–,–,–,–,–
SBI FMP Ser 74 1243 Days Dir Gr,–,–,–,–,–,–
SBI FMP Ser 74 1243 Days Dir IDCW-P,–,–,–,–,–,–
SBI FMP Ser 74 1243 Days Dir IDCW-T,–,–,–,–,–,–
SBI FMP Ser 74 1243 Days Reg Gr,–,–,–,–,–,–
SBI FMP Ser 74 1243 Days Reg IDCW-P,–,–,–,–,–,–
SBI FMP Ser 74 1243 Days Reg IDCW-T,–,–,–,–,–,–
SBI FMP Ser 1 3668D Dir Gr,–,–,–,–,1.64,1.47
SBI FMP Ser 1 3668D Dir IDCW-P,–,–,–,–,1.63,1.48
SBI FMP Ser 1 3668D Reg Gr,–,–,–,–,1.64,1.38
SBI FMP Ser 1 3668D Reg IDCW-P,–,–,–,–,1.64,1.38
SBI FMP Ser 42 1857D Dir Gr,–,–,–,–,1.12,0.84
SBI FMP Ser 42 1857D Dir IDCW-P,–,–,–,–,1.11,0.84
SBI FMP Ser 42 1857D Reg Gr,–,–,–,–,1.11,0.7
SBI FMP Ser 42 1857D Reg IDCW-P,–,–,–,–,1.11,0.7
SBI FMP Ser 44 1855D Dir Gr,–,–,–,–,1.21,0.91
SBI FMP Ser 44 1855D Dir IDCW-P,–,–,–,–,1.21,0.91
SBI FMP Ser 44 1855D Reg Gr,–,–,–,–,1.21,0.8
SBI FMP Ser 44 1855D Reg IDCW-P,–,–,–,–,1.21,0.8
SBI FMP Ser 45 1840D Dir Gr,–,–,–,–,1.16,0.95
SBI FMP Ser 45 1840D Dir IDCW-P,–,–,–,–,1.16,0.95
SBI FMP Ser 45 1840D Reg Gr,–,–,–,–,1.16,0.84
SBI FMP Ser 45 1840D Reg IDCW-P,–,–,–,–,1.16,0.84
SBI FMP Ser 46 1850D Dir Gr,–,–,–,–,1.2,0.88
SBI FMP Ser 46 1850D Dir IDCW-P,–,–,–,–,1.2,0.88
SBI FMP Ser 46 1850D Dir IDCW-T,–,–,–,–,1.2,0.88
SBI FMP Ser 46 1850D Reg Gr,–,–,–,–,1.2,0.77
SBI FMP Ser 46 1850D Reg IDCW-P,–,–,–,–,1.2,0.77
SBI FMP Ser 46 1850D Reg IDCW-T,–,–,–,–,1.2,0.77
SBI FMP Ser 55 1849D Dir Gr,–,–,–,–,1.29,1.06
SBI FMP Ser 55 1849D Dir IDCW-P,–,–,–,–,1.3,1.06
SBI FMP Ser 55 1849D Dir IDCW-T,–,–,–,–,1.3,1.06
SBI FMP Ser 55 1849D Reg Gr,–,–,–,–,1.3,0.97
SBI FMP Ser 55 1849D Reg IDCW-P,–,–,–,–,1.3,0.97
SBI FMP Ser 55 1849D Reg IDCW-T,–,–,–,–,1.3,0.97
SBI FMP Ser 57 1835D Dir Gr,–,–,–,–,1.32,1.06
SBI FMP Ser 57 1835D Dir IDCW-P,–,–,–,–,1.32,1.06
SBI FMP Ser 57 1835D Dir IDCW-T,–,–,–,–,1.32,1.06
SBI FMP Ser 57 1835D Reg Gr,–,–,–,–,1.33,0.96
SBI FMP Ser 57 1835D Reg IDCW-P,–,–,–,–,1.33,0.96
SBI FMP Ser 57 1835D Reg IDCW-T,–,–,–,–,1.33,0.96
SBI FMP Ser 6 3668D Dir Gr,–,–,–,–,1.62,1.42
SBI FMP Ser 6 3668D Dir IDCW-P,–,–,–,–,1.62,1.42
SBI FMP Ser 6 3668D Reg Gr,–,–,–,–,1.62,1.28
SBI FMP Ser 6 3668D Reg IDCW-P,–,–,–,–,1.62,1.29
SBI FMP Ser 64 1169D Dir Gr,–,–,–,–,–,–
SBI FMP Ser 64 1169D Dir IDCW-P,–,–,–,–,–,–
SBI FMP Ser 64 1169D Dir IDCW-T,–,–,–,–,–,–
SBI FMP Ser 64 1169D Reg Gr,–,–,–,–,–,–
SBI FMP Ser 64 1169D Reg IDCW-P,–,–,–,–,–,–
SBI FMP Ser 64 1169D Reg IDCW-T,–,–,–,–,–,–
SBI FMP Ser 68 1302D Dir Gr,–,–,–,–,–,–
SBI FMP Ser 68 1302D Dir IDCW-T,–,–,–,–,–,–
SBI FMP Ser 68 1302D Dir IDCW-P,–,–,–,–,–,–
SBI FMP Ser 68 1302D Reg Gr,–,–,–,–,–,–
SBI FMP Ser 68 1302D Reg IDCW-P,–,–,–,–,–,–
SBI FMP Ser 68 1302D Reg IDCW-T,–,–,–,–,–,–
SBI FMP Ser 73 1226D Dir Gr,–,–,–,–,–,–
SBI FMP Ser 73 1226D Dir IDCW-P,–,–,–,–,–,–
SBI FMP Ser 73 1226D Dir IDCW-T,–,–,–,–,–,–
SBI FMP Ser 73 1226D Reg Gr,–,–,–,–,–,–
SBI FMP Ser 73 1226D Reg IDCW-P,–,–,–,–,–,–
SBI FMP Ser 73 1226D Reg IDCW-T,–,–,–,–,–,–
SBI FMP Ser 76 1221D Dir Gr,–,–,–,–,–,–
SBI FMP Ser 76 1221D Dir IDCW-P,–,–,–,–,–,–
SBI FMP Ser 76 1221D Dir IDCW-T,–,–,–,–,–,–
SBI FMP Ser 76 1221D Reg Gr,–,–,–,–,–,–
SBI FMP Ser 76 1221D Reg IDCW-P,–,–,–,–,–,–
SBI FMP Ser 76 1221D Reg IDCW-T,–,–,–,–,–,–
SBI FMP Ser 78 1170D Dir Gr,–,–,–,–,–,–
SBI FMP Ser 78 1170D Dir IDCW-P,–,–,–,–,–,–
SBI FMP Ser 78 1170D Reg Gr,–,–,–,–,–,–
SBI FMP Ser 78 1170D Reg IDCW-P,–,–,–,–,–,–
SBI FMP Ser 79 1130D Dir Gr,–,–,–,–,–,–
SBI FMP Ser 79 1130D Dir IDCW-P,–,–,–,–,–,–
SBI FMP Ser 79 1130D Dir IDCW-T,–,–,–,–,–,–
SBI FMP Ser 79 1130D Reg Gr,–,–,–,–,–,–
SBI FMP Ser 79 1130D Reg IDCW-P,–,–,–,–,–,–
SBI FMP Ser 79 1130D Reg IDCW-T,–,–,–,–,–,–
SBI FMP Ser 81 1157 D Dir Gr,–,–,–,–,–,–
SBI FMP Ser 81 1157 D Dir IDCW-P,–,–,–,–,–,–
SBI FMP Ser 81 1157 D Dir IDCW-T,–,–,–,–,–,–
SBI FMP Ser 81 1157 D Reg Gr,–,–,–,–,–,–
SBI FMP Ser 81 1157 D Reg IDCW-P,–,–,–,–,–,–
SBI FMP Ser 81 1157 D Reg IDCW-T,–,–,–,–,–,–
Tata FMP Ser 61 D 91 Days Dir Gr,–,–,–,–,–,–
Tata FMP Ser 61 D 91 Days Dir IDCW-P,–,–,–,–,–,–
Tata FMP Ser 61 D 91 Days Reg Gr,–,–,–,–,–,–
Tata FMP Ser 61 D 91 Days Reg IDCW-P,–,–,–,–,–,–
TrustMF FMP II 1196D Dir Gr,–,–,–,–,–,–
TrustMF FMP II 1196D Reg Gr,–,–,–,–,–,–
TrustMF FMP II 1196D Reg IDCW-P,–,–,–,–,–,–
Union FMP 1114D Ser 13 Dir Gr,–,–,–,–,–,–
Union FMP 1114D Ser 13 Reg Gr,–,–,–,–,–,–
Union FMP 1114D Ser 13 Reg IDCW-P,–,–,–,–,–,–
UTI Annual Interval I Dir Gr,–,–,–,–,0.36,-0.85
UTI Annual Interval I Instl Gr,–,–,–,–,0.36,-0.68
UTI Annual Interval I Dir IDCW-P,–,–,–,–,0.36,-1.34
UTI Annual Interval I Retl Gr,–,–,–,–,0.36,-1.15
UTI Annual Interval I Retl IDCW-P,–,–,–,–,0.36,-1.58
UTI Annual Interval I Retl IDCW-R,–,–,–,–,0.36,-1.58
UTI Annual Interval I Dir IDCW-R,–,–,–,–,4.19,-0.77
UTI FTIF Ser XXXV-I 1260D Dir Ann IDCW-P,–,–,–,–,–,–
UTI FTIF Ser XXXV-I 1260D Dir Gr,–,–,–,–,–,–
UTI FTIF Ser XXXV-I 1260D Dir Mat IDCW-P,–,–,–,–,–,–
UTI FTIF Ser XXXV-I 1260D Dir Qt IDCW-P,–,–,–,–,–,–
UTI FTIF Ser XXXV-I 1260D Reg Ann IDCW-P,–,–,–,–,–,–
UTI FTIF Ser XXXV-I 1260D Reg Fl IDCW-P,–,–,–,–,–,–
UTI FTIF Ser XXXV-I 1260D Reg Gr,–,–,–,–,–,–
UTI FTIF Ser XXXV-I 1260D Reg Mat IDCW-P,–,–,–,–,–,–
UTI FTIF Ser XXXV-I 1260D Reg Qt IDCW-P,–,–,–,–,–,–
UTI FTIF Ser XXXV-II 1223D Dir An IDCW-P,–,–,–,–,–,–
UTI FTIF Ser XXXV-II 1223D Dir Gr,–,–,–,–,–,–
UTI FTIF Ser XXXV-II 1223D Dir MatIDCW-P,–,–,–,–,–,–
UTI FTIF Ser XXXV-II 1223D Dir Qt IDCW-P,–,–,–,–,–,–
UTI FTIF Ser XXXV-II 1223D Reg An IDCW-P,–,–,–,–,–,–
UTI FTIF Ser XXXV-II 1223D Reg Fl IDCW-P,–,–,–,–,–,–
UTI FTIF Ser XXXV-II 1223D Reg Gr,–,–,–,–,–,–
UTI FTIF Ser XXXV-II 1223D Reg MatIDCW-P,–,–,–,–,–,–
UTI FTIF Ser XXXV-II 1223D Reg Qt IDCW-P,–,–,–,–,–,–
UTI FTIF Ser XXXV-III 1176D Dr An IDCW-P,–,–,–,–,–,–
UTI FTIF Ser XXXV-III 1176D Dr Gr,–,–,–,–,–,–
UTI FTIF Ser XXXV-III 1176D Dr Mt IDCW-P,–,–,–,–,–,–
UTI FTIF Ser XXXV-III 1176D Dr Qt IDCW-P,–,–,–,–,–,–
UTI FTIF Ser XXXV-III 1176D Rg An IDCW-P,–,–,–,–,–,–
UTI FTIF Ser XXXV-III 1176D Rg Fl IDCW-P,–,–,–,–,–,–
UTI FTIF Ser XXXV-III 1176D Rg Gr,–,–,–,–,–,–
UTI FTIF Ser XXXV-III 1176D Rg Qt IDCW-P,–,–,–,–,–,–
UTI FTIF Ser XXXVI-I 1574D Dir Gr,–,–,–,–,–,–
UTI FTIF Ser XXXVI-I 1574D Dir IDCW-P,–,–,–,–,–,–
UTI FTIF Ser XXXVI-I 1574D Reg Gr,–,–,–,–,–,–
UTI FTIF Ser XXXVI-I 1574D Reg IDCW-P,–,–,–,–,–,–
360 ONE Balanced Hybrid Dir Gr,–,–,–,–,–,–
360 ONE Balanced Hybrid Dir IDCW-P,–,–,–,–,–,–
360 ONE Balanced Hybrid Dir IDCW-R,–,–,–,–,–,–
360 ONE Balanced Hybrid Reg Gr,–,–,–,–,–,–
360 ONE Balanced Hybrid Reg IDCW-P,–,–,–,–,–,–
360 ONE Balanced Hybrid Reg IDCW-R,–,–,–,–,–,–
360 ONE Dynamic Bond Dir Qt IDCW-R,–,–,–,–,–,–
360 ONE ELSS Tax Saver Nifty 50 IdxDrGr,–,–,–,–,–,–
360 ONE ELSS Tax SaverNifty50 IdxDrIDCWP,–,–,–,–,–,–
360 ONE ELSS Tax Saver Nifty 50 IdxRgGr,–,–,–,–,–,–
360 ONE ELSS Tax Saver Nifty50IdxRgIDCWP,–,–,–,–,–,–
360 ONE Flexicap Dir Gr,–,–,–,–,–,–
360 ONE Flexicap Dir IDCW-P,–,–,–,–,–,–
360 ONE Flexicap Dir IDCW-R,–,–,–,–,–,–
360 ONE Flexicap Reg Gr,–,–,–,–,–,–
360 ONE Flexicap Reg IDCW-P,–,–,–,–,–,–
360 ONE Flexicap Reg IDCW-R,–,–,–,–,–,–
360 ONE Quant Dir Gr,–,–,–,–,18.04,1.13
360 ONE Quant Dir IDCW-P,–,–,–,–,18.04,1.13
360 ONE Quant Dir IDCW-R,–,–,–,–,18.04,1.13
360 ONE Quant Reg Gr,–,–,–,–,18.03,1.06
360 ONE Quant Reg IDCW-P,–,–,–,–,18.03,1.06
360 ONE Quant Reg IDCW-R,–,–,–,–,18.03,1.06
Abakkus Emerging Opportunities Fund-1,–,–,–,–,20.54,1.33
Abakkus Growth Fund-1,–,–,–,–,17.53,1.08
Abakkus Growth Fund-2,–,–,–,–,–,–
Aditya BSL Arbitrage Dir Gr,–,–,–,–,0.53,1.65
Aditya BSL Arbitrage Dir IDCW-P,–,–,–,–,0.9,-0.88
Aditya BSL Arbitrage Dir IDCW-R,–,–,–,–,0.9,-0.88
Aditya BSL Arbitrage Gr,–,–,–,–,0.53,0.04
Aditya BSL Arbitrage IDCW-P,–,–,–,–,0.9,-1.68
Aditya BSL Arbitrage IDCW-R,–,–,–,–,0.9,-1.68
Aditya BSL As All FoF Dir Gr,–,–,–,–,8.44,1.23
Aditya BSL As All FoF Dir IDCW-P,–,–,–,–,8.44,1.23
Aditya BSL As All FoF Dir IDCW-R,–,–,–,–,8.44,1.23
Aditya BSL As All FoF Gr,–,–,–,–,8.45,1.1
Aditya BSL As All FoF IDCW-P,–,–,–,–,8.45,1.1
Aditya BSL As All FoF IDCW-R,–,–,–,–,8.45,1.1
Aditya BSL Balanced Advantage Dir Gr,Above Average,–,–,–,7.76,1.03
Aditya BSL Balanced Advantage Dir IDCW-P,Above Average,–,–,–,7.78,1.02
Aditya BSL Balanced Advantage Dir IDCW-R,Above Average,–,–,–,7.78,1.02
Aditya BSL Balanced Advantage Gr,Average,–,–,–,7.75,0.88
Aditya BSL Balanced Advantage IDCW-P,Average,–,–,–,7.77,0.88
Aditya BSL Balanced Advantage IDCW-R,Average,–,–,–,7.77,0.88
Aditya BSL BSE India Infras Idx Dir Gr,–,–,–,–,–,–
Aditya BSL BSE India Infras IdxDirIDCW-P,–,–,–,–,–,–
Aditya BSL BSE India Infras Idx Reg Gr,–,–,–,–,–,–
Aditya BSL BSE India Infras IdxRegIDCW-P,–,–,–,–,–,–
Aditya BSL Conglomerate Dir Gr,–,–,–,–,–,–
Aditya BSL Conglomerate Dir IDCW-P,–,–,–,–,–,–
Aditya BSL Conglomerate Reg Gr,–,–,–,–,–,–
Aditya BSL Conglomerate Reg IDCW-P,–,–,–,–,–,–
Aditya BSL Credit Rsk Sgrgtd Pf 1 DirBns,–,–,–,–,–,–
Aditya BSL Credit Rsk Sgrgtd Pf 1 Dir Gr,–,–,–,–,–,–
Aditya BSL Crdt Rsk Sgrgtd Pf 1 DrIDCW-P,–,–,–,–,–,–
Aditya BSL Credit Rsk Sgrgtd Pf 1 RegBns,–,–,–,–,–,–
Aditya BSL Credit Rsk Sgrgtd Pf 1 Reg Gr,–,–,–,–,–,–
Aditya BSL Credit Rsk Sgd Pf 1 Rg IDCW-P,–,–,–,–,–,–
Aditya BSL CRISIL IBX 50:50 0428 Dr Gr,–,–,–,–,–,–
Aditya BSL CRISIL IBX 50:50 0428DrIDCW-P,–,–,–,–,–,–
Aditya BSL CRISIL IBX 50:50 0428 Rg Gr,–,–,–,–,–,–
Aditya BSL CRISIL IBX 50:50 0428RgIDCW-P,–,–,–,–,–,–
AdityaBSLCRISILIBXAAAFnclSvcs0927DrGr,–,–,–,–,–,–
AdityaBSLCRISILIBXAAAFnclSvcs0927DrIDCWP,–,–,–,–,–,–
AdityaBSLCRISILIBXAAAFnclSvcs0927RgGr,–,–,–,–,–,–
AdityaBSLCRISILIBXAAAFnclSvcs0927RgIDCWP,–,–,–,–,–,–
Aditya BSLCRISILIBXAAANBFCHFC1225DrGr,–,–,–,–,–,–
Aditya BSLCRISILIBXAAANBFCHFC1225DrIDCWP,–,–,–,–,–,–
Aditya BSLCRISILIBXAAANBFCHFC1225RgGr,–,–,–,–,–,–
Aditya BSLCRISILIBXAAANBFCHFC1225RgIDCWP,–,–,–,–,–,–
Aditya BSLCRISILIBXAAANBFCHFC0926DrGr,–,–,–,–,–,–
Aditya BSLCRISILIBXAAANBFCHFC0926DrIDCWP,–,–,–,–,–,–
Aditya BSLCRISILIBXAAANBFCHFC0926RgGr,–,–,–,–,–,–
Aditya BSLCRISILIBXAAANBFCHFC0926RgIDCWP,–,–,–,–,–,–
AdityaBSLCRISILIBXFiSv3-6MtDbtIdxDrGr,–,–,–,–,–,–
AdityaBSLCRISILIBXFiSv3-6MtDbtIdxDrIDCWP,–,–,–,–,–,–
AdityaBSLCRISILIBXFiSv3-6MtDbtIdxRgGr,–,–,–,–,–,–
AdityaBSLCRISILIBXFiSv3-6MtDbtIdxRgIDCWP,–,–,–,–,–,–
AdityaBSLCRISILIBXFiSv912MtDbtIdxDrGr,–,–,–,–,–,–
AdityaBSLCRISILIBXFiSv912MtDbtIdxDrIDCWP,–,–,–,–,–,–
AdityaBSLCRISILIBXFiSv912MtDbtIdxRgGr,–,–,–,–,–,–
Aditya BSL CRISIL IBX Gilt 0426 Dr Gr,–,–,–,–,–,–
Aditya BSL CRISIL IBX Gilt 0426 DrIDCW-P,–,–,–,–,–,–
Aditya BSL CRISIL IBX Gilt 0426 Rg Gr,–,–,–,–,–,–
Aditya BSL CRISIL IBX Gilt 0426 RgIDCW-P,–,–,–,–,–,–
Aditya BSL CRISIL IBX Gilt 0428 Dr Gr,–,–,–,–,–,–
Aditya BSL CRISIL IBX Gilt 0428 DrIDCW-P,–,–,–,–,–,–
Aditya BSL CRISIL IBX Gilt 0428 Rg Gr,–,–,–,–,–,–
Aditya BSL CRISIL IBX Gilt 0428 RgIDCW-P,–,–,–,–,–,–
Aditya BSL CRISIL IBX Gilt 0429 Dr Gr,–,–,–,–,–,–
Aditya BSL CRISIL IBX Gilt 0429 DrIDCW-P,–,–,–,–,–,–
Aditya BSL CRISIL IBX Gilt 0429 Rg Gr,–,–,–,–,–,–
Aditya BSL CRISIL IBX Gilt 0429 RgIDCW-P,–,–,–,–,–,–
AdityaBSLCrisilIBXGltApl2033IdxDirGr,–,–,–,–,–,–
AdityaBSLCrisilIBXGltApl2033IdxDirIDCW-P,–,–,–,–,–,–
AdityaBSLCrisilIBXGltApl2033IdxRegGr,–,–,–,–,–,–
AdityaBSLCrisilIBXGltApl2033IdxRegIDCW-P,–,–,–,–,–,–
Aditya BSL CRISIL IBX Gilt 0627 Dr Gr,–,–,–,–,–,–
Aditya BSL CRISIL IBX Gilt 0627 DrIDCW-P,–,–,–,–,–,–
Aditya BSL CRISIL IBX Gilt 0627 Rg Gr,–,–,–,–,–,–
Aditya BSL CRISIL IBX Gilt 0627 RgIDCW-P,–,–,–,–,–,–
Aditya BSL CRISIL IBX SDL 0632 Dir Gr,–,–,–,–,–,–
Aditya BSL CRISIL IBX SDL 0632 DirIDCW-P,–,–,–,–,–,–
Aditya BSL CRISIL IBX SDL 0632 Reg Gr,–,–,–,–,–,–
Aditya BSL CRISIL IBX SDL 0632 RegIDCW-P,–,–,–,–,–,–
Aditya BSL CRISIL SDLPAAAPSU0426DrGr,–,–,–,–,–,–
Aditya BSL CRISIL SDLPAAAPSU0426DrIDCW-P,–,–,–,–,–,–
Aditya BSL CRISIL SDLPAAAPSU0426RgGr,–,–,–,–,–,–
Aditya BSL CRISIL SDLPAAAPSU0426RgIDCW-P,–,–,–,–,–,–
Aditya BSL CRISIL SDLPAAAPSU0427DrGr,–,–,–,–,1.19,1.01
Aditya BSL CRISIL SDLPAAAPSU0427DrIDCW-P,–,–,–,–,1.2,1
Aditya BSL CRISIL SDLPAAAPSU0427RgGr,–,–,–,–,1.19,0.85
Aditya BSL CRISIL SDLPAAAPSU0427RgIDCW-P,–,–,–,–,1.2,0.84
Aditya BSL Dt Plus Arbtrg FoF Dir Gr,–,–,–,–,1.12,1
Aditya BSL Dt Plus Arbtrg FoF Dir IDCW-P,–,–,–,–,1.12,1
Aditya BSL Dt Plus Arbtrg FoF Dir IDCW-R,–,–,–,–,1.12,1
Aditya BSL Dt Plus Arbtrg FoF Gr,–,–,–,–,1.13,0.67
Aditya BSL Dt Plus Arbtrg FoF IDCW-P,–,–,–,–,1.12,0.67
Aditya BSL Dt Plus Arbtrg FoF IDCW-R,–,–,–,–,1.12,0.67
Aditya BSL Dyn Bd Sgd Ptf 1 Dr Mn IDCW-P,–,–,–,–,–,–
Aditya BSL Dyn Bd Sgd Ptf 1 Dr Mn IDCW-R,–,–,–,–,–,–
Aditya BSL Dyn Bd Sgd Ptf 1 Dr IDCW-P,–,–,–,–,–,–
Aditya BSL Dyn Bd Sgd Ptf 1 Dr Qt IDCW-P,–,–,–,–,–,–
Aditya BSL Dyn Bd Sgd Ptf 1 Dr Qt IDCW-R,–,–,–,–,–,–
Aditya BSL Dyn Bd Sgd Ptf 1 Dr IDCW-R,–,–,–,–,–,–
Aditya BSL Dyn Bd Sgd Ptf 1 Rg Mn IDCW-P,–,–,–,–,–,–
Aditya BSL Dyn Bd Sgd Ptf 1 Rg Mn IDCW-R,–,–,–,–,–,–
Aditya BSL Dyn Bd Sgd Ptf 1 Rg IDCW-P,–,–,–,–,–,–
Aditya BSL Dyn Bd Sgd Ptf 1 Rg Qt IDCW-P,–,–,–,–,–,–
Aditya BSL Dyn Bd Sgd Ptf 1 Rg Qt IDCW-R,–,–,–,–,–,–
Aditya BSL Dyn Bd Sgrgtd Ptf 1 Dir Gr,–,–,–,–,–,–
Aditya BSL Dyn Bd Sgrgtd Ptf 1 DAP Gr,–,–,–,–,–,–
Aditya BSL Dyn Bd Sgrgtd Ptf 1 Reg Gr,–,–,–,–,–,–
Aditya BSL Equity Savings Dir Gr,Average,–,–,–,4.01,0.81
Aditya BSL Equity Savings Dir IDCW-P,Average,–,–,–,4.06,0.2
Aditya BSL Equity Savings Dir IDCW-R,Average,–,–,–,4.06,0.2
Aditya BSL Equity Savings Reg Gr,Average,–,–,–,4.03,0.63
Aditya BSL Equity Savings Reg IDCW-P,Average,–,–,–,4.1,0.02
Aditya BSL Equity Savings Reg IDCW-R,Average,–,–,–,4.1,0.02
Aditya BSL Finl Pl FOF Cons Dir Gr,–,–,–,–,4.72,1.26
Aditya BSL Finl Pl FOF Cons Dir IDCW-P,–,–,–,–,4.72,1.26
Aditya BSL Finl Pl FOF Cons Dir IDCW-R,–,–,–,–,4.72,1.26
Aditya BSL Finl Pl FOF Cons Gr,–,–,–,–,4.72,1.17
Aditya BSL Finl Pl FOF Cons IDCW-P,–,–,–,–,4.72,1.17
Aditya BSL Finl Pl FOF Cons IDCW-R,–,–,–,–,4.72,1.17
Aditya BSL Finl Pl FOF Mod Dir Gr,–,–,–,–,7.65,1.11
Aditya BSL Finl Pl FOF Mod Dir IDCW-P,–,–,–,–,7.65,1.11
Aditya BSL Finl Pl FOF Mod Dir IDCW-R,–,–,–,–,7.65,1.11
Aditya BSL Finl Pl FOF Mod Gr,–,–,–,–,7.64,1.04
Aditya BSL Finl Pl FOF Mod IDCW-P,–,–,–,–,7.64,1.04
Aditya BSL Finl Pl FOF Mod IDCW-R,–,–,–,–,7.64,1.04
Aditya BSL Global Emerg Opp Dir IDCW-P,–,–,–,–,15.17,0.34
Aditya BSL Global Emerging Opp Dir Gr,–,–,–,–,15.17,0.34
Aditya BSL Global Emerg Opp Dir IDCW-R,–,–,–,–,15.17,0.34
Aditya BSL Global Emerging Opp Gr,–,–,–,–,15.17,0.3
Aditya BSL Global Emerg Opp IDCW-P,–,–,–,–,15.17,0.3
Aditya BSL Global Emerg Opp IDCW-R,–,–,–,–,15.17,0.3
Aditya BSL Glb Exc Eq FoF Dir IDCW-P,–,–,–,–,15.27,0.72
Aditya BSL Glb Exc Eq FoF Dir IDCW-R,–,–,–,–,15.27,0.72
Aditya BSL Glb Exc Eq FoF Dir Gr,–,–,–,–,15.27,0.72
Aditya BSL Glb Exc Eq FoF Gr,–,–,–,–,15.26,0.68
Aditya BSL Glb Exc Eq FoF IDCW-P,–,–,–,–,15.26,0.68
Aditya BSL Glb Exc Eq FoF IDCW-R,–,–,–,–,15.26,0.68
Aditya BSL Gold Fund Dir Gr,–,–,–,–,11.47,1.23
Aditya BSL Gold Fund Dir IDCW-P,–,–,–,–,11.47,1.23
Aditya BSL Gold Fund Dir IDCW-R,–,–,–,–,11.47,1.23
Aditya BSL Gold Fund Gr,–,–,–,–,11.47,1.2
Aditya BSL Gold Fund IDCW-P,–,–,–,–,11.47,1.2
Aditya BSL Gold Fund IDCW-R,–,–,–,–,11.47,1.2
Aditya BSL Long Duration Dir Gr,–,–,–,–,–,–
Aditya BSL Long Duration Dir IDCW-P,–,–,–,–,–,–
Aditya BSL Long Duration Dir IDCW-R,–,–,–,–,–,–
Aditya BSL Long Duration Reg Gr,–,–,–,–,–,–
Aditya BSL Long Duration Reg IDCW-P,–,–,–,–,–,–
Aditya BSL Long Duration Reg IDCW-R,–,–,–,–,–,–
Aditya BSL Manufacturing Eq Dir Gr,–,–,–,–,16.45,0.85
Aditya BSL Manufacturing Eq Dir IDCW-P,–,–,–,–,16.47,0.83
Aditya BSL Manufacturing Eq Dir IDCW-R,–,–,–,–,16.47,0.83
Aditya BSL Manufacturing Eq Reg Gr,–,–,–,–,16.43,0.79
Aditya BSL Manufacturing Eq Reg IDCW-P,–,–,–,–,16.45,0.77
Aditya BSL Manufacturing Eq Reg IDCW-R,–,–,–,–,16.45,0.77
Aditya BSL M/T Sgrgtd Ptf 1 DirHY IDCW-P,–,–,–,–,–,–
Aditya BSL M/T Sgrgtd Ptf 1 DirHY IDCW-R,–,–,–,–,–,–
Aditya BSL M/T Sgrgtd Ptf 1 Dir IDCW-P,–,–,–,–,–,–
Aditya BSL M/T Sgrgtd Ptf 1 DirQt IDCW-P,–,–,–,–,–,–
Aditya BSL M/T Sgrgtd Ptf 1 DirQt IDCW-R,–,–,–,–,–,–
Aditya BSL M/T Sgrgtd Ptf 1 Dir IDCW-R,–,–,–,–,–,–
Aditya BSL M/T Sgrgtd Ptf 1 Dir Gr,–,–,–,–,–,–
Aditya BSL M/T Sgrgtd Ptf 1 RegHY IDCW-P,–,–,–,–,–,–
Aditya BSL M/T Sgrgtd Ptf 1 RegHY IDCW-R,–,–,–,–,–,–
Aditya BSL M/T Sgrgtd Ptf 1 Reg IDCW-P,–,–,–,–,–,–
Aditya BSL M/T Sgrgtd Ptf 1 RegQt IDCW,–,–,–,–,–,–
Aditya BSL M/T Sgrgtd Ptf 1 RegQt IDCW-R,–,–,–,–,–,–
Aditya BSL M/T Sgrgtd Ptf 1 Reg IDCW-R,–,–,–,–,–,–
Aditya BSL M/T Sgrgtd Ptf 1 Reg Gr,–,–,–,–,–,–
Aditya BSL Multi Asset Allc Dir Gr,–,–,–,–,–,–
Aditya BSL Multi Asset Allc Dir IDCW-P,–,–,–,–,–,–
Aditya BSL Multi Asset Allc Dir IDCW-R,–,–,–,–,–,–
Aditya BSL Multi Asset Allc Reg Gr,–,–,–,–,–,–
Aditya BSL Multi Asset Allc Reg IDCW-P,–,–,–,–,–,–
Aditya BSL Multi Asset Allc Reg IDCW-R,–,–,–,–,–,–
Aditya BSL Multi- Index FoF Dir Gr,–,–,–,–,–,–
Aditya BSL Multi- Index FoF Dir IDCW-P,–,–,–,–,–,–
Aditya BSL Multi- Index FoF Dir IDCW-R,–,–,–,–,–,–
Aditya BSL Multi- Index FoF Reg Gr,–,–,–,–,–,–
Aditya BSL Multi- Index FoF Reg IDCW-P,–,–,–,–,–,–
Aditya BSL Multi- Index FoF Reg IDCW-R,–,–,–,–,–,–
Aditya BSL NASDAQ 100 FOF Dir Gr,–,–,–,–,18.36,0.83
Aditya BSL NASDAQ 100 FOF Dir IDCW-P,–,–,–,–,18.36,0.83
Aditya BSL NASDAQ 100 FOF Dir IDCW-R,–,–,–,–,18.36,0.83
Aditya BSL NASDAQ 100 FOF Reg Gr,–,–,–,–,18.36,0.81
Aditya BSL NASDAQ 100 FOF Reg IDCW-P,–,–,–,–,18.36,0.81
Aditya BSL NASDAQ 100 FOF Reg IDCW-R,–,–,–,–,18.36,0.81
Aditya BSL Nifty India Dfnc Idx Dir Gr,–,–,–,–,–,–
Aditya BSL Nifty India Dfnc IdxDirIDCW-P,–,–,–,–,–,–
Aditya BSL Nifty India Dfnc Idx Reg Gr,–,–,–,–,–,–
Aditya BSL Nifty India Dfnc IdxRegIDCW-P,–,–,–,–,–,–
Aditya BSL Nifty SDL Apr 27 Dir Gr,–,–,–,–,1.26,1.07
Aditya BSL Nifty SDL Apr 27 Dir IDCW-P,–,–,–,–,1.27,1.06
Aditya BSL Nifty SDL Apr 27 Reg Gr,–,–,–,–,1.26,0.81
Aditya BSL Nifty SDL Apr 27 Reg IDCW-P,–,–,–,–,1.27,0.81
Aditya BSL Nifty SDL Pl PSU B Dir Gr,–,–,–,–,1.11,0.87
Aditya BSL Nifty SDL Pl PSU B Dir IDCW-P,–,–,–,–,1.11,0.87
Aditya BSL Nifty SDL Pl PSU B Reg Gr,–,–,–,–,1.11,0.73
Aditya BSL Nifty SDL Pl PSU B Reg IDCW-P,–,–,–,–,1.11,0.72
Aditya BSL Nifty SDL Sep 2025 Dir Gr,–,–,–,–,–,–
Aditya BSL Nifty SDL Sep 2025 Dir IDCW-P,–,–,–,–,–,–
Aditya BSL Nifty SDL Sep 2025 Reg Gr,–,–,–,–,–,–
Aditya BSL Nifty SDL Sep 2025 Reg IDCW-P,–,–,–,–,–,–
Aditya BSL Nifty SDL 0927 Idx Dir Gr,–,–,–,–,–,–
Aditya BSL Nifty SDL 0927 Idx Dir IDCW-P,–,–,–,–,–,–
Aditya BSL Nifty SDL 0927 Idx Reg Gr,–,–,–,–,–,–
Aditya BSL Nifty SDL 0927 Idx Reg IDCW-P,–,–,–,–,–,–
Aditya BSL Overnight Dir Wk IDCW-R,–,–,–,–,0.63,-3.01
Aditya BSL Quant Dir Gr,–,–,–,–,–,–
Aditya BSL Quant Dir IDCW-P,–,–,–,–,–,–
Aditya BSL Quant Reg Gr,–,–,–,–,–,–
Aditya BSL Quant Reg IDCW-P,–,–,–,–,–,–
Aditya BSL Ret Fd 50s Dir Gr,–,–,–,–,3.71,0.93
Aditya BSL Ret Fd 50s Dir IDCW-P,–,–,–,–,3.69,0.84
Aditya BSL Ret Fd 50s Dir IDCW-R,–,–,–,–,3.69,0.84
Aditya BSL Ret Fd 50s Reg Gr,–,–,–,–,3.7,0.57
Aditya BSL Ret Fd 50s Reg IDCW-P,–,–,–,–,3.69,0.48
Aditya BSL Ret Fd 50s Reg IDCW-R,–,–,–,–,3.69,0.48
Aditya BSL Ret Fd 50s Pls Dbt Dir IDCW-P,–,–,–,–,1.19,0.06
Aditya BSL Ret Fd 50s Pls Dbt Dir IDCW-R,–,–,–,–,1.19,0.06
Aditya BSL Ret Fd 50s Pls Dbt Reg IDCW-P,–,–,–,–,1.2,-0.95
Aditya BSL Ret Fd 50s Pls Dbt Reg IDCW-R,–,–,–,–,1.2,-0.95
Aditya BSL Ret Fd 50s Plus Debt Dir Gr,–,–,–,–,1.16,0.35
Aditya BSL Ret Fd 50s Plus Debt Reg Gr,–,–,–,–,1.17,-0.7
Aditya BSL Silver ETF FoF Dir Gr,–,–,–,–,20.13,0.49
Aditya BSL Silver ETF FoF Dir IDCW-P,–,–,–,–,20.14,0.49
Aditya BSL Silver ETF FoF Dir IDCW-R,–,–,–,–,20.14,0.49
Aditya BSL Silver ETF FoF Reg Gr,–,–,–,–,20.13,0.46
Aditya BSL Silver ETF FoF Reg IDCW-P,–,–,–,–,20.13,0.46
Aditya BSL Silver ETF FoF Reg IDCW-R,–,–,–,–,20.13,0.46
Aditya BSL Trsptn andLogisticsDirGr,–,–,–,–,–,–
Aditya BSL Trsptn andLogisticsDirIDCW-P,–,–,–,–,–,–
Aditya BSL Trsptn and Logistics Reg G,–,–,–,–,–,–
Aditya BSL Trsptn andLogisticsRegIDCW-P,–,–,–,–,–,–
Aditya BSL US Trs1-3YrBdETFsFoFDirGr,–,–,–,–,–,–
Aditya BSL US Trs1-3YrBdETFsFoFDirIDCW-P,–,–,–,–,–,–
Aditya BSL US Trs1-3YrBdETFsFoFDirIDCW-R,–,–,–,–,–,–
Aditya BSL US Trs1-3 YrBdETFsFoFRegGr,–,–,–,–,–,–
Aditya BSL US Trs1-3YrBdETFsFoFRegIDCW-P,–,–,–,–,–,–
Aditya BSL US Trs1-3YrBdETFsFoFRegIDCW-R,–,–,–,–,–,–
Aditya BSL US Trs3-10YrBdETFsFoFDrGr,–,–,–,–,–,–
Aditya BSL US Trs3-10YrBdETFsFoFDrIDCW-P,–,–,–,–,–,–
Aditya BSL US Trs3-10YrBdETFsFoFDrIDCW-R,–,–,–,–,–,–
Aditya BSL US Trs3-10YrBdETFsFoFRgGr,–,–,–,–,–,–
Aditya BSL US Trs3-10YrBdETFsFoFRgIDCW-P,–,–,–,–,–,–
Aditya BSL US Trs3-10YrBdETFsFoFRgIDCW-R,–,–,–,–,–,–
Angel One Nifty 50 Index Dir Gr,–,–,–,–,–,–
Angel One Nifty 50 Index Reg Gr,–,–,–,–,–,–
Angel One Nifty Total Market Idx Dir Gr,–,–,–,–,–,–
Angel One Nifty Total Market Idx Reg Gr,–,–,–,–,–,–
Axis Arbitrage Dir Gr,–,–,–,–,0.56,1.26
Axis Arbitrage Dir Mntly IDCW-P,–,–,–,–,0.81,-1.23
Axis Arbitrage Dir Mntly IDCW-R,–,–,–,–,0.81,-1.23
Axis Arbitrage Reg Mntly IDCW-P,–,–,–,–,0.86,-2.15
Axis Arbitrage Reg Mntly IDCW-R,–,–,–,–,0.86,-2.15
Axis Arbitrage Reg Gr,–,–,–,–,0.56,-0.23
Axis Balanced Advantage Dir Gr,Average,–,–,–,8.04,1.15
Axis Balanced Advantage Dir IDCW-P,Above Average,–,–,–,8.96,1.26
Axis Balanced Advantage Dir IDCW-R,Above Average,–,–,–,8.96,1.26
Axis Balanced Advantage Reg Gr,Average,–,–,–,8.06,0.99
Axis Balanced Advantage Reg IDCW-P,Average,–,–,–,8,0.95
Axis Balanced Advantage Reg IDCW-R,Average,–,–,–,8,0.95
Axis BSE Sensex Index Dir Gr,–,–,–,–,–,–
Axis BSE Sensex Index Dir IDCW-P,–,–,–,–,–,–
Axis BSE Sensex Index Dir IDCW-R,–,–,–,–,–,–
Axis BSE Sensex Index Reg Gr,–,–,–,–,–,–
Axis BSE Sensex Index Reg IDCW-P,–,–,–,–,–,–
Axis BSE Sensex Index Reg IDCW-R,–,–,–,–,–,–
Axis Business Cycles Dir Gr,–,–,–,–,–,–
Axis Business Cycles Dir IDCW-P,–,–,–,–,–,–
Axis Business Cycles Dir IDCW-R,–,–,–,–,–,–
Axis Business Cycles Reg Gr,–,–,–,–,–,–
Axis Business Cycles Reg IDCW-P,–,–,–,–,–,–
Axis Business Cycles Reg IDCW-R,–,–,–,–,–,–
Axis Children's Dir Loc in Gr,–,–,–,–,10.79,0.53
Axis Children's Dir Loc in IDCW-P,–,–,–,–,10.79,0.53
Axis Children's Dir No Loc in Gr,–,–,–,–,10.79,0.55
Axis Children's Dir No Loc inIDCW-P,–,–,–,–,10.79,0.54
Axis Children's Dir No Loc inIDCW-R,–,–,–,–,10.79,0.54
Axis Children's Reg Loc in Gr,–,–,–,–,10.78,0.42
Axis Children's Reg Loc in IDCW-P,–,–,–,–,10.78,0.42
Axis Children's Reg No Loc in Gr,–,–,–,–,10.78,0.42
Axis Children's Reg No Loc inIDCW-P,–,–,–,–,10.78,0.42
Axis Children's Reg No Loc inIDCW-R,–,–,–,–,10.78,0.42
Axis Consumption Dir Gr,–,–,–,–,–,–
Axis Consumption Dir IDCW-P,–,–,–,–,–,–
Axis Consumption Dir IDCW-R,–,–,–,–,–,–
Axis Consumption Reg Gr,–,–,–,–,–,–
Axis Consumption Reg IDCW-P,–,–,–,–,–,–
Axis Consumption Reg IDCW-R,–,–,–,–,–,–
Axis CRISIL IBX 50:50 Gilt 0628 Dr Gr,–,–,–,–,–,–
Axis CRISIL IBX 50:50 Gilt 0628 DrIDCW-P,–,–,–,–,–,–
Axis CRISIL IBX 50:50 Gilt 0628 DrIDCW-R,–,–,–,–,–,–
Axis CRISIL IBX 50:50 Gilt 0628 Rg Gr,–,–,–,–,–,–
Axis CRISIL IBX 50:50 Gilt 0628 RgIDCW-P,–,–,–,–,–,–
Axis CRISIL IBX 50:50 Gilt 0628 RgIDCW-R,–,–,–,–,–,–
Axis CRISIL IBX 50:50 Gilt 0927 Dr Gr,–,–,–,–,–,–
Axis CRISIL IBX 50:50 Gilt 0927 DrIDCW-P,–,–,–,–,–,–
Axis CRISIL IBX 50:50 Gilt 0927 DrIDCW-R,–,–,–,–,–,–
Axis CRISIL IBX 50:50 Gilt 0927 Rg Gr,–,–,–,–,–,–
Axis CRISIL IBX 50:50 Gilt 0927 RgIDCW-P,–,–,–,–,–,–
Axis CRISIL IBX 50:50 Gilt 0927 RgIDCW-R,–,–,–,–,–,–
Axis CRISILIBXAAABdFinclSvcsSep27DrGr,–,–,–,–,–,–
Axis CRISILIBXAAABdFinclSvcsSep27DrIDCWP,–,–,–,–,–,–
Axis CRISILIBXAAABdFinclSvcsSep27DrIDCWR,–,–,–,–,–,–
Axis CRISILIBXAAABdFinclSvcsSep27RgGr,–,–,–,–,–,–
Axis CRISILIBXAAABdFinclSvcsSep27RgIDCWP,–,–,–,–,–,–
Axis CRISILIBXAAABdFinclSvcsSep27RgIDCWR,–,–,–,–,–,–
Axis CRISIL IBX AAABdNBFCHFC0627DirGr,–,–,–,–,–,–
Axis CRISIL IBX AAABdNBFCHFC0627DirIDCWP,–,–,–,–,–,–
Axis CRISIL IBX AAABdNBFCHFC0627DirIDCWR,–,–,–,–,–,–
Axis CRISIL IBX AAABdNBFCHFC0627RegGr,–,–,–,–,–,–
Axis CRISIL IBX AAABdNBFCHFC0627RegIDCWP,–,–,–,–,–,–
Axis CRISIL IBX AAABdNBFCHFC0627RegIDCWR,–,–,–,–,–,–
Axis CRISILIBXAAANBFCIdxJun2027DirGr,–,–,–,–,–,–
Axis CRISILIBXAAANBFCIdxJun2027DirIDCW-P,–,–,–,–,–,–
Axis CRISILIBXAAANBFCIdxJun2027DirIDCW-R,–,–,–,–,–,–
Axis CRISILIBXAAANBFCIdxJun2027RegGr,–,–,–,–,–,–
Axis CRISILIBXAAANBFCIdxJun2027RegIDCW-P,–,–,–,–,–,–
Axis CRISILIBXAAANBFCIdxJun2027RegIDCW-R,–,–,–,–,–,–
Axis CRISIL IBX SDL 0634 Dbt IdxDrGr,–,–,–,–,–,–
Axis CRISIL IBX SDL 0634 Dbt IdxDrIDCW-P,–,–,–,–,–,–
Axis CRISIL IBX SDL 0634 Dbt IdxDrIDCW-R,–,–,–,–,–,–
Axis CRISIL IBX SDL 0634 Dbt IdxRgGr,–,–,–,–,–,–
Axis CRISIL IBX SDL 0634 Dbt IdxRgIDCW-P,–,–,–,–,–,–
Axis CRISIL IBX SDL 0634 Dbt IdxRgIDCW-R,–,–,–,–,–,–
Axis CRSL IBX SDL May2027 Idx Dir Gr,–,–,–,–,1.25,1.2
Axis CRSL IBX SDL May2027 Idx Dir IDCW-P,–,–,–,–,1.26,1.19
Axis CRSL IBX SDL May2027 Idx Dir IDCW-R,–,–,–,–,1.26,1.19
Axis CRSL IBX SDL May2027 Idx Reg Gr,–,–,–,–,1.26,1.08
Axis CRSL IBX SDL May2027 Idx Reg IDCW-P,–,–,–,–,1.25,1.08
Axis CRSL IBX SDL May2027 Idx Reg IDCW-R,–,–,–,–,1.25,1.08
Axis Equity Savings Dir Gr,Above Average,–,–,–,5.9,0.85
Axis Equity Savings Dir Mn IDCW-P,Above Average,–,–,–,5.9,0.85
Axis Equity Savings Dir Mn IDCW-R,Above Average,–,–,–,5.9,0.85
Axis Equity Savings Dir IDCW-P,Above Average,–,–,–,5.77,0.79
Axis Equity Savings Dir Qly IDCW-P,Above Average,–,–,–,5.87,0.84
Axis Equity Savings Dir Qly IDCW-R,Above Average,–,–,–,5.87,0.84
Axis Equity Savings Dir IDCW-R,Above Average,–,–,–,5.77,0.79
Axis Equity Savings Reg Gr,Above Average,–,–,–,5.87,0.64
Axis Equity Savings Reg Mn IDCW-P,Above Average,–,–,–,5.91,0.62
Axis Equity Savings Reg Mn IDCW-R,Above Average,–,–,–,5.91,0.62
Axis Equity Savings Reg IDCW-P,Above Average,–,–,–,5.78,0.54
Axis Equity Savings Reg Qly IDCW-P,Above Average,–,–,–,5.87,0.63
Axis Equity Savings Reg Qly IDCW-R,Above Average,–,–,–,5.87,0.63
Axis Equity Savings Reg IDCW-R,Above Average,–,–,–,5.78,0.54
Axis Global Equity Alpha FOF Dir Gr,–,–,–,–,14.3,0.67
Axis Global Equity Alpha FOF Dir IDCW-P,–,–,–,–,14.3,0.67
Axis Global Equity Alpha FOF Dir IDCW-R,–,–,–,–,14.3,0.67
Axis Global Equity Alpha FOF Reg Gr,–,–,–,–,14.3,0.6
Axis Global Equity Alpha FOF Reg IDCW-P,–,–,–,–,14.3,0.6
Axis Global Equity Alpha FOF Reg IDCW-R,–,–,–,–,14.3,0.6
Axis Global Innovation FoF Dir Gr,–,–,–,–,17.59,0.6
Axis Global Innovation FoF Dir IDCW-P,–,–,–,–,17.56,0.6
Axis Global Innovation FoF Dir IDCW-R,–,–,–,–,17.56,0.6
Axis Global Innovation FoF Reg Gr,–,–,–,–,17.54,0.54
Axis Global Innovation FoF Reg IDCW-P,–,–,–,–,17.54,0.54
Axis Global Innovation FoF Reg IDCW-R,–,–,–,–,17.54,0.54
Axis Gold Dir Gr,–,–,–,–,11.56,1.21
Axis Gold Dir IDCW-P,–,–,–,–,11.56,1.21
Axis Gold Dir IDCW-R,–,–,–,–,11.56,1.21
Axis Gold Gr,–,–,–,–,11.57,1.19
Axis Gold IDCW-P,–,–,–,–,11.58,1.19
Axis Gold IDCW-R,–,–,–,–,11.58,1.19
Axis Income Advtg FOF Dir Ann IDCW-P,–,–,–,–,1.75,0.51
Axis Income Advtg FOF Dir Ann IDCW-R,–,–,–,–,1.75,0.51
Axis Income Advtg FOF Dir Gr,–,–,–,–,1.86,0.83
Axis Income Advtg FOF Dir HY IDCW-P,–,–,–,–,2.11,0.16
Axis Income Advtg FOF Dir HY IDCW-R,–,–,–,–,2.11,0.16
Axis Income Advtg FOF Dir Mn IDCW-P,–,–,–,–,1.86,0.83
Axis Income Advtg FOF Dir Mn IDCW-R,–,–,–,–,1.86,0.83
Axis Income Advtg FOF Dir IDCW-P,–,–,–,–,2.61,1.12
Axis Income Advtg FOF Dir Qt IDCW-P,–,–,–,–,2.25,0.18
Axis Income Advtg FOF Dir Qt IDCW-R,–,–,–,–,2.25,0.18
Axis Income Advtg FOF Dir IDCW-R,–,–,–,–,2.61,1.12
Axis Income Advtg FOF Reg Ann IDCW-P,–,–,–,–,1.76,0.32
Axis Income Advtg FOF Reg Ann IDCW-R,–,–,–,–,1.76,0.32
Axis Income Advtg FOF Reg Gr,–,–,–,–,1.86,0.67
Axis Income Advtg FOF Reg HY IDCW-P,–,–,–,–,2.08,-0.03
Axis Income Advtg FOF Reg HY IDCW-R,–,–,–,–,2.08,-0.03
Axis Income Advtg FOF Reg Mn IDCW-P,–,–,–,–,1.86,0.67
Axis Income Advtg FOF Reg Mn IDCW-R,–,–,–,–,1.86,0.67
Axis Income Advtg FOF Reg IDCW-P,–,–,–,–,2.64,0.99
Axis Income Advtg FOF Reg Qt IDCW-P,–,–,–,–,2.08,0.04
Axis Income Advtg FOF Reg Qt IDCW-R,–,–,–,–,2.08,0.04
Axis Income Advtg FOF Reg IDCW-R,–,–,–,–,2.64,0.99
Axis India Manufacturing Dir Gr,–,–,–,–,–,–
Axis India Manufacturing Dir IDCW-P,–,–,–,–,–,–
Axis India Manufacturing Dir IDCW-R,–,–,–,–,–,–
Axis India Manufacturing Reg Gr,–,–,–,–,–,–
Axis India Manufacturing Reg IDCW-P,–,–,–,–,–,–
Axis India Manufacturing Reg IDCW-R,–,–,–,–,–,–
Axis Long Duration Dir Ann IDCW-P,–,–,–,–,–,–
Axis Long Duration Dir Ann IDCW-R,–,–,–,–,–,–
Axis Long Duration Dir Dl IDCW-R,–,–,–,–,–,–
Axis Long Duration Dir Gr,–,–,–,–,–,–
Axis Long Duration Dir Mn IDCW-P,–,–,–,–,–,–
Axis Long Duration Dir Mn IDCW-R,–,–,–,–,–,–
Axis Long Duration Dir Qt IDCW-P,–,–,–,–,–,–
Axis Long Duration Dir Qt IDCW-R,–,–,–,–,–,–
Axis Long Duration Reg Ann IDCW-P,–,–,–,–,–,–
Axis Long Duration Reg Ann IDCW-R,–,–,–,–,–,–
Axis Long Duration Reg Dl IDCW-R,–,–,–,–,–,–
Axis Long Duration Reg Gr,–,–,–,–,–,–
Axis Long Duration Reg Mn IDCW-P,–,–,–,–,–,–
Axis Long Duration Reg Mn IDCW-R,–,–,–,–,–,–
Axis Long Duration Reg Qt IDCW-P,–,–,–,–,–,–
Axis Long Duration Reg Qt IDCW-R,–,–,–,–,–,–
Axis Momentum Dir Gr,–,–,–,–,–,–
Axis Momentum Dir IDCW-P,–,–,–,–,–,–
Axis Momentum Dir IDCW-R,–,–,–,–,–,–
Axis Momentum Reg Gr,–,–,–,–,–,–
Axis Momentum Reg IDCW-P,–,–,–,–,–,–
Axis Momentum Reg IDCW-R,–,–,–,–,–,–
Axis Multi AssetAllocationDirMntlyIDCW-P,–,–,–,–,10.16,0.51
Axis Multi Asset Allocation Dir Gr,–,–,–,–,10.01,0.62
Axis Multi Asset Allocation Gr,–,–,–,–,10,0.5
Axis Multi Asset AllocationMntly IDCW-P,–,–,–,–,9.98,0.48
Axis Multi AssetAllocationDirMntlyIDCW-R,–,–,–,–,10.16,0.51
Axis Multi Asset Allocation Mntly IDCW-R,–,–,–,–,9.98,0.48
Axis NASDAQ 100 FoF Dir Gr,–,–,–,–,–,–
Axis NASDAQ 100 FoF Dir IDCW-P,–,–,–,–,–,–
Axis NASDAQ 100 FoF Dir IDCW-R,–,–,–,–,–,–
Axis NASDAQ 100 FoF Reg Gr,–,–,–,–,–,–
Axis NASDAQ 100 FoF Reg IDCW-P,–,–,–,–,–,–
Axis NASDAQ 100 FoF Reg IDCW-R,–,–,–,–,–,–
Axis Nifty 500 Index Dir Gr,–,–,–,–,–,–
Axis Nifty 500 Index Reg Gr,–,–,–,–,–,–
Axis NiftyAAABPSDLA2650:50ETF F Dr Gr,–,–,–,–,1.67,0.14
Axis NiftyAAABPSDLA2650:50ETF F Dr IDCWP,–,–,–,–,1.67,0.14
Axis NiftyAAABPSDLA2650:50ETF F Dr IDCWR,–,–,–,–,1.67,0.14
Axis NiftyAAABPSDLA2650:50ETF F Rg Gr,–,–,–,–,1.67,0.07
Axis NiftyAAABPSDLA2650:50ETF F Rg IDCWP,–,–,–,–,1.67,0.07
Axis NiftyAAABPSDLA2650:50ETF F Rg IDCWR,–,–,–,–,1.67,0.07
Axis Nifty Bank Index Dir Gr,–,–,–,–,–,–
Axis Nifty Bank Index Dir IDCW-P,–,–,–,–,–,–
Axis Nifty Bank Index Dir IDCW-R,–,–,–,–,–,–
Axis Nifty Bank Index Reg Gr,–,–,–,–,–,–
Axis Nifty Bank Index Reg IDCW-P,–,–,–,–,–,–
Axis Nifty Bank Index Reg IDCW-R,–,–,–,–,–,–
Axis Nifty IT Index Dir Gr,–,–,–,–,–,–
Axis Nifty IT Index Dir IDCW-P,–,–,–,–,–,–
Axis Nifty IT Index Dir IDCW-R,–,–,–,–,–,–
Axis Nifty IT Index Reg Gr,–,–,–,–,–,–
Axis Nifty IT Index Reg IDCW-P,–,–,–,–,–,–
Axis Nifty IT Index Reg IDCW-R,–,–,–,–,–,–
Axis Nifty SDL Sept26 Dbt Idx Dir Gr,–,–,–,–,–,–
Axis Nifty SDL Sept26 Dbt Idx Dir IDCW-P,–,–,–,–,–,–
Axis Nifty SDL Sept26 Dbt Idx Dir IDCW-R,–,–,–,–,–,–
Axis Nifty SDL Sept26 Dbt Idx Reg Gr,–,–,–,–,–,–
Axis Nifty SDL Sept26 Dbt Idx Reg IDCW-P,–,–,–,–,–,–
Axis Nifty SDL Sept26 Dbt Idx Reg IDCW-R,–,–,–,–,–,–
Axis Nifty Smallcap 50 Index Dir Gr,–,–,–,–,20.55,0.94
Axis Nifty Smallcap 50 Index Dir IDCW-P,–,–,–,–,20.55,0.94
Axis Nifty Smallcap 50 Index Dir IDCW-R,–,–,–,–,20.55,0.94
Axis Nifty Smallcap 50 Index Reg Gr,–,–,–,–,20.53,0.9
Axis Nifty Smallcap 50 Index Reg IDCW-P,–,–,–,–,20.53,0.9
Axis Nifty Smallcap 50 Index Reg IDCW-R,–,–,–,–,20.53,0.9
Axis Nifty500 Momentum 50 Index Dir Gr,–,–,–,–,–,–
Axis Nifty500 Momentum 50 Index Reg Gr,–,–,–,–,–,–
Axis Nifty500 Value 50 Index Dir Gr,–,–,–,–,–,–
Axis Nifty500 Value 50 Index Reg Gr,–,–,–,–,–,–
Axis Retirement Agrsv Dir Gr,–,–,–,–,11.82,0.85
Axis Retirement Agrsv Dir IDCW-P,–,–,–,–,11.84,0.84
Axis Retirement Agrsv Reg Gr,–,–,–,–,11.85,0.72
Axis Retirement Agrsv Reg IDCW-P,–,–,–,–,11.83,0.72
Axis Retirement Cnsrv Dir Gr,–,–,–,–,6.17,0.73
Axis Retirement Cnsrv Dir IDCW-P,–,–,–,–,6.17,0.71
Axis Retirement Cnsrv Reg Gr,–,–,–,–,6.17,0.49
Axis Retirement Cnsrv Reg IDCW-P,–,–,–,–,6.17,0.49
Axis Silver Fund of Funds Dir Gr,–,–,–,–,–,–
Axis Silver Fund of Funds Dir IDCW-P,–,–,–,–,–,–
Axis Silver Fund of Funds Dir IDCW-R,–,–,–,–,–,–
Axis Silver Fund of Funds Reg Gr,–,–,–,–,–,–
Axis Silver Fund of Funds Reg IDCW-P,–,–,–,–,–,–
Axis Silver Fund of Funds Reg IDCW-R,–,–,–,–,–,–
Axis US Trs Dyn Bd ETF FoF Dir Gr,–,–,–,–,–,–
Axis US Trs Dyn Bd ETF FoF Dir IDCW-P,–,–,–,–,–,–
Axis US Trs Dyn Bd ETF FoF Dir IDCW-R,–,–,–,–,–,–
Axis US Trs Dyn Bd ETF FoF Reg Gr,–,–,–,–,–,–
Axis US Trs Dyn Bd ETF FoF Reg IDCW-P,–,–,–,–,–,–
Axis US Trs Dyn Bd ETF FoF Reg IDCW-R,–,–,–,–,–,–
Bajaj Finserv Arbitrage Dir Gr,–,–,–,–,–,–
Bajaj Finserv Arbitrage Dir IDCW-P,–,–,–,–,–,–
Bajaj Finserv Arbitrage Dir IDCW-T,–,–,–,–,–,–
Bajaj Finserv Arbitrage Reg Gr,–,–,–,–,–,–
Bajaj Finserv Arbitrage Reg IDCW-P,–,–,–,–,–,–
Bajaj Finserv Arbitrage Reg IDCW-R,–,–,–,–,–,–
Bajaj Finserv Arbitrage Reg IDCW-T,–,–,–,–,–,–
Bajaj Finserv Arbitrage Dir IDCW-R,–,–,–,–,–,–
Bajaj Finserv Balanced Advtg Dir Gr,–,–,–,–,–,–
Bajaj Finserv Balanced Advtg Dir IDCW-P,–,–,–,–,–,–
Bajaj Finserv Balanced Advtg Dir IDCW-R,–,–,–,–,–,–
Bajaj Finserv Balanced Advtg Dir IDCW-T,–,–,–,–,–,–
Bajaj Finserv Balanced Advtg Reg Gr,–,–,–,–,–,–
Bajaj Finserv Balanced Advtg Reg IDCW-P,–,–,–,–,–,–
Bajaj Finserv Balanced Advtg Reg IDCW-R,–,–,–,–,–,–
Bajaj Finserv Balanced Advtg Reg IDCW-T,–,–,–,–,–,–
Bajaj Finserv Bkg & PSU Dir Gr,–,–,–,–,–,–
Bajaj Finserv Bkg & PSU Dir Mn IDCW-P,–,–,–,–,–,–
Bajaj Finserv Bkg & PSU Dir Mn IDCW-R,–,–,–,–,–,–
Bajaj Finserv Bkg & PSU Dir IDCW-P,–,–,–,–,–,–
Bajaj Finserv Bkg & PSU Dir IDCW-R,–,–,–,–,–,–
Bajaj Finserv Bkg & PSU Dir IDCW-T,–,–,–,–,–,–
Bajaj Finserv Bkg & PSU Reg Gr,–,–,–,–,–,–
Bajaj Finserv Bkg & PSU Reg Mn IDCW-P,–,–,–,–,–,–
Bajaj Finserv Bkg & PSU Reg Mn IDCW-R,–,–,–,–,–,–
Bajaj Finserv Bkg & PSU Reg IDCW-P,–,–,–,–,–,–
Bajaj Finserv Bkg & PSU Reg IDCW-R,–,–,–,–,–,–
Bajaj Finserv Bkg & PSU Reg IDCW-T,–,–,–,–,–,–
Bajaj Finserv Consumption Dir Gr,–,–,–,–,–,–
Bajaj Finserv Consumption Dir IDCW-P,–,–,–,–,–,–
Bajaj Finserv Consumption Dir IDCW-R,–,–,–,–,–,–
Bajaj Finserv Consumption Reg Gr,–,–,–,–,–,–
Bajaj Finserv Consumption Reg IDCW-P,–,–,–,–,–,–
Bajaj Finserv Consumption Reg IDCW-R,–,–,–,–,–,–
Bajaj Finserv ELSS Tax Saver Dir Gr,–,–,–,–,–,–
Bajaj Finserv ELSS Tax Saver Dir IDCW-P,–,–,–,–,–,–
Bajaj Finserv ELSS Tax Saver Reg Gr,–,–,–,–,–,–
Bajaj Finserv ELSS Tax Saver Reg IDCW-P,–,–,–,–,–,–
Bajaj Finserv Flexi Cap Dir Gr,–,–,–,–,–,–
Bajaj Finserv Flexi Cap Dir IDCW-P,–,–,–,–,–,–
Bajaj Finserv Flexi Cap Dir IDCW-R,–,–,–,–,–,–
Bajaj Finserv Flexi Cap Dir IDCW-T,–,–,–,–,–,–
Bajaj Finserv Flexi Cap Reg Gr,–,–,–,–,–,–
Bajaj Finserv Flexi Cap Reg IDCW-P,–,–,–,–,–,–
Bajaj Finserv Flexi Cap Reg IDCW-R,–,–,–,–,–,–
Bajaj Finserv Flexi Cap Reg IDCW-T,–,–,–,–,–,–
Bajaj Finserv Gilt Dir Gr,–,–,–,–,–,–
Bajaj Finserv Gilt Dir IDCW-P,–,–,–,–,–,–
Bajaj Finserv Gilt Dir IDCW-R,–,–,–,–,–,–
Bajaj Finserv Gilt Dir IDCW-T,–,–,–,–,–,–
Bajaj Finserv Gilt Reg Gr,–,–,–,–,–,–
Bajaj Finserv Gilt Reg IDCW-P,–,–,–,–,–,–
Bajaj Finserv Gilt Reg IDCW-R,–,–,–,–,–,–
Bajaj Finserv Gilt Reg IDCW-T,–,–,–,–,–,–
Bajaj Finserv Healthcare Dir Gr,–,–,–,–,–,–
Bajaj Finserv Healthcare Dir IDCW-P,–,–,–,–,–,–
Bajaj Finserv Healthcare Dir IDCW-R,–,–,–,–,–,–
Bajaj Finserv Healthcare Reg Gr,–,–,–,–,–,–
Bajaj Finserv Healthcare Reg IDCW-P,–,–,–,–,–,–
Bajaj Finserv Healthcare Reg IDCW-R,–,–,–,–,–,–
Bajaj Finserv Large & Mid Cap Dir Gr,–,–,–,–,–,–
Bajaj Finserv Large & Mid Cap Dir IDCW-P,–,–,–,–,–,–
Bajaj Finserv Large & Mid Cap Dir IDCW-R,–,–,–,–,–,–
Bajaj Finserv Large & Mid Cap Dir IDCW-T,–,–,–,–,–,–
Bajaj Finserv Large & Mid Cap Reg Gr,–,–,–,–,–,–
Bajaj Finserv Large & Mid Cap Reg IDCW-P,–,–,–,–,–,–
Bajaj Finserv Large & Mid Cap Reg IDCW-R,–,–,–,–,–,–
Bajaj Finserv Large & Mid Cap Reg IDCW-T,–,–,–,–,–,–
Bajaj Finserv Large Cap Dir Gr,–,–,–,–,–,–
Bajaj Finserv Large Cap Dir IDCW-P,–,–,–,–,–,–
Bajaj Finserv Large Cap Dir IDCW-R,–,–,–,–,–,–
Bajaj Finserv Large Cap Reg Gr,–,–,–,–,–,–
Bajaj Finserv Large Cap Reg IDCW-P,–,–,–,–,–,–
Bajaj Finserv Large Cap Reg IDCW-R,–,–,–,–,–,–
Bajaj Finserv Liquid Dir Daily IDCW-P,–,–,–,–,–,–
Bajaj Finserv Liquid Dir Daily IDCW-R,–,–,–,–,–,–
Bajaj Finserv Liquid Dir Daily IDCW-T,–,–,–,–,–,–
Bajaj Finserv Liquid Dir Fortn IDCW-P,–,–,–,–,–,–
Bajaj Finserv Liquid Dir Fortn IDCW-R,–,–,–,–,–,–
Bajaj Finserv Liquid Dir Fortn IDCW-T,–,–,–,–,–,–
Bajaj Finserv Liquid Dir Gr,–,–,–,–,–,–
Bajaj Finserv Liquid Dir Monthly IDCW-P,–,–,–,–,–,–
Bajaj Finserv Liquid Dir Monthly IDCW-R,–,–,–,–,–,–
Bajaj Finserv Liquid Dir Monthly IDCW-T,–,–,–,–,–,–
Bajaj Finserv Liquid Dir Weekly IDCW-P,–,–,–,–,–,–
Bajaj Finserv Liquid Dir Weekly IDCW-R,–,–,–,–,–,–
Bajaj Finserv Liquid Dir Weekly IDCW-T,–,–,–,–,–,–
Bajaj Finserv Liquid Reg Daily IDCW-P,–,–,–,–,–,–
Bajaj Finserv Liquid Reg Daily IDCW-R,–,–,–,–,–,–
Bajaj Finserv Liquid Reg Daily IDCW-T,–,–,–,–,–,–
Bajaj Finserv Liquid Reg Fortn IDCW-P,–,–,–,–,–,–
Bajaj Finserv Liquid Reg Fortn IDCW-R,–,–,–,–,–,–
Bajaj Finserv Liquid Reg Fortn IDCW-T,–,–,–,–,–,–
Bajaj Finserv Liquid Reg Gr,–,–,–,–,–,–
Bajaj Finserv Liquid Reg Monthly IDCW-P,–,–,–,–,–,–
Bajaj Finserv Liquid Reg Monthly IDCW-R,–,–,–,–,–,–
Bajaj Finserv Liquid Reg Monthly IDCW-T,–,–,–,–,–,–
Bajaj Finserv Liquid Reg Weekly IDCW-P,–,–,–,–,–,–
Bajaj Finserv Liquid Reg Weekly IDCW-R,–,–,–,–,–,–
Bajaj Finserv Liquid Reg Weekly IDCW-T,–,–,–,–,–,–
Bajaj Finserv Money Market Dir Gr,–,–,–,–,–,–
Bajaj Finserv Money Mkt Dir Mly IDCW-P,–,–,–,–,–,–
Bajaj Finserv Money Mkt Dir Mly IDCW-R,–,–,–,–,–,–
Bajaj Finserv Money Market Dir IDCW-P,–,–,–,–,–,–
Bajaj Finserv Money Market Dir IDCW-R,–,–,–,–,–,–
Bajaj Finserv Money Market Reg Gr,–,–,–,–,–,–
Bajaj Finserv Money Mkt Reg Mly IDCW-P,–,–,–,–,–,–
Bajaj Finserv Money Mkt Reg Mly IDCW-R,–,–,–,–,–,–
Bajaj Finserv Money Market Reg IDCW-P,–,–,–,–,–,–
Bajaj Finserv Money Market Reg IDCW-R,–,–,–,–,–,–
Bajaj Finserv Multi Asst Allc Dir Gr,–,–,–,–,–,–
Bajaj Finserv Multi Asst Allc Dir IDCW-P,–,–,–,–,–,–
Bajaj Finserv Multi Asst Allc Dir IDCW-R,–,–,–,–,–,–
Bajaj Finserv Multi Asst Allc Dir IDCW-T,–,–,–,–,–,–
Bajaj Finserv Multi Asst Allc Reg Gr,–,–,–,–,–,–
Bajaj Finserv Multi Asst Allc Reg IDCW-P,–,–,–,–,–,–
Bajaj Finserv Multi Asst Allc Reg IDCW-R,–,–,–,–,–,–
Bajaj Finserv Multi Cap Dir Gr,–,–,–,–,–,–
Bajaj Finserv Multi Cap Dir IDCW-P,–,–,–,–,–,–
Bajaj Finserv Multi Cap Dir IDCW-R,–,–,–,–,–,–
Bajaj Finserv Multi Cap Reg Gr,–,–,–,–,–,–
Bajaj Finserv Multi Cap Reg IDCW-P,–,–,–,–,–,–
Bajaj Finserv Multi Cap Reg IDCW-R,–,–,–,–,–,–
Bajaj Finserv Nifty 50 Index Dir Gr,–,–,–,–,–,–
Bajaj Finserv Nifty 50 Index Dir IDCW-P,–,–,–,–,–,–
Bajaj Finserv Nifty 50 Index Dir IDCW-R,–,–,–,–,–,–
Bajaj Finserv Nifty 50 Index Reg Gr,–,–,–,–,–,–
Bajaj Finserv Nifty 50 Index Reg IDCW-P,–,–,–,–,–,–
Bajaj Finserv Nifty 50 Index Reg IDCW-R,–,–,–,–,–,–
Bajaj Finserv Nifty Next 50 Idx Dir Gr,–,–,–,–,–,–
Bajaj Finserv Nifty Next 50 IdxDirIDCW-P,–,–,–,–,–,–
Bajaj Finserv Nifty Next 50 IdxDirIDCW-R,–,–,–,–,–,–
Bajaj Finserv Nifty Next 50 Idx Reg Gr,–,–,–,–,–,–
Bajaj Finserv Nifty Next 50 IdxRegIDCW-P,–,–,–,–,–,–
Bajaj Finserv Nifty Next 50 IdxRegIDCW-R,–,–,–,–,–,–
Bajaj Finserv Overnight Dir Daily IDCW-P,–,–,–,–,–,–
Bajaj Finserv Overnight Dir Daily IDCW-R,–,–,–,–,–,–
Bajaj Finserv Overnight Dir Daily IDCW-T,–,–,–,–,–,–
Bajaj Finserv Overnight Dir Fortn IDCW-P,–,–,–,–,–,–
Bajaj Finserv Overnight Dir Fortn IDCW-R,–,–,–,–,–,–
Bajaj Finserv Overnight Dir Fortn IDCW-T,–,–,–,–,–,–
Bajaj Finserv Overnight Dir Gr,–,–,–,–,–,–
Bajaj Finserv Overnight Dir Mn IDCW-P,–,–,–,–,–,–
Bajaj Finserv Overnight Dir Mn IDCW-R,–,–,–,–,–,–
Bajaj Finserv Overnight Dir Mn IDCW-T,–,–,–,–,–,–
Bajaj FinservOvrnghtDirUnclmd<3yrsRdmptn,–,–,–,–,–,–
Bajaj Finserv Overnight Dir Wkly IDCW-P,–,–,–,–,–,–
Bajaj Finserv Overnight Dir Wkly IDCW-R,–,–,–,–,–,–
Bajaj Finserv Overnight Dir Wkly IDCW-T,–,–,–,–,–,–
Bajaj Finserv Overnight Reg Daily IDCW-P,–,–,–,–,–,–
Bajaj Finserv Overnight Reg Daily IDCW-R,–,–,–,–,–,–
Bajaj Finserv Overnight Reg Daily IDCW-T,–,–,–,–,–,–
Bajaj Finserv Overnight Reg Fortn IDCW-P,–,–,–,–,–,–
Bajaj Finserv Overnight Reg Fortn IDCW-R,–,–,–,–,–,–
Bajaj Finserv Overnight Reg Fortn IDCW-T,–,–,–,–,–,–
Bajaj Finserv Overnight Reg Gr,–,–,–,–,–,–
Bajaj Finserv Overnight Reg Mn IDCW-P,–,–,–,–,–,–
Bajaj Finserv Overnight Reg Mn IDCW-R,–,–,–,–,–,–
Bajaj Finserv Overnight Reg Mn IDCW-T,–,–,–,–,–,–
Bajaj Finserv Overnight Reg Wkly IDCW-P,–,–,–,–,–,–
Bajaj Finserv Overnight Reg Wkly IDCW-R,–,–,–,–,–,–
Bajaj Finserv Overnight Reg Wkly IDCW-T,–,–,–,–,–,–
Bandhan Arbitrage Dir Ann IDCW-P,–,–,–,–,0.57,0.82
Bandhan Arbitrage Dir Ann IDCW-R,–,–,–,–,0.57,0.82
Bandhan Arbitrage Dir Gr,–,–,–,–,0.54,1.65
Bandhan Arbitrage Dir IDCW-P,–,–,–,–,5.29,-0.45
Bandhan Arbitrage Dir IDCW-R,–,–,–,–,5.29,-0.45
Bandhan Arbitrage Reg Ann IDCW-P,–,–,–,–,0.57,-0.59
Bandhan Arbitrage Reg Ann IDCW-R,–,–,–,–,0.57,-0.59
Bandhan Arbitrage Reg Gr,–,–,–,–,0.53,0.06
Bandhan Arbitrage Reg IDCW-P,–,–,–,–,0.66,0.01
Bandhan Arbitrage Reg IDCW-R,–,–,–,–,0.66,0.01
Bandhan Asset Alloc FOF Mod Dir Gr,–,–,–,–,6.81,0.9
Bandhan Asset Alloc FOF Mod Dir IDCW-P,–,–,–,–,6.96,0.85
Bandhan Asset Alloc FOF Mod Dir IDCW-R,–,–,–,–,6.96,0.85
Bandhan Asset Alloc FOF Mod Reg Gr,–,–,–,–,6.81,0.81
Bandhan Asset Alloc FOF Mod Reg IDCW-P,–,–,–,–,6.95,0.78
Bandhan Asset Alloc FOF Mod Reg IDCW-R,–,–,–,–,6.95,0.78
Bandhan Balanced Advantage Dir Gr,Average,–,–,–,7.52,0.84
Bandhan Balanced Advantage Dir IDCW-P,Average,–,–,–,7.64,0.82
Bandhan Balanced Advantage Reg Gr,Average,–,–,–,7.5,0.66
Bandhan Balanced Advantage Reg IDCW-P,Average,–,–,–,7.66,0.64
Bandhan Balanced Advantage Reg IDCW-R,Average,–,–,–,7.66,0.64
Bandhan Balanced Advantage Dir IDCW-R,Average,–,–,–,7.64,0.82
Bandhan BSE Healthcare Index Dir Gr,–,–,–,–,–,–
Bandhan BSE Healthcare Index Reg Gr,–,–,–,–,–,–
Bandhan Business Cycle Dir Gr,–,–,–,–,–,–
Bandhan Business Cycle Dir IDCW-P,–,–,–,–,–,–
Bandhan Business Cycle Dir IDCW-R,–,–,–,–,–,–
Bandhan Business Cycle Dir IDCW-T,–,–,–,–,–,–
Bandhan Business Cycle Reg Gr,–,–,–,–,–,–
Bandhan Business Cycle Reg IDCW-P,–,–,–,–,–,–
Bandhan Business Cycle Reg IDCW-R,–,–,–,–,–,–
Bandhan Business Cycle Reg IDCW-T,–,–,–,–,–,–
Bandhan Credit Risk Dir Prd IDCW-P,–,–,–,–,–,–
Bandhan Credit Risk Reg Hlf Yrly IDCW-P,–,–,–,–,–,–
Bandhan CRISILIBX1090Glt+SDL1229DirGr,–,–,–,–,–,–
Bandhan CRISILIBX1090Glt+SDL1229DirIDCWP,–,–,–,–,–,–
Bandhan CRISILIBX1090Glt+SDL1229DirIDCWR,–,–,–,–,–,–
Bandhan CRISILIBX1090Glt+SDL1229RegGr,–,–,–,–,–,–
Bandhan CRISILIBX1090Glt+SDL1229RegIDCWP,–,–,–,–,–,–
Bandhan CRISILIBX1090Glt+SDL1229RegIDCWR,–,–,–,–,–,–
Bandhan Crisil IBX 90:10 1126 Dr Gr,–,–,–,–,–,–
Bandhan Crisil IBX 90:10 1126 Dr IDCW-P,–,–,–,–,–,–
Bandhan Crisil IBX 90:10 1126 Dr IDCW-R,–,–,–,–,–,–
Bandhan Crisil IBX 90:10 1126 Dr IDCW-T,–,–,–,–,–,–
Bandhan Crisil IBX 90:10 1126 Reg Gr,–,–,–,–,–,–
Bandhan Crisil IBX 90:10 1126 Reg IDCW-P,–,–,–,–,–,–
Bandhan Crisil IBX 90:10 1126 Reg IDCW-R,–,–,–,–,–,–
Bandhan Crisil IBX 90:10 1126 Reg IDCW-T,–,–,–,–,–,–
Bandhan Crisil IBX 90:10 0432 Dir Gr,–,–,–,–,–,–
Bandhan Crisil IBX 90:10 0432 Dir IDCW-P,–,–,–,–,–,–
Bandhan Crisil IBX 90:10 0432 Dir IDCW-T,–,–,–,–,–,–
Bandhan Crisil IBX 90:10 0432 Dir IDCW-R,–,–,–,–,–,–
Bandhan Crisil IBX 90:10 0432 Reg Gr,–,–,–,–,–,–
Bandhan Crisil IBX 90:10 0432 Reg IDCW-P,–,–,–,–,–,–
Bandhan Crisil IBX 90:10 0432 Reg IDCW-R,–,–,–,–,–,–
Bandhan Crisil IBX 90:10 0432 Reg IDCW-T,–,–,–,–,–,–
Bandhan Crisil IBX 90:10 0927 Dr Gr,–,–,–,–,–,–
Bandhan Crisil IBX 90:10 0927 Dr IDCW-P,–,–,–,–,–,–
Bandhan Crisil IBX 90:10 0927 Dr IDCW-T,–,–,–,–,–,–
Bandhan Crisil IBX 90:10 0927 Dr IDCW-R,–,–,–,–,–,–
Bandhan Crisil IBX 90:10 0927 Reg Gr,–,–,–,–,–,–
Bandhan Crisil IBX 90:10 0927 Reg IDCW-P,–,–,–,–,–,–
Bandhan Crisil IBX 90:10 0927 Reg IDCW-R,–,–,–,–,–,–
Bandhan Crisil IBX 90:10 0927 Reg IDCW-T,–,–,–,–,–,–
Bandhan CRISIL-IBX FS 3-6MnthsDbtIdxDrGr,–,–,–,–,–,–
Bandhan CRISIL-IBX FS 3-6MnthsDbtIdxRgGr,–,–,–,–,–,–
Bandhan Crisil IBX Gilt Apr 2026 Dr Gr,–,–,–,–,–,–
Bandhan Crisil IBX Gilt Apr 2026DrIDCW-P,–,–,–,–,–,–
Bandhan Crisil IBX Gilt Apr 2026DrIDCW-R,–,–,–,–,–,–
Bandhan Crisil IBX Gilt Apr 2026DrIDCW-T,–,–,–,–,–,–
Bandhan Crisil IBX Gilt Apr 2026 Reg Gr,–,–,–,–,–,–
Bandhan Crisil IBX Gilt Apr2026RegIDCW-P,–,–,–,–,–,–
Bandhan Crisil IBX Gilt Apr2026RegIDCW-R,–,–,–,–,–,–
Bandhan Crisil IBX Gilt Apr2026RegIDCW-T,–,–,–,–,–,–
Bandhan CRISIL IBX Gilt April 2028 DirGr,–,–,–,–,1.58,0.96
Bandhan CRISIL IBXGiltApril2028DirIDCW-P,–,–,–,–,1.69,0.69
Bandhan CRISIL IBX Gilt April 2028IDCW-R,–,–,–,–,1.69,0.69
Bandhan CRISIL IBX Gilt April 2028IDCW-T,–,–,–,–,1.69,0.69
Bandhan CRISIL IBX Gilt April 2028 RegGr,–,–,–,–,1.58,0.81
Bandhan CRISIL IBX Gilt April 2028IDCW-P,–,–,–,–,1.67,0.56
Bandhan CRISIL IBXGiltApril2028RegIDCW-R,–,–,–,–,1.67,0.56
Bandhan CRISIL IBXGiltApril2028RegIDCW-T,–,–,–,–,1.67,0.56
Bandhan Crisil IBX Gilt Apr 2032 Dir Gr,–,–,–,–,–,–
Bandhan Crisil IBX GiltApr2032 DirIDCW-P,–,–,–,–,–,–
Bandhan Crisil IBX GiltApr2032DirIDCW-R,–,–,–,–,–,–
Bandhan Crisil IBX Gilt Apr2032DirIDCW-T,–,–,–,–,–,–
Bandhan Crisil IBX Gilt Apr 2032 Reg Gr,–,–,–,–,–,–
Bandhan Crisil IBX Gilt Apr2032RegIDCW-P,–,–,–,–,–,–
Bandhan Crisil IBX Gilt Apr2032RegIDCW-R,–,–,–,–,–,–
Bandhan Crisil IBX Gilt Apr2032RegIDCW-T,–,–,–,–,–,–
Bandhan CRISIL IBX Glt June 2027IdxDirGr,–,–,–,–,1.47,0.85
Bandhan CRISILIBXGltJune2027IdxDirIDCW-P,–,–,–,–,3.09,-0.42
Bandhan CRISILIBXGltJune2027IdxDirIDCW-R,–,–,–,–,3.09,-0.42
Bandhan CRISILIBXGltJune2027IdxDirIDCW-T,–,–,–,–,3.09,-0.42
Bandhan CRISIL IBX Glt June 2027IdxRegGr,–,–,–,–,1.47,0.68
Bandhan CRISILIBXGltJune2027IdxRegIDCW-P,–,–,–,–,1.58,0.43
Bandhan CRISILIBXGltJune2027IdxRegIDCW-R,–,–,–,–,1.58,0.43
Bandhan CRISILIBXGltJune2027IdxRegIDCW-T,–,–,–,–,1.58,0.43
Bandhan Equity Savings Dir Qt IDCW-P,Low,–,–,–,2.76,0.78
Bandhan Equity Savings Dir Qt IDCW-R,Low,–,–,–,2.76,0.78
Bandhan Equity Savings Dir Ann IDCW-P,Low,–,–,–,2.52,0.76
Bandhan Equity Savings Dir Ann IDCW-R,Low,–,–,–,2.52,0.76
Bandhan Equity Savings Dir Gr,Below Average,–,–,–,2.52,0.9
Bandhan Equity Savings Dir IDCW-P,Average,–,–,–,5.88,-0.14
Bandhan Equity Savings Dir IDCW-R,Average,–,–,–,5.88,-0.14
Bandhan Equity Savings Reg Ann IDCW-P,Below Average,–,–,–,2.51,0.37
Bandhan Equity Savings Reg Ann IDCW-R,Below Average,–,–,–,2.51,0.37
Bandhan Equity Savings Reg Gr,Below Average,–,–,–,2.52,0.5
Bandhan Equity Savings Reg IDCW-P,Average,–,–,–,5.04,-0.24
Bandhan Equity Savings Reg IDCW-R,Average,–,–,–,5.04,-0.24
Bandhan Equity Savings Reg Qt IDCW-P,Low,–,–,–,2.77,0.44
Bandhan Equity Savings Reg Qt IDCW-R,Low,–,–,–,2.77,0.44
Bandhan Financial Services Dir Gr,–,–,–,–,–,–
Bandhan Financial Services Dir IDCW-P,–,–,–,–,–,–
Bandhan Financial Services Dir IDCW-R,–,–,–,–,–,–
Bandhan Financial Services Dir IDCW-T,–,–,–,–,–,–
Bandhan Financial Services Reg Gr,–,–,–,–,–,–
Bandhan Financial Services Reg IDCW-P,–,–,–,–,–,–
Bandhan Financial Services Reg IDCW-R,–,–,–,–,–,–
Bandhan Financial Services Reg IDCW-T,–,–,–,–,–,–
Bandhan Floating Rate Dir Pd IDCW-P,–,–,–,–,–,–
Bandhan Floating Rate Dir Pd IDCW-R,–,–,–,–,–,–
Bandhan Floating Rate Dir Pd IDCW-T,–,–,–,–,–,–
Bandhan Inc Pl Arbtg FoF Dir Ann IDCW-P,–,–,–,–,0.87,0.66
Bandhan Inc Pl Arbtg FoF Dir Ann IDCW-R,–,–,–,–,0.87,0.66
Bandhan Inc Pl Arbtg FoF Dir Dl IDCW-R,–,–,–,–,1.99,-0.26
Bandhan Inc Pl Arbtg FoF Dir Fr IDCW-P,–,–,–,–,0.94,0.51
Bandhan Inc Pl Arbtg FoF Dir Fr IDCW-R,–,–,–,–,0.94,0.51
Bandhan Inc Pl Arbtg FoF Dir Gr,–,–,–,–,0.91,1.05
Bandhan Inc Pl Arbtg FoF Dir HY IDCW-P,–,–,–,–,4.55,-0.39
Bandhan Inc Pl Arbtg FoF Dir HY IDCW-R,–,–,–,–,4.55,-0.39
Bandhan Inc Pl Arbtg FoF Dir Prdic IDCWP,–,–,–,–,0.91,1.06
Bandhan Inc Pl Arbtg FoF Dir Prdic IDCWR,–,–,–,–,0.91,1.06
Bandhan Inc Pl Arbtg FoF Dir Qt IDCW-P,–,–,–,–,1.75,0.48
Bandhan Inc Pl Arbtg FoF Dir Qt IDCW-R,–,–,–,–,1.75,0.48
Bandhan Inc Pl Arbtg FoF Dir Wk IDCW-R,–,–,–,–,1.35,-0.16
Bandhan Inc Pl Arbtg FoF Reg Ann IDCW-P,–,–,–,–,0.85,0.39
Bandhan Inc Pl Arbtg FoF Reg Ann IDCW-R,–,–,–,–,0.85,0.39
Bandhan Inc Pl Arbtg FoF Reg Dl IDCW-R,–,–,–,–,1.38,-0.99
Bandhan Inc Pl Arbtg FoF Reg Fr IDCW-P,–,–,–,–,0.91,0.37
Bandhan Inc Pl Arbtg FoF Reg Fr IDCW-R,–,–,–,–,0.91,0.37
Bandhan Inc Pl Arbtg FoF Reg Gr,–,–,–,–,0.91,0.62
Bandhan Inc Pl Arbtg FoF Reg HY IDCW-P,–,–,–,–,0.87,0.49
Bandhan Inc Pl Arbtg FoF Reg HY IDCW-R,–,–,–,–,0.87,0.49
Bandhan Inc Pl Arbtg FoF Reg Prdic IDCWP,–,–,–,–,0.91,0.62
Bandhan Inc Pl Arbtg FoF Reg Prdic IDCWR,–,–,–,–,0.91,0.62
Bandhan Inc Pl Arbtg FoF Reg Qt IDCW-P,–,–,–,–,1.69,0.28
Bandhan Inc Pl Arbtg FoF Reg Qt IDCW-R,–,–,–,–,1.69,0.28
Bandhan Inc Pl Arbtg FoF Reg Wk IDCW-R,–,–,–,–,1.25,0.08
Bandhan Innovation Dir Gr,–,–,–,–,–,–
Bandhan Innovation Dir IDCW-P,–,–,–,–,–,–
Bandhan Innovation Dir IDCW-R,–,–,–,–,–,–
Bandhan Innovation Dir IDCW-T,–,–,–,–,–,–
Bandhan Innovation Reg Gr,–,–,–,–,–,–
Bandhan Innovation Reg IDCW-P,–,–,–,–,–,–
Bandhan Innovation Reg IDCW-R,–,–,–,–,–,–
Bandhan Innovation Reg IDCW-T,–,–,–,–,–,–
Bandhan Long Duration Dir Gr,–,–,–,–,–,–
Bandhan Long Duration Dir IDCW-P,–,–,–,–,–,–
Bandhan Long Duration Dir IDCW-R,–,–,–,–,–,–
Bandhan Long Duration Dir IDCW-T,–,–,–,–,–,–
Bandhan Long Duration Reg Gr,–,–,–,–,–,–
Bandhan Long Duration Reg IDCW-P,–,–,–,–,–,–
Bandhan Long Duration Reg IDCW-R,–,–,–,–,–,–
Bandhan Long Duration Reg IDCW-T,–,–,–,–,–,–
Bandhan Midcap Dir Gr,–,–,–,–,–,–
Bandhan Midcap Dir IDCW-P,–,–,–,–,–,–
Bandhan Midcap Dir IDCW-R,–,–,–,–,–,–
Bandhan Midcap Dir IDCW-T,–,–,–,–,–,–
Bandhan Midcap Reg Gr,–,–,–,–,–,–
Bandhan Midcap Reg IDCW-P,–,–,–,–,–,–
Bandhan Midcap Reg IDCW-R,–,–,–,–,–,–
Bandhan Midcap Reg IDCW-T,–,–,–,–,–,–
Bandhan Multi Asset Allc Dir Gr,–,–,–,–,–,–
Bandhan Multi Asset Allc Dir IDCW-P,–,–,–,–,–,–
Bandhan Multi Asset Allc Dir IDCW-R,–,–,–,–,–,–
Bandhan Multi Asset Allc Dir IDCW-T,–,–,–,–,–,–
Bandhan Multi Asset Allc Reg Gr,–,–,–,–,–,–
Bandhan Multi Asset Allc Reg IDCW-P,–,–,–,–,–,–
Bandhan Multi Asset Allc Reg IDCW-R,–,–,–,–,–,–
Bandhan Multi Asset Allc Reg IDCW-T,–,–,–,–,–,–
Bandhan Nifty 200 Quality 30 Idx Dir Gr,–,–,–,–,–,–
Bandhan Nifty 200 Quality 30 Idx Reg Gr,–,–,–,–,–,–
Bandhan Nifty 500 Momentum 50 Idx Dir Gr,–,–,–,–,–,–
Bandhan Nifty 500 Momentum 50 Idx Reg Gr,–,–,–,–,–,–
Bandhan Nifty 500 Value 50 Index Dir Gr,–,–,–,–,–,–
Bandhan Nifty 500 Value 50 Index Reg Gr,–,–,–,–,–,–
Bandhan Nifty Alpha 50 Index Dir Gr,–,–,–,–,–,–
Bandhan Nifty Alpha 50 Index Dir IDCW-P,–,–,–,–,–,–
Bandhan Nifty Alpha 50 Index Dir IDCW-R,–,–,–,–,–,–
Bandhan Nifty Alpha 50 Index Dir IDCW-T,–,–,–,–,–,–
Bandhan Nifty Alpha 50 Index Reg Gr,–,–,–,–,–,–
Bandhan Nifty Alpha 50 Index Reg IDCW-P,–,–,–,–,–,–
Bandhan Nifty Alpha 50 Index Reg IDCW-R,–,–,–,–,–,–
Bandhan Nifty Alpha 50 Index Reg IDCW-T,–,–,–,–,–,–
Bandhan Nifty Alpha Lw Vol 30 Idx Dir Gr,–,–,–,–,–,–
Bandhan Nifty Alpha Lw Vol 30 Idx Reg Gr,–,–,–,–,–,–
Bandhan Nifty Bank Index Dir Gr,–,–,–,–,–,–
Bandhan Nifty Bank Index Reg Gr,–,–,–,–,–,–
Bandhan Nifty IT Index Dir Gr,–,–,–,–,–,–
Bandhan Nifty IT Index Dir IDCW-P,–,–,–,–,–,–
Bandhan Nifty IT Index Dir IDCW-R,–,–,–,–,–,–
Bandhan Nifty IT Index Dir IDCW-T,–,–,–,–,–,–
Bandhan Nifty IT Index Reg Gr,–,–,–,–,–,–
Bandhan Nifty IT Index Reg IDCW-P,–,–,–,–,–,–
Bandhan Nifty IT Index Reg IDCW-R,–,–,–,–,–,–
Bandhan Nifty IT Index Reg IDCW-T,–,–,–,–,–,–
Bandhan Nifty Midcap 150 Index Dir Gr,–,–,–,–,–,–
Bandhan Nifty Midcap 150 Index Reg Gr,–,–,–,–,–,–
Bandhan Nifty Next 50 Index Dir Gr,–,–,–,–,–,–
Bandhan Nifty Next 50 Index Reg Gr,–,–,–,–,–,–
Bandhan Nifty SmCp 250 Idx Dir Gr,–,–,–,–,–,–
Bandhan Nifty SmCp 250 Idx Dir IDCW-P,–,–,–,–,–,–
Bandhan Nifty SmCp 250 Idx Dir IDCW-R,–,–,–,–,–,–
Bandhan Nifty SmCp 250 Idx Dir IDCW-T,–,–,–,–,–,–
Bandhan Nifty SmCp 250 Idx Reg Gr,–,–,–,–,–,–
Bandhan Nifty SmCp 250 Idx Reg IDCW-P,–,–,–,–,–,–
Bandhan Nifty SmCp 250 Idx Reg IDCW-R,–,–,–,–,–,–
Bandhan Nifty SmCp 250 Idx Reg IDCW-T,–,–,–,–,–,–
Bandhan Nifty Total Market Index Dir Gr,–,–,–,–,–,–
Bandhan Nifty Total Market Index Reg Gr,–,–,–,–,–,–
Bandhan Nifty100 Low Vol 30 Idx Dir Gr,–,–,–,–,–,–
Bandhan Nifty100 Low Vol 30Idx DirIDCW-P,–,–,–,–,–,–
Bandhan Nifty100 Low Vol 30Idx DirIDCW-R,–,–,–,–,–,–
Bandhan Nifty100 Low Vol 30 Idx DirIDCWT,–,–,–,–,–,–
Bandhan Nifty100 Low Vol 30 Idx Reg Gr,–,–,–,–,–,–
Bandhan Nifty100 Low Vol 30Idx RegIDCW-P,–,–,–,–,–,–
Bandhan Nifty100 Low Vol 30Idx RegIDCW-R,–,–,–,–,–,–
Bandhan Nifty100 Low Vol 30 Idx RegIDCWT,–,–,–,–,–,–
Bandhan Nifty200 Momentum 30 Idx Dir Gr,–,–,–,–,–,–
Bandhan Nifty200 Momt 30 Idx Dir IDCW-P,–,–,–,–,–,–
Bandhan Nifty200 Momt 30 Idx Dir IDCW-R,–,–,–,–,–,–
Bandhan Nifty200 Momentum 30 IdxDirIDCWT,–,–,–,–,–,–
Bandhan Nifty200 Momentum 30 Idx Reg Gr,–,–,–,–,–,–
Bandhan Nifty200 Momt 30 Idx Reg IDCW-P,–,–,–,–,–,–
Bandhan Nifty200 Momt 30 Idx Reg IDCW-R,–,–,–,–,–,–
Bandhan Nifty200 Momentum 30 IdxRegIDCWT,–,–,–,–,–,–
Bandhan Overnight Dir Prdic IDCW-P,–,–,–,–,–,–
Bandhan Overnight Dir Prdic IDCW-R,–,–,–,–,–,–
Bandhan Overnight Reg Prdic IDCW-R,–,–,–,–,–,–
Bandhan Overnight Reg Prdic IDCW-T,–,–,–,–,–,–
Bandhan Retirement Dir Gr,–,–,–,–,–,–
Bandhan Retirement Dir IDCW-P,–,–,–,–,–,–
Bandhan Retirement Dir IDCW-R,–,–,–,–,–,–
Bandhan Retirement Dir IDCW-T,–,–,–,–,–,–
Bandhan Retirement Reg Gr,–,–,–,–,–,–
Bandhan Retirement Reg IDCW-P,–,–,–,–,–,–
Bandhan Retirement Reg IDCW-R,–,–,–,–,–,–
Bandhan Retirement Reg IDCW-T,–,–,–,–,–,–
Bandhan Trsptn and Logistics Dir Gr,–,–,–,–,–,–
Bandhan Trsptn and Logistics Dir IDCW-R,–,–,–,–,–,–
Bandhan Trsptn and Logistics Dir IDCW-T,–,–,–,–,–,–
Bandhan Trsptn and Logistics Dir IDCW-P,–,–,–,–,–,–
Bandhan Trsptn and Logistics Reg Gr,–,–,–,–,–,–
Bandhan Trsptn and Logistics Reg IDCW-P,–,–,–,–,–,–
Bandhan Trsptn and Logistics Reg IDCW-R,–,–,–,–,–,–
Bandhan Trsptn and Logistics Reg IDCW-T,–,–,–,–,–,–
Bandhan US Equity FOF Dir Gr,–,–,–,–,17.66,0.86
Bandhan US Equity FOF Dir IDCW-P,–,–,–,–,17.66,0.86
Bandhan US Equity FOF Dir IDCW-R,–,–,–,–,17.66,0.86
Bandhan US Equity FOF Dir IDCW-T,–,–,–,–,17.66,0.86
Bandhan US Equity FOF Reg Gr,–,–,–,–,17.63,0.8
Bandhan US Equity FOF Reg IDCW-P,–,–,–,–,17.63,0.8
Bandhan US Equity FOF Reg IDCW-R,–,–,–,–,17.63,0.8
Bandhan US Equity FOF Reg IDCW-T,–,–,–,–,17.63,0.8
Bandhan US Treasury Bd 0-1 Yr Dir Gr,–,–,–,–,–,–
Bandhan US Treasury Bd 0-1 Yr Dir IDCW-P,–,–,–,–,–,–
Bandhan US Treasury Bd 0-1 Yr Dir IDCW-R,–,–,–,–,–,–
Bandhan US Treasury Bd 0-1 Yr Dir IDCW-T,–,–,–,–,–,–
Bandhan US Treasury Bd 0-1 Yr Reg Gr,–,–,–,–,–,–
Bandhan US Treasury Bd 0-1 Yr Reg IDCW-P,–,–,–,–,–,–
Bandhan US Treasury Bd 0-1 Yr Reg IDCW-R,–,–,–,–,–,–
Bandhan US Treasury Bd 0-1 Yr Reg IDCW-T,–,–,–,–,–,–
Bank of India Arbitrage Dir Ann IDCW-P,–,–,–,–,0.57,-0.4
Bank of India Arbitrage Dir Ann IDCW-R,–,–,–,–,0.57,-0.4
Bank of India Arbitrage Dir Gr,–,–,–,–,0.57,-0.34
Bank of India Arbitrage Dir Mly IDCW-P,–,–,–,–,0.57,-0.41
Bank of India Arbitrage Dir Mly IDCW-R,–,–,–,–,0.57,-0.41
Bank of India Arbitrage Dir Qt IDCW-P,–,–,–,–,0.57,-0.37
Bank of India Arbitrage Dir Qt IDCW-R,–,–,–,–,0.57,-0.37
Bank of India Arbitrage Reg Ann IDCW-P,–,–,–,–,0.55,-1.59
Bank of India Arbitrage Reg Ann IDCW-R,–,–,–,–,0.55,-1.59
Bank of India Arbitrage Reg Gr,–,–,–,–,0.55,-1.61
Bank of India Arbitrage Reg Mly IDCW-P,–,–,–,–,0.55,-1.62
Bank of India Arbitrage Reg Mly IDCW-R,–,–,–,–,0.55,-1.62
Bank of India Arbitrage Reg Qt IDCW-P,–,–,–,–,0.55,-1.61
Bank of India Arbitrage Reg Qt IDCW-R,–,–,–,–,0.55,-1.61
Bank of India Balanced Advantage Dir Gr,Above Average,–,–,–,10.19,0.6
Bank of India Balanced Advtg Dir IDCW-P,Average,–,–,–,10.18,0.59
Bank of India Balanced Advtg Dir IDCW-R,Average,–,–,–,10.18,0.59
Bank of India Balanced Advantage Reg Gr,Average,–,–,–,10.19,0.5
Bank of India Balanced Advtg Reg IDCW-P,Average,–,–,–,10.19,0.5
Bank of India Balanced Advtg Reg IDCW-R,Average,–,–,–,10.19,0.5
Bank of India Business Cycle Dir Gr,–,–,–,–,–,–
Bank of India Business Cycle Dir IDCW-P,–,–,–,–,–,–
Bank of India Business Cycle Dir IDCW-R,–,–,–,–,–,–
Bank of India Business Cycle Reg Gr,–,–,–,–,–,–
Bank of India Business Cycle Reg IDCW-P,–,–,–,–,–,–
Bank of India Business Cycle Reg IDCW-R,–,–,–,–,–,–
Bank of India Consumption Dir Gr,–,–,–,–,–,–
Bank of India Consumption Dir IDCW-P,–,–,–,–,–,–
Bank of India Consumption Dir IDCW-R,–,–,–,–,–,–
Bank of India Consumption Reg Gr,–,–,–,–,–,–
Bank of India Consumption Reg IDCW-P,–,–,–,–,–,–
Bank of India Consumption Reg IDCW-R,–,–,–,–,–,–
Bank of India Money Mkt Dir Dl IDCW-R,–,–,–,–,–,–
Bank of India Money Mkt Dir Gr,–,–,–,–,–,–
Bank of India Money Mkt Dir Mly IDCW-P,–,–,–,–,–,–
Bank of India Money Mkt Dir Mly IDCW-R,–,–,–,–,–,–
Bank of India Money Mkt Reg Dl IDCW-R,–,–,–,–,–,–
Bank of India Money Mkt Reg Gr,–,–,–,–,–,–
Bank of India Money Mkt Reg Mly IDCW-P,–,–,–,–,–,–
Bank of India Money Mkt Reg Mly IDCW-R,–,–,–,–,–,–
Bank of India Money Mkt Reg Wly IDCW-R,–,–,–,–,–,–
Bank of India Multi Asst Allc Dir Gr,–,–,–,–,–,–
Bank of India Multi Asst Allc Dir IDCW-P,–,–,–,–,–,–
Bank of India Multi Asst Allc Dir IDCW-R,–,–,–,–,–,–
Bank of India Multi Asst Allc Reg Gr,–,–,–,–,–,–
Bank of India Multi Asst Allc Reg IDCW-P,–,–,–,–,–,–
Bank of India Multi Asst Allc Reg IDCW-R,–,–,–,–,–,–
Bank of India Multi Cap Dir Gr,–,–,–,–,–,–
Bank of India Multi Cap Dir IDCW-P,–,–,–,–,–,–
Bank of India Multi Cap Dir IDCW-R,–,–,–,–,–,–
Bank of India Multi Cap Reg Gr,–,–,–,–,–,–
Bank of India Multi Cap Reg IDCW-P,–,–,–,–,–,–
Bank of India Multi Cap Reg IDCW-R,–,–,–,–,–,–
Bank of India Overnight Dir Dl IDCW-R,–,–,–,–,–,–
Bank of India Overnight Dir Mly IDCW-P,–,–,–,–,–,–
Bank of India Overnight Reg Dl IDCW-R,–,–,–,–,–,–
Bank of India Overnight Reg Wly IDCW-P,–,–,–,–,–,–
Bank of India Overnight Reg Wly IDCW-R,–,–,–,–,–,–
Baroda BNP P Aqua FoF Dir Gr,–,–,–,–,18.72,0.36
Baroda BNP P Aqua FoF Dir IDCW-P,–,–,–,–,18.72,0.36
Baroda BNP P Aqua FoF Dir IDCW-R,–,–,–,–,18.72,0.36
Baroda BNP P Aqua FoF Reg Gr,–,–,–,–,18.71,0.3
Baroda BNP P Aqua FoF Reg IDCW-P,–,–,–,–,18.71,0.3
Baroda BNP P Aqua FoF Reg IDCW-R,–,–,–,–,18.71,0.3
Baroda BNP P Arbtrg Dir Gr,–,–,–,–,0.58,1.24
Baroda BNP P Arbtrg Dir Mn IDCW-R,–,–,–,–,0.58,1.19
Baroda BNP P Arbtrg Dir Mn IDCW-P,–,–,–,–,0.58,1.19
Baroda BNP P Arbtrg Dir IDCW-P,–,–,–,–,0.93,-0.07
Baroda BNP P Arbtrg Dir Qt IDCW-R,–,–,–,–,1.47,-0.22
Baroda BNP P Arbtrg Dir Qt IDCW-P,–,–,–,–,1.47,-0.22
Baroda BNP P Arbtrg Dir IDCW-R,–,–,–,–,0.93,-0.07
Baroda BNP P Arbtrg Reg Gr,–,–,–,–,0.57,-0.22
Baroda BNP P Arbtrg Reg Mn IDCW-R,–,–,–,–,0.57,-0.27
Baroda BNP P Arbtrg Reg Mn IDCW-P,–,–,–,–,0.57,-0.27
Baroda BNP P Arbtrg Reg IDCW-P,–,–,–,–,0.86,-0.81
Baroda BNP P Arbtrg Reg Qt IDCW-R,–,–,–,–,1.46,-0.72
Baroda BNP P Arbtrg Reg Qt IDCW-P,–,–,–,–,1.46,-0.72
Baroda BNP P Arbtrg Reg IDCW-R,–,–,–,–,0.86,-0.81
Baroda BNP P Bal Advtg Dir Gr,Above Average,–,–,–,10.15,1
Baroda BNP P Bal Advtg Dir IDCW-P,Above Average,–,–,–,10.06,0.94
Baroda BNP P Bal Advtg Dir IDCW-R,Above Average,–,–,–,10.06,0.94
Baroda BNP P Bal Advtg Reg Gr,Above Average,–,–,–,10.14,0.88
Baroda BNP P Bal Advtg Reg IDCW-P,Above Average,–,–,–,10.04,0.82
Baroda BNP P Bal Advtg Reg IDCW-R,Above Average,–,–,–,10.04,0.82
Baroda BNP P Busnss CycleDirGr,–,–,–,–,15.21,0.9
Baroda BNP P Busnss CycleDirIDCW-P,–,–,–,–,15.11,0.88
Baroda BNP P Busnss CycleDirIDCW-R,–,–,–,–,15.11,0.88
Baroda BNP P Busnss CycleReg Gr,–,–,–,–,15.21,0.81
Baroda BNP P Busnss CycleRegIDCW-P,–,–,–,–,15.11,0.79
Baroda BNP P Busnss CycleRegIDCW-R,–,–,–,–,15.11,0.79
Baroda BNP Paribas Children's Dir Gr,–,–,–,–,–,–
Baroda BNP Paribas Children's Reg Gr,–,–,–,–,–,–
Baroda BNP Paribas Children's Reg IDCW-P,–,–,–,–,–,–
Baroda BNP P Crdt Rsk Sgtd Ptf1 Dir Bns,–,–,–,–,–,–
Baroda BNP P Crdt Rsk SgtdPtf1 Dir MnDiv,–,–,–,–,–,–
Baroda BNP P Crdt Rsk SgtdPtf1 Dir QtDiv,–,–,–,–,–,–
Baroda BNP P Crdt Rsk Sgtd Ptf1 Reg Bns,–,–,–,–,–,–
Baroda BNP P Crdt Rsk SgtdPtf1 Reg MnDiv,–,–,–,–,–,–
Baroda BNP P Crdt Rsk SgtdPtf1 Reg QtDiv,–,–,–,–,–,–
Baroda BNP P Dividend Yield Dir Gr,–,–,–,–,–,–
Baroda BNP P Dividend Yield Dir IDCW-P,–,–,–,–,–,–
Baroda BNP P Dividend Yield Dir IDCW-R,–,–,–,–,–,–
Baroda BNP P Dividend Yield Reg Gr,–,–,–,–,–,–
Baroda BNP P Dividend Yield Reg IDCW-P,–,–,–,–,–,–
Baroda BNP P Dividend Yield Reg IDCW-R,–,–,–,–,–,–
Baroda BNP Paribas Engy Opps Dir Gr,–,–,–,–,–,–
Baroda BNP Paribas Engy Opps Dir IDCW-P,–,–,–,–,–,–
Baroda BNP Paribas Engy Opps Dir IDCW-R,–,–,–,–,–,–
Baroda BNP Paribas Engy Opps Reg Gr,–,–,–,–,–,–
Baroda BNP Paribas Engy Opps Reg IDCW-P,–,–,–,–,–,–
Baroda BNP Paribas Engy Opps Reg IDCW-R,–,–,–,–,–,–
Baroda BNP P Equity Svngs Dir Gr,Below Average,–,–,–,5.37,0.95
Baroda BNP P Equity SvngsDirIDCW-P,Below Average,–,–,–,5.31,0.88
Baroda BNP P Equity SvngsDirIDCW-R,Above Average,–,–,–,7.43,0
Baroda BNP P Equity Svngs Reg Gr,Below Average,–,–,–,5.37,0.74
Baroda BNP P Equity SvngsRegIDCW-P,Below Average,–,–,–,5.3,0.68
Baroda BNP P Equity SvngsRegIDCW-R,Above Average,–,–,–,7.44,-0.15
Baroda BNP Paribas Flexi Cap Dir Gr,–,–,–,–,–,–
Baroda BNP Paribas Flexi Cap Dir IDCW-P,–,–,–,–,–,–
Baroda BNP Paribas Flexi Cap Dir IDCW-R,–,–,–,–,–,–
Baroda BNP Paribas Flexi Cap Reg Gr,–,–,–,–,–,–
Baroda BNP Paribas Flexi Cap Reg IDCW-P,–,–,–,–,–,–
Baroda BNP Paribas Flexi Cap Reg IDCW-R,–,–,–,–,–,–
Baroda BNP P Inc PlArbtrgActFoFDirGr,–,–,–,–,–,–
Baroda BNP P Inc PlArbtrgActFoFDirIDCW-P,–,–,–,–,–,–
Baroda BNP P Inc PlArbtrgActFoFDirIDCW-R,–,–,–,–,–,–
Baroda BNP P Inc PlArbtrgActFoFRegGr,–,–,–,–,–,–
Baroda BNP P Inc PlArbtrgActFoFRegIDCW-P,–,–,–,–,–,–
Baroda BNP P Inc PlArbtrgActFoFRegIDCW-R,–,–,–,–,–,–
Baroda BNP Paribas Innovation Dir Gr,–,–,–,–,–,–
Baroda BNP Paribas Innovation Dir IDCW-P,–,–,–,–,–,–
Baroda BNP Paribas Innovation Dir IDCW-R,–,–,–,–,–,–
Baroda BNP Paribas Innovation Reg Gr,–,–,–,–,–,–
Baroda BNP Paribas Innovation Reg IDCW-P,–,–,–,–,–,–
Baroda BNP Paribas Innovation Reg IDCW-R,–,–,–,–,–,–
Baroda BNP P Liquid C,–,–,–,–,–,–
Baroda BNP P Liquid C IDCW > 3 Yrs,–,–,–,–,–,–
Baroda BNP P Liquid C IDCW Up to 3 Yrs,–,–,–,–,–,–
Baroda BNP P Liquid C Red > 3 Yrs,–,–,–,–,–,–
Baroda BNP P Liquid C Red Up to 3 Yrs,–,–,–,–,–,–
Baroda BNP Paribas Manufctrng Dir Gr,–,–,–,–,–,–
Baroda BNP Paribas Manufctrng Dir IDCW-P,–,–,–,–,–,–
Baroda BNP Paribas Manufctrng Dir IDCW-R,–,–,–,–,–,–
Baroda BNP Paribas Manufctrng Reg Gr,–,–,–,–,–,–
Baroda BNP Paribas Manufctrng Reg IDCW-P,–,–,–,–,–,–
Baroda BNP Paribas Manufctrng Reg IDCW-R,–,–,–,–,–,–
Baroda BNP Paribas MA Act FoF Dir Gr,–,–,–,–,–,–
Baroda BNP Paribas MA Act FoF Dir IDCW-P,–,–,–,–,–,–
Baroda BNP Paribas MA Act FoF Dir IDCW-R,–,–,–,–,–,–
Baroda BNP Paribas MA Act FoF Reg Gr,–,–,–,–,–,–
Baroda BNP Paribas MA Act FoF Reg IDCW-P,–,–,–,–,–,–
Baroda BNP Paribas MA Act FoF Reg IDCW-R,–,–,–,–,–,–
Baroda BNP P Multi Asset Dir Gr,–,–,–,–,–,–
Baroda BNP P Multi Asset Dir IDCW-P,–,–,–,–,–,–
Baroda BNP P Multi Asset Dir IDCW-R,–,–,–,–,–,–
Baroda BNP P Multi Asset Reg Gr,–,–,–,–,–,–
Baroda BNP P Multi Asset Reg IDCW-P,–,–,–,–,–,–
Baroda BNP P Multi Asset Reg IDCW-R,–,–,–,–,–,–
Baroda BNP P NIFTY 50 Index Dir Gr,–,–,–,–,–,–
Baroda BNP P NIFTY 50 Index Dir IDCW-P,–,–,–,–,–,–
Baroda BNP P NIFTY 50 Index Dir IDCW-R,–,–,–,–,–,–
Baroda BNP P NIFTY 50 Index Reg Gr,–,–,–,–,–,–
Baroda BNP P NIFTY 50 Index Reg IDCW-P,–,–,–,–,–,–
Baroda BNP P NIFTY 50 Index Reg IDCW-R,–,–,–,–,–,–
Baroda BNP P NIFTY Midcap 150 Idx Dir Gr,–,–,–,–,–,–
Baroda BNP P NIFTY Midcap 150 Idx Reg Gr,–,–,–,–,–,–
Baroda BNP P NIFTY SDL 1226 Dir Gr,–,–,–,–,–,–
Baroda BNP P NIFTY SDL 1226 Dir IDCW-P,–,–,–,–,–,–
Baroda BNP P NIFTY SDL 1226 Reg Gr,–,–,–,–,–,–
Baroda BNP P NIFTY SDL 1226 Reg IDCW-P,–,–,–,–,–,–
Baroda BNP P NIFTY SDL 1228 Dir Gr,–,–,–,–,–,–
Baroda BNP P NIFTY SDL 1228 Dir IDCW-P,–,–,–,–,–,–
Baroda BNP P NIFTY SDL 1228 Dir IDCW-R,–,–,–,–,–,–
Baroda BNP P NIFTY SDL 1228 Reg Gr,–,–,–,–,–,–
Baroda BNP P NIFTY SDL 1228 Reg IDCW-P,–,–,–,–,–,–
Baroda BNP P NIFTY SDL 1228 Reg IDCW-R,–,–,–,–,–,–
Baroda BNP P Nifty200 Momt 30 Idx Dir Gr,–,–,–,–,–,–
Baroda BNP P Nifty200 Momt 30 Idx Reg Gr,–,–,–,–,–,–
Baroda BNP Paribas Retirement Dir Gr,–,–,–,–,–,–
Baroda BNP Paribas Retirement Dir IDCW-P,–,–,–,–,–,–
Baroda BNP Paribas Retirement Reg Gr,–,–,–,–,–,–
Baroda BNP Paribas Retirement Reg IDCW-P,–,–,–,–,–,–
Baroda BNP P Shrt Dur Reg Qt IDCW-R,–,–,–,–,–,–
Baroda BNP Paribas Small Cap Dir Gr,–,–,–,–,–,–
Baroda BNP Paribas Small Cap Dir IDCW-P,–,–,–,–,–,–
Baroda BNP Paribas Small Cap Dir IDCW-R,–,–,–,–,–,–
Baroda BNP Paribas Small Cap Reg Gr,–,–,–,–,–,–
Baroda BNP Paribas Small Cap Reg IDCW-P,–,–,–,–,–,–
Baroda BNP Paribas Small Cap Reg IDCW-R,–,–,–,–,–,–
Baroda BNP P Ultra Shrt Dur Dir Wly ICDW,–,–,–,–,0.81,-5.86
Baroda BNP Paribas Value Dir Gr,–,–,–,–,–,–
Baroda BNP Paribas Value Dir IDCW-P,–,–,–,–,–,–
Baroda BNP Paribas Value Dir IDCW-R,–,–,–,–,–,–
Baroda BNP Paribas Value Reg Gr,–,–,–,–,–,–
Baroda BNP Paribas Value Reg IDCW-P,–,–,–,–,–,–
Baroda BNP Paribas Value Reg IDCW-R,–,–,–,–,–,–
BHARAT Bond ETF FOF Apr 2032 Dir Gr,–,–,–,–,2.46,1.06
BHARAT Bond ETF FOF Apr 2032 Dir IDCW-P,–,–,–,–,2.46,1.06
BHARAT Bond ETF FOF Apr 2032 Dir IDCW-R,–,–,–,–,2.46,1.06
BHARAT Bond ETF FOF Apr 2032 Reg Gr,–,–,–,–,2.46,1.06
BHARAT Bond ETF FOF Apr 2032 Reg IDCW-P,–,–,–,–,2.46,1.06
BHARAT Bond ETF FOF Apr 2032 Reg IDCW-R,–,–,–,–,2.46,1.06
BHARAT Bond ETF FOF Apr 2033 Dir Gr,–,–,–,–,–,–
BHARAT Bond ETF FOF Apr 2033 Dir IDCW-P,–,–,–,–,–,–
BHARAT Bond ETF FOF Apr 2033 Dir IDCW-R,–,–,–,–,–,–
BHARAT Bond ETF FOF Apr 2033 Reg Gr,–,–,–,–,–,–
BHARAT Bond ETF FOF Apr 2033 Reg IDCW-P,–,–,–,–,–,–
BHARAT Bond ETF FOF Apr 2033 Reg IDCW-R,–,–,–,–,–,–
BHARAT Bond FOF April 2030 Dir Gr,–,–,–,–,2.21,0.97
BHARAT Bond FOF April 2030 Dir IDCW-P,–,–,–,–,2.21,0.97
BHARAT Bond FOF April 2030 Dir IDCW-R,–,–,–,–,2.21,0.97
BHARAT Bond FOF April 2030 Reg Gr,–,–,–,–,2.21,0.97
BHARAT Bond FOF April 2030 Reg IDCW-P,–,–,–,–,2.21,0.97
BHARAT Bond FOF April 2030 Reg IDCW-R,–,–,–,–,2.21,0.97
BHARAT Bond FOF April 2031 Dir Gr,–,–,–,–,2.43,1
BHARAT Bond FOF April 2031 Dir IDCW-P,–,–,–,–,2.43,1
BHARAT Bond FOF April 2031 Dir IDCW-R,–,–,–,–,2.43,1
BHARAT Bond FOF April 2031 Reg Gr,–,–,–,–,2.43,1
BHARAT Bond FOF April 2031 Reg IDCW-P,–,–,–,–,2.43,1
BHARAT Bond FOF April 2031 Reg IDCW-R,–,–,–,–,2.43,1
Canara Robeco Balanced Advntg Dir Gr,–,–,–,–,–,–
Canara Robeco Balanced Advntg Dir IDCW-P,–,–,–,–,–,–
Canara Robeco Balanced Advntg Dir IDCW-R,–,–,–,–,–,–
Canara Robeco Balanced Advntg Reg Gr,–,–,–,–,–,–
Canara Robeco Balanced Advntg Reg IDCW-P,–,–,–,–,–,–
Canara Robeco Balanced Advntg Reg IDCW-R,–,–,–,–,–,–
Canara Robeco Bkg & PSU Dbt Dir Gr,–,–,–,–,–,–
Canara Robeco Bkg & PSU Dbt Dir IDCW-P,–,–,–,–,–,–
Canara Robeco Bkg & PSU Dbt Dir IDCW-R,–,–,–,–,–,–
Canara Robeco Bkg & PSU Dbt Reg Gr,–,–,–,–,–,–
Canara Robeco Bkg & PSU Dbt Reg IDCW-P,–,–,–,–,–,–
Canara Robeco Bkg & PSU Dbt Reg IDCW-R,–,–,–,–,–,–
Canara Robeco Manufacturing Dir Gr,–,–,–,–,–,–
Canara Robeco Manufacturing Dir IDCW-P,–,–,–,–,–,–
Canara Robeco Manufacturing Dir IDCW-R,–,–,–,–,–,–
Canara Robeco Manufacturing Reg Gr,–,–,–,–,–,–
Canara Robeco Manufacturing Reg IDCW-P,–,–,–,–,–,–
Canara Robeco Manufacturing Reg IDCW-R,–,–,–,–,–,–
Canara Robeco Mid Cap Dir Gr,–,–,–,–,–,–
Canara Robeco Mid Cap Dir IDCW-P,–,–,–,–,–,–
Canara Robeco Mid Cap Dir IDCW-R,–,–,–,–,–,–
Canara Robeco Mid Cap Reg Gr,–,–,–,–,–,–
Canara Robeco Mid Cap Reg IDCW-P,–,–,–,–,–,–
Canara Robeco Mid Cap Reg IDCW-R,–,–,–,–,–,–
Canara Robeco Multi Ast Allc Dir Gr,–,–,–,–,–,–
Canara Robeco Multi Ast Allc Dir IDCW-P,–,–,–,–,–,–
Canara Robeco Multi Ast Allc Dir IDCW-R,–,–,–,–,–,–
Canara Robeco Multi Ast Allc Reg Gr,–,–,–,–,–,–
Canara Robeco Multi Ast Allc Reg IDCW-P,–,–,–,–,–,–
Canara Robeco Multi Ast Allc Reg IDCW-R,–,–,–,–,–,–
Canara Robeco Multi Cap Dir Gr,–,–,–,–,–,–
Canara Robeco Multi Cap Dir IDCW-P,–,–,–,–,–,–
Canara Robeco Multi Cap Dir IDCW-R,–,–,–,–,–,–
Canara Robeco Multi Cap Reg Gr,–,–,–,–,–,–
Canara Robeco Multi Cap Reg IDCW-P,–,–,–,–,–,–
Canara Robeco Multi Cap Reg IDCW-R,–,–,–,–,–,–
DSP Agrsv Hybrid Fund Dir Qt IDCW-R,–,–,–,–,–,–
DSP Agrsv Hybrid Fund Reg Qt IDCW-R,–,–,–,–,–,–
DSP Arbitrage Dir Gr,–,–,–,–,0.52,1.48
DSP Arbitrage Dir Mly IDCW-P,–,–,–,–,0.74,0.42
DSP Arbitrage Dir Mly IDCW-R,–,–,–,–,0.74,0.42
DSP Arbitrage Dir IDCW-P,–,–,–,–,0.54,1.12
DSP Arbitrage Dir IDCW-R,–,–,–,–,0.54,1.12
DSP Arbitrage Gr,–,–,–,–,0.52,-0.03
DSP Arbitrage Mly IDCW-P,–,–,–,–,0.76,-0.76
DSP Arbitrage Mly IDCW-R,–,–,–,–,0.76,-0.76
DSP Arbitrage IDCW-P,–,–,–,–,0.52,-0.25
DSP Arbitrage IDCW-R,–,–,–,–,0.52,-0.25
DSP Banking & Financial Svcs Dir Gr,–,–,–,–,–,–
DSP Banking & Financial Svcs Dir IDCW-P,–,–,–,–,–,–
DSP Banking & Financial Svcs Dir IDCW-R,–,–,–,–,–,–
DSP Banking & Financial Svcs Reg Gr,–,–,–,–,–,–
DSP Banking & Financial Svcs Reg IDCW-P,–,–,–,–,–,–
DSP Banking & Financial Svcs Reg IDCW-R,–,–,–,–,–,–
DSP BSE SENSEX Next 30 Index Dir Gr,–,–,–,–,–,–
DSP BSE SENSEX Next 30 Index Dir IDCW-P,–,–,–,–,–,–
DSP BSE SENSEX Next 30 Index Dir IDCW-R,–,–,–,–,–,–
DSP BSE SENSEX Next 30 Index Reg Gr,–,–,–,–,–,–
DSP BSE SENSEX Next 30 Index Reg IDCW-P,–,–,–,–,–,–
DSP BSE SENSEX Next 30 Index Reg IDCW-R,–,–,–,–,–,–
DSP Business Cycle Dir Gr,–,–,–,–,–,–
DSP Business Cycle Dir IDCW-P,–,–,–,–,–,–
DSP Business Cycle Dir IDCW-R,–,–,–,–,–,–
DSP Business Cycle Reg Gr,–,–,–,–,–,–
DSP Business Cycle Reg IDCW-P,–,–,–,–,–,–
DSP Business Cycle Reg IDCW-R,–,–,–,–,–,–
DSP CRISIL IBX 50:50 GltPlSDLApr2033DrGr,–,–,–,–,–,–
DSPCRISILIBX50:50GltPlSDLApr2033DrIDCW-P,–,–,–,–,–,–
DSPCRISILIBX50:50Glt PlSDLApr2033DrIDCWR,–,–,–,–,–,–
DSP CRISIL IBX 50:50 GltPlSDLApr2033RgGr,–,–,–,–,–,–
DSPCRISILIBX 50:50GltPlSDLApr2033RgIDCWP,–,–,–,–,–,–
DSPCRISILIBX50:50 GltPlSDLApr2033RgIDCWR,–,–,–,–,–,–
DSP Dynamic Asset Alloc Dir Gr,Below Average,–,–,–,6.78,1.02
DSP Dynamic Asset Alloc Dir IDCW-P,Below Average,–,–,–,6.83,0.87
DSP Dynamic Asset Alloc Dir IDCW-R,Below Average,–,–,–,6.83,0.87
DSP Dynamic Asset Alloc Reg Gr,Below Average,–,–,–,6.77,0.84
DSP Dynamic Asset Alloc Reg IDCW-P,Below Average,–,–,–,6.84,0.67
DSP Dynamic Asset Alloc Reg IDCW-R,Below Average,–,–,–,6.84,0.67
DSP Equity Savings Dir Gr,Below Average,–,–,–,4.09,1.16
DSP Equity Savings Dir Mly IDCW-P,Below Average,–,–,–,4.05,0.99
DSP Equity Savings Dir Mly IDCW-R,Below Average,–,–,–,4.05,0.99
DSP Equity Savings Dir IDCW-P,Below Average,–,–,–,4.14,1.06
DSP Equity Savings Dir Qt IDCW-P,Average,–,–,–,4.77,0.72
DSP Equity Savings Dir Qt IDCW-R,Average,–,–,–,4.77,0.72
DSP Equity Savings Dir IDCW-R,Below Average,–,–,–,4.14,1.06
DSP Equity Savings Reg Gr,Below Average,–,–,–,4.09,0.95
DSP Equity Savings Reg Mly IDCW-P,Below Average,–,–,–,4.13,0.76
DSP Equity Savings Reg Mly IDCW-R,Below Average,–,–,–,4.13,0.76
DSP Equity Savings Reg IDCW-P,Below Average,–,–,–,4.16,0.84
DSP Equity Savings Reg Qt IDCW-P,Average,–,–,–,5.02,0.46
DSP Equity Savings Reg Qt IDCW-R,Average,–,–,–,5.02,0.46
DSP Equity Savings Reg IDCW-R,Below Average,–,–,–,4.16,0.84
DSP Glbl Clean Engy FoF Dir Gr,–,–,–,–,21.4,0.05
DSP Glbl Clean Engy FoF Dir IDCW-P,–,–,–,–,21.96,-0.03
DSP Glbl Clean Engy FoF Dir IDCW-R,–,–,–,–,21.96,-0.03
DSP Glbl Clean Engy FoF Reg Gr,–,–,–,–,21.38,0.02
DSP Glbl Clean Engy FoF Reg IDCW-P,–,–,–,–,21.91,-0.06
DSP Glbl Clean Engy FoF Reg IDCW-R,–,–,–,–,21.91,-0.06
DSP Global Innovation FOF Dir Gr,–,–,–,–,20.78,0.67
DSP Global Innovation FOF Dir IDCW-P,–,–,–,–,20.78,0.67
DSP Global Innovation FOF Dir IDCW-R,–,–,–,–,20.78,0.67
DSP Global Innovation FOF Reg Gr,–,–,–,–,20.76,0.62
DSP Global Innovation FOF Reg IDCW-P,–,–,–,–,20.76,0.62
DSP Global Innovation FOF Reg IDCW-R,–,–,–,–,20.76,0.62
DSP Gold ETF Fund of Fund Dir Gr,–,–,–,–,–,–
DSP Gold ETF Fund of Fund Dir IDCW-P,–,–,–,–,–,–
DSP Gold ETF Fund of Fund Dir IDCW-R,–,–,–,–,–,–
DSP Gold ETF Fund of Fund Reg Gr,–,–,–,–,–,–
DSP Gold ETF Fund of Fund Reg IDCW-P,–,–,–,–,–,–
DSP Gold ETF Fund of Fund Reg IDCW-R,–,–,–,–,–,–
DSP Income Plus Arbtg FoF Dir Gr,–,–,–,–,9.33,0.4
DSP Income Plus Arbtg FoF Dir IDCW-P,–,–,–,–,9.35,0.39
DSP Income Plus Arbtg FoF Dir IDCW-R,–,–,–,–,9.35,0.39
DSP Income Plus Arbtg FoF Reg Gr,–,–,–,–,9.32,0.33
DSP Income Plus Arbtg FoF Reg IDCW-P,–,–,–,–,9.34,0.32
DSP Income Plus Arbtg FoF Reg IDCW-R,–,–,–,–,9.34,0.32
DSP Multi Asset Allocation Dir Gr,–,–,–,–,–,–
DSP Multi Asset Allocation Dir IDCW-P,–,–,–,–,–,–
DSP Multi Asset Allocation Dir IDCW-R,–,–,–,–,–,–
DSP Multi Asset Allocation Reg Gr,–,–,–,–,–,–
DSP Multi Asset Allocation Reg IDCW-P,–,–,–,–,–,–
DSP Multi Asset Allocation Reg IDCW-R,–,–,–,–,–,–
DSP Multicap Dir Gr,–,–,–,–,–,–
DSP Multicap Dir IDCW-P,–,–,–,–,–,–
DSP Multicap Dir IDCW-R,–,–,–,–,–,–
DSP Multicap Reg Gr,–,–,–,–,–,–
DSP Multicap Reg IDCW-P,–,–,–,–,–,–
DSP Multicap Reg IDCW-R,–,–,–,–,–,–
DSP Nat Res & New Enrgy Dir Gr,–,–,–,–,18.18,0.75
DSP Nat Res & New Engy Dir IDCW-P,–,–,–,–,18.18,0.72
DSP Nat Res & New Engy Dir IDCW-R,–,–,–,–,18.18,0.72
DSP Nat Res & New Engy Reg Gr,–,–,–,–,18.16,0.68
DSP Nat Res & New Engy Reg IDCW-P,–,–,–,–,18.17,0.66
DSP Nat Res & New Engy Reg IDCW-R,–,–,–,–,18.17,0.66
DSP Nifty 50 Equal Weight Index Dir Gr,–,–,–,–,14.78,0.81
DSP Nifty 50 Equal Weight Idx Dir IDCW-P,–,–,–,–,14.8,0.8
DSP Nifty 50 Equal Weight Idx Dir IDCW-R,–,–,–,–,14.8,0.8
DSP Nifty 50 Equal Weight Index Gr,–,–,–,–,14.77,0.77
DSP Nifty 50 Equal Weight Index IDCW-P,–,–,–,–,14.8,0.76
DSP Nifty 50 Equal Weight Index IDCW-R,–,–,–,–,14.8,0.76
DSP Nifty Bank Index Dir Gr,–,–,–,–,–,–
DSP Nifty Bank Index Fund Reg Gr,–,–,–,–,–,–
DSP Nifty Midcap 150 Qul 50 Dir Gr,–,–,–,–,–,–
DSP Nifty Midcap 150 Qul 50 Dir IDCW-P,–,–,–,–,–,–
DSP Nifty Midcap 150 Qul 50 Dir IDCW-R,–,–,–,–,–,–
DSP Nifty Midcap 150 Qul 50 Reg Gr,–,–,–,–,–,–
DSP Nifty Midcap 150 Qul 50 Reg IDCW-P,–,–,–,–,–,–
DSP Nifty Midcap 150 Qul 50 Reg IDCW-R,–,–,–,–,–,–
DSP Nifty Private Bank Index Dir Gr,–,–,–,–,–,–
DSP Nifty SDL P G-Sec Jun28 Dir Gr,–,–,–,–,1.51,1.1
DSP Nifty SDL P G-Sec Jun28 Dir IDCW-P,–,–,–,–,1.51,1.1
DSP Nifty SDL P G-Sec Jun28 Dir IDCW-R,–,–,–,–,1.51,1.1
DSP Nifty SDL P G-Sec Jun28 Reg Gr,–,–,–,–,1.51,1
DSP Nifty SDL P G-Sec Jun28 Reg IDCW-P,–,–,–,–,1.51,1
DSP Nifty SDL P G-Sec Jun28 Reg IDCW-R,–,–,–,–,1.51,1
DSP Nifty SDL P G-Sec Sep27 Dir Gr,–,–,–,–,–,–
DSP Nifty SDL P G-Sec Sep27 Dir IDCW-P,–,–,–,–,–,–
DSP Nifty SDL P G-Sec Sep27 Dir IDCW-R,–,–,–,–,–,–
DSP Nifty SDL P G-Sec Sep27 Reg Gr,–,–,–,–,–,–
DSP Nifty SDL P G-Sec Sep27 Reg IDCW-P,–,–,–,–,–,–
DSP Nifty SDL P G-Sec Sep27 Reg IDCW-R,–,–,–,–,–,–
DSP Nifty SmCp250 Qul 50 Idx Dir Gr,–,–,–,–,–,–
DSP Nifty SmCp250 Qul 50 Idx Dir IDCW-P,–,–,–,–,–,–
DSP Nifty SmCp250 Qul 50 Idx Dir IDCW-R,–,–,–,–,–,–
DSP Nifty SmCp250 Qul 50 Idx Reg Gr,–,–,–,–,–,–
DSP Nifty SmCp250 Qul 50 Idx Reg IDCW-P,–,–,–,–,–,–
DSP Nifty SmCp250 Qul 50 Idx Reg IDCW-R,–,–,–,–,–,–
DSP Nifty Top 10 Equal Weight Idx Dir Gr,–,–,–,–,–,–
DSP Nifty Top 10 Equal Weight Idx Reg Gr,–,–,–,–,–,–
DSP US Treasury FoF Dir Gr,–,–,–,–,–,–
DSP US Treasury FoF Dir IDCW-P,–,–,–,–,–,–
DSP US Treasury FoF Dir IDCW-R,–,–,–,–,–,–
DSP US Treasury FoF Reg Gr,–,–,–,–,–,–
DSP US Treasury FoF Reg IDCW-P,–,–,–,–,–,–
DSP US Treasury FoF Reg IDCW-R,–,–,–,–,–,–
DSP World Mining FoF Dir Gr,–,–,–,–,24,-0.15
DSP World Mining FoF Dir IDCW-P,–,–,–,–,24,-0.15
DSP World Mining FoF Dir IDCW-R,–,–,–,–,24,-0.15
DSP World Mining FoF Gr,–,–,–,–,23.99,-0.17
DSP World Mining FoF IDCW-P,–,–,–,–,23.99,-0.17
DSP World Mining FoF IDCW-R,–,–,–,–,23.99,-0.17
Edelweiss ASEAN Equity Off Shore Dir Gr,–,–,–,–,12.87,0.17
Edelweiss ASEAN Equity Off Shore Reg Gr,–,–,–,–,12.86,0.11
Edelweiss Balanced Adv Dir Gr,Average,–,–,–,8.56,0.88
Edelweiss Balanced Adv Dir Mn IDCW-P,Above Average,–,–,–,8.52,0.83
Edelweiss Balanced Adv Dir Mn IDCW-R,Above Average,–,–,–,8.52,0.83
Edelweiss Balanced Adv Dir Mn IDCW-T,Above Average,–,–,–,8.52,0.83
Edelweiss Balanced Adv Dir IDCW-P,Average,–,–,–,8.55,0.88
Edelweiss Balanced Adv Dir IDCW-R,Average,–,–,–,8.55,0.88
Edelweiss Balanced Adv IDCW-P,Average,–,–,–,8.54,0.74
Edelweiss Balanced Adv Gr,Average,–,–,–,8.56,0.74
Edelweiss Balanced Adv Reg Mn IDCW-P,Above Average,–,–,–,8.55,0.73
Edelweiss Balanced Adv Reg Mn IDCW-R,Above Average,–,–,–,8.55,0.73
Edelweiss Balanced Adv Reg Mn IDCW-T,Above Average,–,–,–,8.55,0.73
Edelweiss Balanced Adv IDCW-R,Average,–,–,–,8.54,0.74
Edelweiss BSE Intrnt Ecoy Idx Dir Gr,–,–,–,–,–,–
Edelweiss BSE Intrnt Ecoy Idx Dir IDCW-P,–,–,–,–,–,–
Edelweiss BSE Intrnt Ecoy Idx Dir IDCW-R,–,–,–,–,–,–
Edelweiss BSE Intrnt Ecoy Idx Dir IDCW-T,–,–,–,–,–,–
Edelweiss BSE Intrnt Ecoy Idx Reg Gr,–,–,–,–,–,–
Edelweiss BSE Intrnt Ecoy Idx Reg IDCW-P,–,–,–,–,–,–
Edelweiss BSE Intrnt Ecoy Idx Reg IDCW-R,–,–,–,–,–,–
Edelweiss BSE Intrnt Ecoy Idx Reg IDCW-T,–,–,–,–,–,–
Edelweiss Business Cycle Dir Gr,–,–,–,–,–,–
Edelweiss Business Cycle Dir IDCW-P,–,–,–,–,–,–
Edelweiss Business Cycle Dir IDCW-R,–,–,–,–,–,–
Edelweiss Business Cycle Dir IDCW-T,–,–,–,–,–,–
Edelweiss Business Cycle Reg Gr,–,–,–,–,–,–
Edelweiss Business Cycle Reg IDCW-P,–,–,–,–,–,–
Edelweiss Business Cycle Reg IDCW-R,–,–,–,–,–,–
Edelweiss Business Cycle Reg IDCW-T,–,–,–,–,–,–
Edelweiss Consumption Dir Gr,–,–,–,–,–,–
Edelweiss Consumption Dir IDCW-P,–,–,–,–,–,–
Edelweiss Consumption Dir IDCW-R,–,–,–,–,–,–
Edelweiss Consumption Reg Gr,–,–,–,–,–,–
Edelweiss Consumption Reg IDCW-P,–,–,–,–,–,–
Edelweiss Consumption Reg IDCW-R,–,–,–,–,–,–
Edelweiss CRISIL IBX 50:50 0437 Dr Gr,–,–,–,–,–,–
Edelweiss CRISIL IBX 50:50 0437 DrIDCW-P,–,–,–,–,–,–
Edelweiss CRISIL IBX 50:50 0437 DrIDCW-R,–,–,–,–,–,–
Edelweiss CRISIL IBX 50:50 0437 DrIDCW-T,–,–,–,–,–,–
Edelweiss CRISIL IBX 50:50 0437 Rg Gr,–,–,–,–,–,–
Edelweiss CRISIL IBX 50:50 0437 RgIDCW-P,–,–,–,–,–,–
Edelweiss CRISIL IBX 50:50 0437 RgIDCW-R,–,–,–,–,–,–
Edelweiss CRISIL IBX 50:50 0437 RgIDCW-T,–,–,–,–,–,–
Edelweiss CRISIL IBX 50:50 0627 Dr Gr,–,–,–,–,–,–
Edelweiss CRISIL IBX 50:50 0627 DrIDCW-P,–,–,–,–,–,–
Edelweiss CRISIL IBX 50:50 0627 DrIDCW-R,–,–,–,–,–,–
Edelweiss CRISIL IBX 50:50 0627 DrIDCW-T,–,–,–,–,–,–
Edelweiss CRISIL IBX 50:50 0627 Rg Gr,–,–,–,–,–,–
Edelweiss CRISIL IBX 50:50 0627 RgIDCW-P,–,–,–,–,–,–
Edelweiss CRISIL IBX 50:50 0627 RgIDCW-R,–,–,–,–,–,–
Edelweiss CRISIL IBX 50:50 0627 RgIDCW-T,–,–,–,–,–,–
Edelweiss CRISIL IBX 50:50 0928 Dr Gr,–,–,–,–,–,–
Edelweiss CRISIL IBX 50:50 0928 DrIDCW-P,–,–,–,–,–,–
Edelweiss CRISIL IBX 50:50 0928 DrIDCW-R,–,–,–,–,–,–
Edelweiss CRISIL IBX 50:50 0928 DrIDCW-T,–,–,–,–,–,–
Edelweiss CRISIL IBX 50:50 0928 Rg Gr,–,–,–,–,–,–
Edelweiss CRISIL IBX 50:50 0928 RgIDCW-P,–,–,–,–,–,–
Edelweiss CRISIL IBX 50:50 0928 RgIDCW-R,–,–,–,–,–,–
Edelweiss CRISIL IBX 50:50 0928 RgIDCW-T,–,–,–,–,–,–
Edelweiss CRISIL IBX 50:50 GltSDDrIDCW-P,–,–,–,–,–,–
Edelweiss CRISIL IBX 50:50 GltSDDrIDCW-R,–,–,–,–,–,–
Edelweiss CRISIL IBX 50:50 GltSDDrIDCW-T,–,–,–,–,–,–
Edelweiss CRISIL IBX 50:50 GltSDRgIDCW-P,–,–,–,–,–,–
Edelweiss CRISIL IBX 50:50 GltSDRgIDCW-R,–,–,–,–,–,–
Edelweiss CRISIL IBX 50:50 GltSDRgIDCW-T,–,–,–,–,–,–
Edelweiss CRISIL IBX 50:50 Glt SD Dr Gr,–,–,–,–,–,–
Edelweiss CRISIL IBX 50:50 Glt SD Rg Gr,–,–,–,–,–,–
Edelweiss CRISIL IBX AAABdNBFCHFC627DrGr,–,–,–,–,–,–
EdelweissCRISILIBXAAABdNBFCHFC627DrIDCWP,–,–,–,–,–,–
EdelweissCRISILIBXAAABdNBFCHFC627DrIDCWR,–,–,–,–,–,–
Edelweiss CRISIL IBX AAABdNBFCHFC627RgGr,–,–,–,–,–,–
EdelweissCRISILIBXAAABdNBFCHFC627RgIDCWP,–,–,–,–,–,–
EdelweissCRISILIBXAAABdNBFCHFC627RgIDCWR,–,–,–,–,–,–
EdelweissCRISILIBXAAAFnclSvcsJn28DrGr,–,–,–,–,–,–
EdelweissCRISILIBXAAAFnclSvcsJn28DrIDCWP,–,–,–,–,–,–
EdelweissCRISILIBXAAAFnclSvcsJn28DrIDCWR,–,–,–,–,–,–
EdelweissCRISILIBXAAAFnclSvcsJn28RgGr,–,–,–,–,–,–
EdelweissCRISILIBXAAAFnclSvcsJn28RgIDCWP,–,–,–,–,–,–
EdelweissCRISILIBXAAAFnclSvcsJn28RgIDCWR,–,–,–,–,–,–
Edelweiss CRISIL PSU 50:50 1025 Dr Gr,–,–,–,–,0.85,0.57
Edelweiss CRISIL PSU 50:50 1025 DrIDCW-P,–,–,–,–,0.85,0.57
Edelweiss CRISIL PSU 50:50 1025 DrIDCW-R,–,–,–,–,0.85,0.57
Edelweiss CRISIL PSU 50:50 1025 DrIDCW-T,–,–,–,–,0.85,0.57
Edelweiss CRISIL PSU 50:50 1025 Rg Gr,–,–,–,–,0.85,0.35
Edelweiss CRISIL PSU 50:50 1025 RgIDCW-P,–,–,–,–,0.85,0.34
Edelweiss CRISIL PSU 50:50 1025 RgIDCW-R,–,–,–,–,0.85,0.34
Edelweiss CRISIL PSU 50:50 1025 RgIDCW-T,–,–,–,–,0.85,0.34
Edelweiss Equity Savings Dir Bns,Below Average,–,–,–,4.1,1.31
Edelweiss Equity Savings Dir Gr,Below Average,–,–,–,4.1,1.31
Edelweiss Equity Savings Dir Mn IDCW-P,Below Average,–,–,–,4.1,1.31
Edelweiss Equity Savings Dir Mn IDCW-R,Below Average,–,–,–,4.1,1.31
Edelweiss Equity Savings Dir IDCW-P,Below Average,–,–,–,4.1,1.31
Edelweiss Equity Savings Dir IDCW-R,Below Average,–,–,–,4.1,1.31
Edelweiss Equity Savings Reg Bns,–,–,–,–,4.03,0.74
Edelweiss Equity Savings Reg Gr,Below Average,–,–,–,4.1,1.04
Edelweiss Equity Savings Reg Mn IDCW-P,Below Average,–,–,–,4.03,0.95
Edelweiss Equity Savings Reg Mn IDCW-R,Below Average,–,–,–,4.03,0.95
Edelweiss Equity Savings Reg IDCW-P,Below Average,–,–,–,4.1,1.03
Edelweiss Equity Savings Reg IDCW-R,Below Average,–,–,–,4.1,1.03
Edelweiss Europe Dyn Eq Offshore Dir Gr,–,–,–,–,16.46,0.77
Edelweiss Europe Dyn Eq Offshore Reg Gr,–,–,–,–,16.45,0.72
Edelweiss Focused Dir Gr,–,–,–,–,–,–
Edelweiss Focused Dir IDCW-P,–,–,–,–,–,–
Edelweiss Focused Dir IDCW-R,–,–,–,–,–,–
Edelweiss Focused Dir IDCW-T,–,–,–,–,–,–
Edelweiss Focused Reg Gr,–,–,–,–,–,–
Edelweiss Focused Reg IDCW-P,–,–,–,–,–,–
Edelweiss Focused Reg IDCW-R,–,–,–,–,–,–
Edelweiss Focused Reg IDCW-T,–,–,–,–,–,–
Edelweiss Gold & Slvr ETF FoF Dir Gr,–,–,–,–,–,–
Edelweiss Gold & Slvr ETF FoF Dir IDCW-P,–,–,–,–,–,–
Edelweiss Gold & Slvr ETF FoF Dir IDCW-R,–,–,–,–,–,–
Edelweiss Gold & Slvr ETF FoF Dir IDCW-T,–,–,–,–,–,–
Edelweiss Gold & Slvr ETF FoF Reg Gr,–,–,–,–,–,–
Edelweiss Gold & Slvr ETF FoF Reg IDCW-P,–,–,–,–,–,–
Edelweiss Gold & Slvr ETF FoF Reg IDCW-R,–,–,–,–,–,–
Edelweiss Gold & Slvr ETF FoF Reg IDCW-T,–,–,–,–,–,–
Edelweiss Govt Sec Dir Ann IDCW-P,–,–,–,–,–,–
Edelweiss Govt Sec Dir Ann IDCW-R,–,–,–,–,–,–
Edelweiss Govt Sec Dir Fr IDCW,–,–,–,–,–,–
Edelweiss Govt Sec Reg Fr IDCW,–,–,–,–,–,–
Edelweiss Low Duration Dir Gr,–,–,–,–,–,–
Edelweiss Low Duration Dir IDCW-P,–,–,–,–,–,–
Edelweiss Low Duration Dir IDCW-R,–,–,–,–,–,–
Edelweiss Low Duration Reg Gr,–,–,–,–,–,–
Edelweiss Low Duration Reg IDCW-P,–,–,–,–,–,–
Edelweiss Low Duration Reg IDCW-R,–,–,–,–,–,–
Edelweiss Money Market Dir An IDCW-R,–,–,–,–,–,–
Edelweiss MSCI India D&W HC 45 DirIDCW-P,–,–,–,–,12.77,0.84
Edelweiss MSCI India D&W HC 45 DirIDCW-R,–,–,–,–,12.77,0.84
Edelweiss MSCI India D&W HC 45 DirIDCW-T,–,–,–,–,12.77,0.84
Edelweiss MSCI India D&W HC 45 Dir Gr,–,–,–,–,12.77,0.84
Edelweiss MSCI India D&W HC 45 Reg Gr,–,–,–,–,12.76,0.79
Edelweiss MSCI India D&W HC 45 RegIDCW-P,–,–,–,–,12.76,0.79
Edelweiss MSCI India D&W HC 45 RegIDCW-R,–,–,–,–,12.76,0.79
Edelweiss MSCI India D&W HC 45 RegIDCW-T,–,–,–,–,12.76,0.79
Edelweiss Multi Asset Allc Dir Gr,–,–,–,–,–,–
Edelweiss Multi Asset Allc Dir IDCW-P,–,–,–,–,–,–
Edelweiss Multi Asset Allc Dir IDCW-R,–,–,–,–,–,–
Edelweiss Multi Asset Allc Reg Gr,–,–,–,–,–,–
Edelweiss Multi Asset Allc Reg IDCW-P,–,–,–,–,–,–
Edelweiss Multi Asset Allc Reg IDCW-R,–,–,–,–,–,–
Edelweiss Multi Cap Dir Gr,–,–,–,–,–,–
Edelweiss Multi Cap Dir IDCW-P,–,–,–,–,–,–
Edelweiss Multi Cap Dir IDCW-R,–,–,–,–,–,–
Edelweiss Multi Cap Dir IDCW-T,–,–,–,–,–,–
Edelweiss Multi Cap Reg Gr,–,–,–,–,–,–
Edelweiss Multi Cap Reg IDCW-P,–,–,–,–,–,–
Edelweiss Multi Cap Reg IDCW-R,–,–,–,–,–,–
Edelweiss Multi Cap Reg IDCW-T,–,–,–,–,–,–
Edelweiss Nifty100 Qul 30 Idx Dir Gr,–,–,–,–,14.51,0.67
Edelweiss Nifty100 Qul 30 Idx Dir IDCW-P,–,–,–,–,14.51,0.67
Edelweiss Nifty100 Qul 30 Idx Dir IDCW-R,–,–,–,–,14.51,0.67
Edelweiss Nifty100 Qul 30 Idx Dir IDCW-T,–,–,–,–,14.51,0.67
Edelweiss Nifty100 Qul 30 Idx Reg Gr,–,–,–,–,14.51,0.62
Edelweiss Nifty100 Qul 30 Idx Reg IDCW-P,–,–,–,–,14.51,0.62
Edelweiss Nifty100 Qul 30 Idx Reg IDCW-R,–,–,–,–,14.51,0.62
Edelweiss Nifty100 Qul 30 Idx Reg IDCW-T,–,–,–,–,14.51,0.62
Edelweiss Nifty Alp Lw Vol30IdxDirGr,–,–,–,–,–,–
Edelweiss Nifty Alp Lw Vol30IdxDirIDCW-P,–,–,–,–,–,–
Edelweiss Nifty Alp Lw Vol30IdxDirIDCW-R,–,–,–,–,–,–
Edelweiss Nifty Alp Lw Vol30IdxDirIDCW-T,–,–,–,–,–,–
Edelweiss Nifty Alp Lw Vol30IdxRegGr,–,–,–,–,–,–
Edelweiss Nifty Alp Lw Vol30IdxRegIDCW-P,–,–,–,–,–,–
Edelweiss Nifty Alp Lw Vol30IdxRegIDCW-R,–,–,–,–,–,–
Edelweiss Nifty Alp Lw Vol30IdxRegIDCW-T,–,–,–,–,–,–
Edelweiss Nifty Mdcp150 Momt 50 Dr Gr,–,–,–,–,–,–
Edelweiss Nifty Mdcp150 Momt 50 DrIDCW-P,–,–,–,–,–,–
Edelweiss Nifty Mdcp150 Momt 50 DrIDCW-R,–,–,–,–,–,–
Edelweiss Nifty Mdcp150 Momt 50 DrIDCW-T,–,–,–,–,–,–
Edelweiss Nifty Mdcp150 Momt 50 Rg Gr,–,–,–,–,–,–
Edelweiss Nifty Mdcp150 Momt 50 RgIDCW-P,–,–,–,–,–,–
Edelweiss Nifty Mdcp150 Momt 50 RgIDCW-R,–,–,–,–,–,–
Edelweiss Nifty Mdcp150 Momt 50 RgIDCW-T,–,–,–,–,–,–
Edelweiss Nifty Next 50 Index Dir Gr,–,–,–,–,–,–
Edelweiss Nifty Next 50 Index Dir IDCW-P,–,–,–,–,–,–
Edelweiss Nifty Next 50 Index Dir IDCW-R,–,–,–,–,–,–
Edelweiss Nifty Next 50 Index Dir IDCW-T,–,–,–,–,–,–
Edelweiss Nifty Next 50 Index Reg Gr,–,–,–,–,–,–
Edelweiss Nifty Next 50 Index Reg IDCW-P,–,–,–,–,–,–
Edelweiss Nifty Next 50 Index Reg IDCW-R,–,–,–,–,–,–
Edelweiss Nifty Next 50 Index Reg IDCW-T,–,–,–,–,–,–
EdelweissNifty PSU BPSDLA2650:50IdxDrGr,–,–,–,–,1.05,0.74
EdelweissNiftyPSUBPSDLA2650:50IdxDrIDCWP,–,–,–,–,1.05,0.74
EdelweissNiftyPSUBPSDLA2650:50IdxDrIDCWR,–,–,–,–,1.05,0.74
EdelweissNiftyPSUBPSDLA2650:50IdxRgGr,–,–,–,–,1.05,0.56
EdelweissNiftyPSUBPSDLA2650:50IdxRgIDCWP,–,–,–,–,1.05,0.56
EdelweissNiftyPSUBPSDLA2650:50IdxRgIDCWR,–,–,–,–,1.05,0.56
EdelweissNifty PSU BPSDLA2750:50IdxDrGr,–,–,–,–,1.27,0.95
EdelweissNiftyPSUBPSDLA2750:50IdxDrIDCWP,–,–,–,–,1.27,0.95
EdelweissNiftyPSUBPSDLA2750:50IdxDrIDCWR,–,–,–,–,1.27,0.95
EdelweissNiftyPSUBPSDLA2750:50IdxDrIDCWT,–,–,–,–,1.27,0.95
EdelweissNiftyPSUBPSDLApr2750:50IdxRgGr,–,–,–,–,1.27,0.8
EdelweissNiftyPSUBPSDLA2750:50IdxRgIDCWP,–,–,–,–,1.27,0.8
EdelweissNiftyPSUBPSDLA2750:50IdxRgIDCWR,–,–,–,–,1.27,0.8
EdelweissNiftyPSUBPSDLA2750:50IdxRgIDCWT,–,–,–,–,1.27,0.8
Edelweiss Nifty SmCp 250 Idx Dir Gr,–,–,–,–,–,–
Edelweiss Nifty SmCp 250 Idx Dir IDCW-P,–,–,–,–,–,–
Edelweiss Nifty SmCp 250 Idx Dir IDCW-R,–,–,–,–,–,–
Edelweiss Nifty SmCp 250 Idx Dir IDCW-T,–,–,–,–,–,–
Edelweiss Nifty SmCp 250 Idx Reg Gr,–,–,–,–,–,–
Edelweiss Nifty SmCp 250 Idx Reg IDCW-P,–,–,–,–,–,–
Edelweiss Nifty SmCp 250 Idx Reg IDCW-R,–,–,–,–,–,–
Edelweiss Nifty SmCp 250 Idx Reg IDCW-T,–,–,–,–,–,–
EdelweissNifty500MltcpMmtQl50IdxDrGr,–,–,–,–,–,–
EdelweissNifty500MltcpMmtQl50IdxDrIDCW-P,–,–,–,–,–,–
EdelweissNifty500MltcpMmtQl50IdxDrIDCW-R,–,–,–,–,–,–
EdelweissNifty500MltcpMmtQl50IdxDrIDCW-T,–,–,–,–,–,–
Edelweiss Nifty500 Mltcp Mmt Ql50IdxRgGr,–,–,–,–,–,–
EdelweissNifty500MltcpMmtQl50IdxRgIDCW-P,–,–,–,–,–,–
EdelweissNifty500MltcpMmtQl50IdxRgIDCW-R,–,–,–,–,–,–
EdelweissNifty500MltcpMmtQl50IdxRgIDCW-T,–,–,–,–,–,–
Edelweiss Overnight Dir Fr IDCW-P,–,–,–,–,–,–
Edelweiss Overnight Dir Fr IDCW-R,–,–,–,–,–,–
Edelweiss Overnight Dir Wk IDCW-R,–,–,–,–,–,–
Edelweiss Overnight Reg Ann IDCW-R,–,–,–,–,–,–
Edelweiss Overnight Reg Fr IDCW-R,–,–,–,–,–,–
Edelweiss Recently Listed IPO Dir Gr,–,–,–,–,18.56,0.56
Edelweiss Recently Listed IPO Dir IDCW-P,–,–,–,–,18.56,0.56
Edelweiss Recently Listed IPO Dir IDCW-R,–,–,–,–,18.56,0.56
Edelweiss Recently Listed IPO Dir IDCW-T,–,–,–,–,18.56,0.56
Edelweiss Recently Listed IPO Reg Gr,–,–,–,–,18.53,0.49
Edelweiss Recently Listed IPO Reg IDCW-P,–,–,–,–,18.54,0.49
Edelweiss Recently Listed IPO Reg IDCW-R,–,–,–,–,18.54,0.49
Edelweiss Recently Listed IPO Reg IDCW-T,–,–,–,–,18.54,0.49
Edelweiss Technology Fund Dir Gr,–,–,–,–,–,–
Edelweiss Technology Fund Dir IDCW-P,–,–,–,–,–,–
Edelweiss Technology Fund Dir IDCW-R,–,–,–,–,–,–
Edelweiss Technology Fund Dir IDCW-T,–,–,–,–,–,–
Edelweiss Technology Fund Reg Gr,–,–,–,–,–,–
Edelweiss Technology Fund Reg IDCW-P,–,–,–,–,–,–
Edelweiss Technology Fund Reg IDCW-R,–,–,–,–,–,–
Edelweiss Technology Fund Reg IDCW-T,–,–,–,–,–,–
Edelweiss US Technology Equity FoF DirGr,–,–,–,–,27.13,0.72
Edelweiss US Technology Equity FoF RegGr,–,–,–,–,27.11,0.69
Franklin Asian Eq Dir Gr,–,–,–,–,17.64,0.01
Franklin Asian Eq Dir IDCW-P,–,–,–,–,17.61,0
Franklin Asian Eq Dir IDCW-R,–,–,–,–,17.61,0
Franklin Asian Eq Gr,–,–,–,–,17.62,-0.04
Franklin Asian Eq IDCW-P,–,–,–,–,17.62,-0.05
Franklin Asian Eq IDCW-R,–,–,–,–,17.62,-0.05
Franklin India Arbitrage Dir Gr,–,–,–,–,–,–
Franklin India Arbitrage Dir IDCW-P,–,–,–,–,–,–
Franklin India Arbitrage Dir IDCW-R,–,–,–,–,–,–
Franklin India Arbitrage Reg Gr,–,–,–,–,–,–
Franklin India Arbitrage Reg IDCW-P,–,–,–,–,–,–
Franklin India Arbitrage Reg IDCW-R,–,–,–,–,–,–
Franklin India Balanced Advtg Dir Gr,–,–,–,–,–,–
Franklin India Balanced Advtg Dir IDCW-P,–,–,–,–,–,–
Franklin India Balanced Advtg Dir IDCW-R,–,–,–,–,–,–
Franklin India Balanced Advtg Reg Gr,–,–,–,–,–,–
Franklin India Balanced Advtg Reg IDCW-P,–,–,–,–,–,–
Franklin India Balanced Advtg Reg IDCW-R,–,–,–,–,–,–
Franklin India Credit Risk Dir Gr,–,–,–,–,4.23,1.06
Franklin India Credit Risk Dir IDCW-P,–,–,–,–,4.23,1.06
Franklin India Credit Risk Dir IDCW-R,–,–,–,–,4.23,1.06
Franklin India Credit Risk Gr,–,–,–,–,5.09,1.21
Franklin India Credit Risk IDCW-P,–,–,–,–,5.09,1.21
Franklin India Credit Risk IDCW-R,–,–,–,–,5.09,1.21
Franklin India Crdt Rsk Sgtd Ptf 2DirGr,–,–,–,–,–,–
Franklin India Crdt Rsk Sgtd Ptf2DirIDCW,–,–,–,–,–,–
Franklin India Crdt Rsk Sgtd Ptf 2 Gr,–,–,–,–,–,–
Franklin India Crdt Rsk Sgtd Ptf 2 IDCW,–,–,–,–,–,–
Franklin India Dbt Hybd Sgtd Ptf 1 DirGr,–,–,–,–,–,–
Franklin India Dbt HybdSgtdPtf1DirMnIDCW,–,–,–,–,–,–
Franklin India Dbt HybdSgtdPtf1DirQtIDCW,–,–,–,–,–,–
Franklin India Dbt Hybd Sgtd Ptf 1 Gr,–,–,–,–,–,–
Franklin India Dbt Hybd Sgtd Ptf 1MnIDCW,–,–,–,–,–,–
Franklin India Dbt Hybd Sgtd Ptf 1QtIDCW,–,–,–,–,–,–
Franklin India Dyn Acrl Sgtd Ptf 2 DirGr,–,–,–,–,–,–
Franklin India Dyn Acrl Sgtd Ptf2DirIDCW,–,–,–,–,–,–
Franklin India Dyn Acrl Sgtd Ptf 2 Gr,–,–,–,–,–,–
Franklin India Dyn Acrl Sgtd Ptf 2 IDCW,–,–,–,–,–,–
Franklin India Dyn Asst Allo FoF Dir Gr,–,–,–,–,7.14,1.23
Franklin India Dyn Asst AlloFoFDirIDCW-P,–,–,–,–,7.1,1.12
Franklin India Dyn Asst AlloFoFDirIDCW-R,–,–,–,–,7.1,1.12
Franklin India Dyn Asst Allo FoF Gr,–,–,–,–,7.14,1.1
Franklin India Dyn Asst Allo FoF IDCW-P,–,–,–,–,7.09,0.99
Franklin India Dyn Asst Allo FoF IDCW-R,–,–,–,–,7.09,0.99
Franklin India Eq Savings Dir Gr,Average,–,–,–,3.58,0.86
Franklin India Eq Savings Dir Mn IDCW-P,Average,–,–,–,3.85,0.42
Franklin India Eq Savings Dir Mn IDCW-R,Average,–,–,–,3.85,0.42
Franklin India Eq Savings Dir IDCW-P,Average,–,–,–,3.53,0.82
Franklin India Eq Savings Dir Qt IDCW-P,Average,–,–,–,3.8,0.62
Franklin India Eq Savings Dir Qt IDCW-R,Average,–,–,–,3.8,0.62
Franklin India Eq Savings Dir IDCW-R,Average,–,–,–,3.53,0.82
Franklin India Eq Savings Reg Gr,Average,–,–,–,3.57,0.59
Franklin India Eq Savings Reg Mn IDCW-P,Average,–,–,–,3.64,0.24
Franklin India Eq Savings Reg Mn IDCW-R,Average,–,–,–,3.64,0.24
Franklin India Eq Savings Reg IDCW-P,Average,–,–,–,3.52,0.54
Franklin India Eq Savings Reg Qt IDCW-P,Average,–,–,–,3.97,0.26
Franklin India Eq Savings Reg Qt IDCW-R,Average,–,–,–,3.97,0.26
Franklin India Eq Savings Reg IDCW-R,Average,–,–,–,3.52,0.54
Franklin India Inc Opps Sgtd Ptf 2 DirGr,–,–,–,–,–,–
Franklin India Inc Opp SgtPtf 2Dir IDCW,–,–,–,–,–,–
Franklin India Inc Opps Sgtd Ptf 2 Gr,–,–,–,–,–,–
Franklin India Inc Opp Sgt Ptf 2 IDCW,–,–,–,–,–,–
Franklin India Long Duration Dir Gr,–,–,–,–,–,–
Franklin India Long Duration Dir IDCW-P,–,–,–,–,–,–
Franklin India Long Duration Dir IDCW-R,–,–,–,–,–,–
Franklin India Long Duration Reg Gr,–,–,–,–,–,–
Franklin India Long Duration Reg IDCW-P,–,–,–,–,–,–
Franklin India Long Duration Reg IDCW-R,–,–,–,–,–,–
Franklin India Low Duration Dir Gr,–,–,–,–,–,–
Franklin India Low Duration Dir IDCW-P,–,–,–,–,–,–
Franklin India Low Duration Dir IDCW-R,–,–,–,–,–,–
Franklin India Low Duration Reg Gr,–,–,–,–,–,–
Franklin India Low Duration Reg IDCW-P,–,–,–,–,–,–
Franklin India Low Duration Reg IDCW-R,–,–,–,–,–,–
Franklin India Lw Dur Sgtd Ptf 2 Dir Gr,–,–,–,–,–,–
Franklin India Lw Dur SgtPtf2Dir Mn IDCW,–,–,–,–,–,–
Franklin India Lw Dur SgtPtf2Dir Qt IDCW,–,–,–,–,–,–
Franklin India Lw Dur Sgtd Ptf 2 Gr,–,–,–,–,–,–
Franklin India Lw Dur SgtPtf 2 Mn IDCW,–,–,–,–,–,–
Franklin India Lw Dur SgtPtf 2 Qt IDCW,–,–,–,–,–,–
Franklin India Mdm to Lg Dur Dir Gr,–,–,–,–,–,–
Franklin India Mdm to Lg Dur Dir IDCW-P,–,–,–,–,–,–
Franklin India Mdm to Lg Dur Dir IDCW-R,–,–,–,–,–,–
Franklin India Mdm to Lg Dur Reg Gr,–,–,–,–,–,–
Franklin India Mdm to Lg Dur Reg IDCW-P,–,–,–,–,–,–
Franklin India Mdm to Lg Dur Reg IDCW-R,–,–,–,–,–,–
Franklin India Money Mkt Dir Wkly IDCW-P,–,–,–,–,–,–
Franklin India Money Mkt Dir Wkly IDCW-R,–,–,–,–,–,–
Franklin India Money Mkt Wkly IDCW-P,–,–,–,–,–,–
Franklin India Money Mkt Wkly IDCW-R,–,–,–,–,–,–
Franklin India Mlt-Asst Sol FoFGr,–,–,–,–,5.15,1.22
Franklin India Mlt-Asst Sol FoFDir Gr,–,–,–,–,5.16,1.4
Franklin India Mlt-Asst Sol FoFIDCW-P,–,–,–,–,5.16,1.21
Franklin India Mlt-Asst Sol FoFDirIDCW-P,–,–,–,–,5.16,1.4
Franklin India Mlt-Asst Sol FoFIDCW-R,–,–,–,–,5.16,1.21
Franklin India Mlt-Asst Sol FoFDirIDCW-R,–,–,–,–,5.16,1.4
Franklin India Multi Cap Dir Gr,–,–,–,–,–,–
Franklin India Multi Cap Dir IDCW-P,–,–,–,–,–,–
Franklin India Multi Cap Dir IDCW-R,–,–,–,–,–,–
Franklin India Multi Cap Reg Gr,–,–,–,–,–,–
Franklin India Multi Cap Reg IDCW-P,–,–,–,–,–,–
Franklin India Multi Cap Reg IDCW-R,–,–,–,–,–,–
Franklin India Pension Plan Dir Gr,–,–,–,–,5.7,1.01
Franklin India Pension Plan Dir IDCW-P,–,–,–,–,5.76,0.87
Franklin India Pension Plan Dir IDCW-R,–,–,–,–,5.76,0.87
Franklin India Pension Plan Gr,–,–,–,–,5.7,0.87
Franklin India Pension Plan IDCW-P,–,–,–,–,5.77,0.75
Franklin India Pension Plan IDCW-R,–,–,–,–,5.77,0.75
Franklin India S/TIncSgtPtf2RtDr Mn IDCW,–,–,–,–,–,–
Franklin India S/TIncSgtPtf2RtDr Wk IDCW,–,–,–,–,–,–
Franklin India S/TIncSgtPtf3DrRt Wk IDCW,–,–,–,–,–,–
Franklin India S/TIncSgtPtf2RtDr Qt IDCW,–,–,–,–,–,–
Franklin India S/T Inc Sgtd Ptf 2 Ins Gr,–,–,–,–,–,–
Franklin India S/TIncSgt Ptf2Ret Mn IDCW,–,–,–,–,–,–
Franklin India S/T Inc Sgtd Ptf2RetDirGr,–,–,–,–,–,–
Franklin India S/T Inc Sgtd Ptf2Ret Gr,–,–,–,–,–,–
Franklin India S/TIncSgt Ptf2Ret Qt IDCW,–,–,–,–,–,–
Franklin India S/TIncSgt Ptf2Ret Wk IDCW,–,–,–,–,–,–
Franklin India S/T Inc Sgtd Ptf3DirRetGr,–,–,–,–,–,–
Franklin India S/TIncSgt Ptf3Ret Wk IDCW,–,–,–,–,–,–
Franklin India Ultra Shrt Dur Dir Gr,–,–,–,–,–,–
Franklin India Ultra Shrt Dur Dir IDCW-P,–,–,–,–,–,–
Franklin India Ultra Shrt Dur Dir IDCW-R,–,–,–,–,–,–
Franklin India Ultra S/D Reg Gr,–,–,–,–,–,–
Franklin India Ultra Shrt Dur Reg IDCW-P,–,–,–,–,–,–
Franklin India Ultra Shrt Dur Reg IDCW-R,–,–,–,–,–,–
Groww Banking & Fincl Svcs Dir Gr,–,–,–,–,–,–
Groww Banking & Fincl Svcs Dir IDCW-P,–,–,–,–,–,–
Groww Banking & Fincl Svcs Dir IDCW-R,–,–,–,–,–,–
Groww Banking & Fincl Svcs Reg Gr,–,–,–,–,–,–
Groww Banking & Fincl Svcs Reg IDCW-P,–,–,–,–,–,–
Groww Banking & Fincl Svcs Reg IDCW-R,–,–,–,–,–,–
Groww Gilt Dir Gr,–,–,–,–,–,–
Groww Gilt Dir IDCW-P,–,–,–,–,–,–
Groww Gilt Dir IDCW-R,–,–,–,–,–,–
Groww Gilt Reg Gr,–,–,–,–,–,–
Groww Gilt Reg IDCW-P,–,–,–,–,–,–
Groww Gilt Reg IDCW-R,–,–,–,–,–,–
Groww Gold ETF FOF Dir Gr,–,–,–,–,–,–
Groww Gold ETF FOF Dir IDCW-P,–,–,–,–,–,–
Groww Gold ETF FOF Dir IDCW-R,–,–,–,–,–,–
Groww Gold ETF FOF Reg Gr,–,–,–,–,–,–
Groww Gold ETF FOF Reg IDCW-P,–,–,–,–,–,–
Groww Gold ETF FOF Reg IDCW-R,–,–,–,–,–,–
Groww Liquid Dir Gr Unclmd Div<3Yrs,–,–,–,–,–,–
Groww Liquid Dir Gr Unclmd Div>3Yrs,–,–,–,–,–,–
Groww Liquid Dir Gr Unclmd Rdm<3Yrs,–,–,–,–,–,–
Groww Liquid Dir Gr Unclmd Rdm>3Yrs,–,–,–,–,–,–
Groww Multicap Dir Gr,–,–,–,–,–,–
Groww Multicap Dir IDCW-P,–,–,–,–,–,–
Groww Multicap Dir IDCW-R,–,–,–,–,–,–
Groww Multicap Reg Gr,–,–,–,–,–,–
Groww Multicap Reg IDCW-P,–,–,–,–,–,–
Groww Multicap Reg IDCW-R,–,–,–,–,–,–
Groww Nifty 200 ETF FOF Dir Gr,–,–,–,–,–,–
Groww Nifty 200 ETF FOF Dir IDCW-P,–,–,–,–,–,–
Groww Nifty 200 ETF FOF Dir IDCW-R,–,–,–,–,–,–
Groww Nifty 200 ETF FOF Reg Gr,–,–,–,–,–,–
Groww Nifty 200 ETF FOF Reg IDCW-P,–,–,–,–,–,–
Groww Nifty 200 ETF FOF Reg IDCW-R,–,–,–,–,–,–
Groww Nifty EV&NwAgAtmtvETFFoF Dir Gr,–,–,–,–,–,–
Groww Nifty EV&NwAgAtmtvETFFoF DirIDCW-P,–,–,–,–,–,–
Groww Nifty EV&NwAgAtmtvETFFoF DirIDCW-R,–,–,–,–,–,–
Groww Nifty EV & Nw Ag Atmtv ETFFoFRegGr,–,–,–,–,–,–
Groww Nifty EV&NwAgAtmtvETFFoF RegIDCW-P,–,–,–,–,–,–
Groww Nifty EV&NwAgAtmtvETFFoF RegIDCW-R,–,–,–,–,–,–
Groww Nifty IND Dfnc ETF FoF Dir Gr,–,–,–,–,–,–
Groww Nifty IND Dfnc ETF FoF Dir IDCW-P,–,–,–,–,–,–
Groww Nifty IND Dfnc ETF FoF Dir IDCW-R,–,–,–,–,–,–
Groww Nifty IND Dfnc ETF FoF Reg Gr,–,–,–,–,–,–
Groww Nifty IND Dfnc ETF FoF Reg IDCW-P,–,–,–,–,–,–
Groww Nifty IND Dfnc ETF FoF Reg IDCW-R,–,–,–,–,–,–
Groww Nifty India Rlwys PSU Idx Dir Gr,–,–,–,–,–,–
Groww Nifty India Rlwys PSU IdxDirIDCW-P,–,–,–,–,–,–
Groww Nifty India Rlwys PSU IdxDirIDCW-R,–,–,–,–,–,–
Groww Nifty India Rlwys PSU Idx Reg Gr,–,–,–,–,–,–
Groww Nifty India Rlwys PSU IdxRegIDCW-P,–,–,–,–,–,–
Groww Nifty India Rlwys PSU IdxRegIDCW-R,–,–,–,–,–,–
Groww Nifty N-Cycl Cnsmr Idx Dir Gr,–,–,–,–,–,–
Groww Nifty N-Cycl Cnsmr Idx Dir IDCW-P,–,–,–,–,–,–
Groww Nifty N-Cycl Cnsmr Idx Dir IDCW-R,–,–,–,–,–,–
Groww Nifty N-Cycl Cnsmr Idx Reg Grr,–,–,–,–,–,–
Groww Nifty N-Cycl Cnsmr Idx Reg IDCW-P,–,–,–,–,–,–
Groww Nifty N-Cycl Cnsmr Idx Reg IDCW-R,–,–,–,–,–,–
Groww Nifty Smallcap 250 Idx Dir Gr,–,–,–,–,–,–
Groww Nifty Smallcap 250 Idx Dir IDCW-P,–,–,–,–,–,–
Groww Nifty Smallcap 250 Idx Dir IDCW-R,–,–,–,–,–,–
Groww Nifty Smallcap 250 Idx Reg Gr,–,–,–,–,–,–
Groww Nifty Smallcap 250 Idx Reg IDCW-P,–,–,–,–,–,–
Groww Nifty Smallcap 250 Idx RegIDCW-R,–,–,–,–,–,–
Groww Nifty Total Market Idx Dir Gr,–,–,–,–,–,–
Groww Nifty Total Market Idx Dir IDCW-P,–,–,–,–,–,–
Groww Nifty Total Market Idx Dir IDCW-R,–,–,–,–,–,–
Groww Nifty Total Market Idx Reg IDCW-P,–,–,–,–,–,–
Groww Nifty Total Market Idx Reg Gr,–,–,–,–,–,–
Groww Nifty Total Market Idx Reg IDCW-R,–,–,–,–,–,–
Groww Overnight Dir Ftn IDCW-P,–,–,–,–,–,–
Groww Overnight Dir Ftn IDCW-R,–,–,–,–,11.94,0.33
Groww Overnight Dir Ftn IDCW-T,–,–,–,–,11.94,0.33
Groww Overnight Dir Wk IDCW-P,–,–,–,–,0.44,-2.67
Groww Overnight Dir Wk IDCW-R,–,–,–,–,0.71,–
Groww Overnight Dir Wk IDCW-T,–,–,–,–,0.71,–
Groww Overnight Unc Div > 3 Years,–,–,–,–,–,–
Groww Overnight Unc Red> 3 Years,–,–,–,–,–,–
HDFC Arbitrage Dir Gr,–,–,–,–,0.54,1.37
HDFC Arbitrage Dir Qt IDCW-P,–,–,–,–,0.54,1.38
HDFC Arbitrage Dir Qt IDCW-R,–,–,–,–,0.42,-0.28
HDFC Arbitrage Retl Gr,–,–,–,–,0.57,-0.26
HDFC Arbitrage Retl IDCW-P,–,–,–,–,0.54,-0.03
HDFC Arbitrage Retl Qt IDCW-P,–,–,–,–,0.54,-0.03
HDFC Arbitrage Retl Qt IDCW-R,–,–,–,–,0.42,-2.01
HDFC Arbitrage Whls Dir Mn IDCW-P,–,–,–,–,0.54,1.36
HDFC Arbitrage Whls Dir Mn IDCW-R,–,–,–,–,0.54,1.36
HDFC Arbitrage Whls Dir IDCW-P,–,–,–,–,0.84,-0.88
HDFC Arbitrage Whls Dir IDCW-R,–,–,–,–,0.84,-0.88
HDFC Arbitrage Whls Mn IDCW-P,–,–,–,–,0.54,0.19
HDFC Arbitrage Whls Mn IDCW-R,–,–,–,–,0.54,0.19
HDFC Arbitrage Whls IDCW-P,–,–,–,–,0.87,-1.58
HDFC Arbitrage Whls IDCW-R,–,–,–,–,0.87,-1.58
HDFC Arbitrage Whls Gr,–,–,–,–,0.54,0.19
HDFC Arbitrage Whls Dir Gr,–,–,–,–,0.54,1.37
HDFC Balanced Adv Dir Gr,High,–,–,–,9.75,1.47
HDFC Balanced Adv Dir IDCW-P,High,–,–,–,9.74,1.47
HDFC Balanced Adv Dir IDCW-R,High,–,–,–,9.74,1.47
HDFC Balanced Adv Gr,High,–,–,–,9.74,1.4
HDFC Balanced Adv IDCW-P,High,–,–,–,9.74,1.4
HDFC Balanced Adv IDCW-R,High,–,–,–,9.74,1.4
HDFC BSE 500 Index Dir Gr,–,–,–,–,–,–
HDFC BSE 500 Index Reg Gr,–,–,–,–,–,–
HDFC Business Cycle Dir Gr,–,–,–,–,–,–
HDFC Business Cycle Dir IDCW-P,–,–,–,–,–,–
HDFC Business Cycle Dir IDCW-R,–,–,–,–,–,–
HDFC Business Cycle Reg Gr,–,–,–,–,–,–
HDFC Business Cycle Reg IDCW-P,–,–,–,–,–,–
HDFC Business Cycle Reg IDCW-R,–,–,–,–,–,–
HDFC Childrens Fund,–,–,–,–,9.81,1.07
HDFC Childrens Dir,–,–,–,–,9.81,1.16
HDFC Childrens Dir(Lock-in),–,–,–,–,9.81,1.16
HDFC Childrens (Lock-in),–,–,–,–,9.81,1.07
HDFC CRISIL-IBX FS 3-6 Mnths Dbt IdxDrGr,–,–,–,–,–,–
HDFC CRISIL-IBX FS 3-6 Mnths Dbt IdxRgGr,–,–,–,–,–,–
HDFC Defence Dir Gr,–,–,–,–,–,–
HDFC Defence Dir IDCW-P,–,–,–,–,–,–
HDFC Defence Dir IDCW-R,–,–,–,–,–,–
HDFC Defence Reg Gr,–,–,–,–,–,–
HDFC Defence Reg IDCW-P,–,–,–,–,–,–
HDFC Defence Reg IDCW-R,–,–,–,–,–,–
HDFC Developed World Eq Pasv FoF Dir Gr,–,–,–,–,13.53,0.68
HDFC Developed World Eq Pasv FoF Reg Gr,–,–,–,–,13.52,0.65
HDFC Equity Savings Dir Gr,Average,–,–,–,4.93,1.04
HDFC Equity Savings Dir IDCW-P,Average,–,–,–,4.94,1.03
HDFC Equity Savings Dir IDCW-R,Average,–,–,–,4.94,1.03
HDFC Equity Savings Gr,Average,–,–,–,4.93,0.85
HDFC Equity Savings IDCW-P,Average,–,–,–,4.93,0.84
HDFC Equity Savings IDCW-R,Average,–,–,–,4.93,0.84
HDFC Gold ETF FoF Dir Gr,–,–,–,–,11.79,1.2
HDFC Gold ETF FoF Gr,–,–,–,–,11.8,1.17
HDFC Housing Opportunities Dir Gr,–,–,–,–,16.99,0.97
HDFC Housing Opportunities Dir IDCW-P,–,–,–,–,16.99,0.97
HDFC Housing Opportunities Dir IDCW-R,–,–,–,–,16.99,0.97
HDFC Housing Opportunities Reg Gr,–,–,–,–,16.98,0.91
HDFC Housing Opportunities Reg IDCW-P,–,–,–,–,16.98,0.91
HDFC Housing Opportunities Reg IDCW-R,–,–,–,–,16.98,0.91
HDFC Inc Plus Arbtg Actv FOF Dir Gr,–,–,–,–,6.94,1.19
HDFC Inc Plus Arbtg Actv FOF DirQtIDCW-P,–,–,–,–,6.94,1.19
HDFC Inc Plus Arbtg Actv FOF DirQtIDCW-R,–,–,–,–,6.94,1.19
HDFC Inc Plus Arbtg Actv FOF Gr,–,–,–,–,6.93,1.08
HDFC Inc Plus Arbtg Actv FOF QtIDCW-P,–,–,–,–,6.93,1.08
HDFC Inc Plus Arbtg Actv FOF QtIDCW-R,–,–,–,–,6.93,1.08
HDFC Long Duration Debt Dir Gr,–,–,–,–,–,–
HDFC Long Duration Debt Dir IDCW-P,–,–,–,–,–,–
HDFC Long Duration Debt Dir IDCW-R,–,–,–,–,–,–
HDFC Long Duration Debt Reg Gr,–,–,–,–,–,–
HDFC Long Duration Debt Reg IDCW-P,–,–,–,–,–,–
HDFC Long Duration Debt Reg IDCW-R,–,–,–,–,–,–
HDFC Manufacturing Dir Gr,–,–,–,–,–,–
HDFC Manufacturing Dir IDCW-P,–,–,–,–,–,–
HDFC Manufacturing Dir IDCW-R,–,–,–,–,–,–
HDFC Manufacturing Reg Gr,–,–,–,–,–,–
HDFC Manufacturing Reg IDCW-P,–,–,–,–,–,–
HDFC Manufacturing Reg IDCW-R,–,–,–,–,–,–
HDFC MNC Dir Gr,–,–,–,–,–,–
HDFC MNC Dir IDCW-P,–,–,–,–,–,–
HDFC MNC Dir IDCW-R,–,–,–,–,–,–
HDFC MNC Reg Gr,–,–,–,–,–,–
HDFC MNC Reg IDCW-P,–,–,–,–,–,–
HDFC MNC Reg IDCW-R,–,–,–,–,–,–
HDFC Multi-Asset Active FoF Dir Gr,–,–,–,–,6.64,1.6
HDFC Multi-Asset Active FoF Dir IDCW-P,–,–,–,–,6.64,1.6
HDFC Multi-Asset Active FoF Dir IDCW-R,–,–,–,–,6.64,1.6
HDFC Multi-Asset Active FoF Reg Gr,–,–,–,–,6.67,1.42
HDFC Multi-Asset Active FoF Reg IDCW-P,–,–,–,–,6.67,1.42
HDFC Multi-Asset Active FoF Reg IDCW-R,–,–,–,–,6.67,1.42
HDFC Multi - Asset Dir Gr,–,–,–,–,6.67,1.32
HDFC Multi - Asset Dir IDCW-P,–,–,–,–,6.67,1.32
HDFC Multi - Asset Dir IDCW-R,–,–,–,–,6.67,1.32
HDFC Multi - Asset Gr,–,–,–,–,6.68,1.13
HDFC Multi - Asset IDCW-P,–,–,–,–,6.67,1.13
HDFC Multi - Asset IDCW-R,–,–,–,–,6.67,1.13
HDFC Nifty 100 Equal Weight Index Dir Gr,–,–,–,–,16.09,0.74
HDFC Nifty 100 Equal Weight Index Reg Gr,–,–,–,–,16.09,0.71
HDFC Nifty G- Sec Apr 2029 Dir Gr,–,–,–,–,–,–
HDFC Nifty G- Sec Apr 2029 Reg Gr,–,–,–,–,–,–
HDFC Nifty G-sec Dec 2026 Index Dir Gr,–,–,–,–,–,–
HDFC Nifty G-sec Dec 2026 Index Reg Gr,–,–,–,–,–,–
HDFC Nifty G-Sec July 2031 Index Dir Gr,–,–,–,–,–,–
HDFC Nifty G-Sec July 2031 Index Reg Gr,–,–,–,–,–,–
HDFC Nifty G- Sec Jun 2027 Index Dir Gr,–,–,–,–,–,–
HDFC Nifty G- Sec Jun 2027 Index Reg Gr,–,–,–,–,–,–
HDFC Nifty G-Sec Jun 2036 Dir Gr,–,–,–,–,–,–
HDFC Nifty G-Sec Jun 2036 Reg Gr,–,–,–,–,–,–
HDFC Nifty G-sec Sep 2032 Idx Dir Gr,–,–,–,–,–,–
HDFC Nifty G-sec Sep 2032 Idx Reg Gr,–,–,–,–,–,–
HDFC Nifty India Digital Index Dir Gr,–,–,–,–,–,–
HDFC Nifty India Digital Index Reg Gr,–,–,–,–,–,–
HDFC Nifty LargeMidcap 250 Index Dir Gr,–,–,–,–,–,–
HDFC Nifty LargeMidcap 250 Index Reg Gr,–,–,–,–,–,–
HDFC NIFTY Midcap 150 Index Dir Gr,–,–,–,–,–,–
HDFC NIFTY Midcap 150 Index Reg Gr,–,–,–,–,–,–
HDFC NIFTY Realty Index Dir Gr,–,–,–,–,–,–
HDFC NIFTY Realty Index Reg Gr,–,–,–,–,–,–
HDFC Nifty SDL Oct 2026 Index Dir Gr,–,–,–,–,–,–
HDFC Nifty SDL Oct 2026 Index Reg Gr,–,–,–,–,–,–
HDFC Nifty SDL Plus G-Sec 0627 Dir Gr,–,–,–,–,–,–
HDFC Nifty SDL Plus G-Sec 0627 Reg Gr,–,–,–,–,–,–
HDFC Nifty Smallcap 250 Index Dir Gr,–,–,–,–,–,–
HDFC Nifty Smallcap 250 Index Reg Gr,–,–,–,–,–,–
HDFC Nifty Top 20 Equal Wt Idx Dir Gr,–,–,–,–,–,–
HDFC Nifty Top 20 Equal Wt Idx Reg Gr,–,–,–,–,–,–
HDFC NIFTY100 Low Volatil 30 Idx Dir Gr,–,–,–,–,–,–
HDFC NIFTY100 Low Volatil 30 Idx Reg Gr,–,–,–,–,–,–
HDFC Nifty100 Quality 30 Index Dir Gr,–,–,–,–,–,–
HDFC Nifty100 Quality 30 Index Reg Gr,–,–,–,–,–,–
HDFC NIFTY200 Momentum 30 Index Dir Gr,–,–,–,–,–,–
HDFC NIFTY200 Momentum 30 Index Reg Gr,–,–,–,–,–,–
HDFC Nifty500 Multcp 50:25:25 Idx Dir Gr,–,–,–,–,–,–
HDFC Nifty500 Multcp 50:25:25 Idx Reg Gr,–,–,–,–,–,–
HDFC Non-Cyclical Consumer Dir Gr,–,–,–,–,–,–
HDFC Non-Cyclical Consumer Dir IDCW-P,–,–,–,–,–,–
HDFC Non-Cyclical Consumer Dir IDCW-R,–,–,–,–,–,–
HDFC Non-Cyclical Consumer Reg Gr,–,–,–,–,–,–
HDFC Non-Cyclical Consumer Reg IDCW-P,–,–,–,–,–,–
HDFC Non-Cyclical Consumer Reg IDCW-R,–,–,–,–,–,–
HDFC Pharma and Healthcare Dir Gr,–,–,–,–,–,–
HDFC Pharma and Healthcare Dir IDCW-P,–,–,–,–,–,–
HDFC Pharma and Healthcare Dir IDCW-R,–,–,–,–,–,–
HDFC Pharma and Healthcare Reg Gr,–,–,–,–,–,–
HDFC Pharma and Healthcare Reg IDCW-P,–,–,–,–,–,–
HDFC Pharma and Healthcare Reg IDCW-R,–,–,–,–,–,–
HDFC Retirement Svgs Hybrid Debt Dir,–,–,–,–,3.64,1.22
HDFC Retirement Svgs Hybrid Debt Reg,–,–,–,–,3.63,0.9
HDFC Retirement Svgs Hybrid Equity Dir,–,–,–,–,9.1,1.22
HDFC Retirement Svgs Hybrid Equity Reg,–,–,–,–,9.1,1.09
HDFC Silver ETF Fund of Fund Dir Gr,–,–,–,–,–,–
HDFC Silver ETF Fund of Fund Reg Gr,–,–,–,–,–,–
HDFC Technology Dir Gr,–,–,–,–,–,–
HDFC Technology Dir IDCW-P,–,–,–,–,–,–
HDFC Technology Dir IDCW-R,–,–,–,–,–,–
HDFC Technology Reg Gr,–,–,–,–,–,–
HDFC Technology Reg IDCW-P,–,–,–,–,–,–
HDFC Technology Reg IDCW-R,–,–,–,–,–,–
HDFC Trsptn & Logistics Dir Gr,–,–,–,–,–,–
HDFC Trsptn & Logistics Dir IDCW-P,–,–,–,–,–,–
HDFC Trsptn & Logistics Dir IDCW-R,–,–,–,–,–,–
HDFC Trsptn & Logistics Reg Gr,–,–,–,–,–,–
HDFC Trsptn & Logistics Reg IDCW-P,–,–,–,–,–,–
HDFC Trsptn & Logistics Reg IDCW-R,–,–,–,–,–,–
Helios Balanced Advantage Dir Gr,–,–,–,–,–,–
Helios Balanced Advantage Dir IDCW-P,–,–,–,–,–,–
Helios Balanced Advantage Dir IDCW-R,–,–,–,–,–,–
Helios Balanced Advantage Dir IDCW-T,–,–,–,–,–,–
Helios Balanced Advantage Reg Gr,–,–,–,–,–,–
Helios Balanced Advantage Reg IDCW-P,–,–,–,–,–,–
Helios Balanced Advantage Reg IDCW-R,–,–,–,–,–,–
Helios Balanced Advantage Reg IDCW-T,–,–,–,–,–,–
Helios Financial Services Dir Gr,–,–,–,–,–,–
Helios Financial Services Dir IDCW-P,–,–,–,–,–,–
Helios Financial Services Dir IDCW-R,–,–,–,–,–,–
Helios Financial Services Dir IDCW-T,–,–,–,–,–,–
Helios Financial Services Reg Gr,–,–,–,–,–,–
Helios Financial Services Reg IDCW-P,–,–,–,–,–,–
Helios Financial Services Reg IDCW-R,–,–,–,–,–,–
Helios Financial Services Reg IDCW-T,–,–,–,–,–,–
Helios Flexi Cap Dir Gr,–,–,–,–,–,–
Helios Flexi Cap Dir IDCW-P,–,–,–,–,–,–
Helios Flexi Cap Dir IDCW-R,–,–,–,–,–,–
Helios Flexi Cap Dir IDCW-T,–,–,–,–,–,–
Helios Flexi Cap Reg Gr,–,–,–,–,–,–
Helios Flexi Cap Reg IDCW-P,–,–,–,–,–,–
Helios Flexi Cap Reg IDCW-R,–,–,–,–,–,–
Helios Flexi Cap Reg IDCW-T,–,–,–,–,–,–
Helios Large & Mid Cap Dir Gr,–,–,–,–,–,–
Helios Large & Mid Cap Dir IDCW-P,–,–,–,–,–,–
Helios Large & Mid Cap Dir IDCW-R,–,–,–,–,–,–
Helios Large & Mid Cap Dir IDCW-T,–,–,–,–,–,–
Helios Large & Mid Cap Reg Gr,–,–,–,–,–,–
Helios Large & Mid Cap Reg IDCW-P,–,–,–,–,–,–
Helios Large & Mid Cap Reg IDCW-R,–,–,–,–,–,–
Helios Large & Mid Cap Reg IDCW-T,–,–,–,–,–,–
Helios Mid Cap Dir Gr,–,–,–,–,–,–
Helios Mid Cap Dir IDCW-P,–,–,–,–,–,–
Helios Mid Cap Dir IDCW-R,–,–,–,–,–,–
Helios Mid Cap Reg Gr,–,–,–,–,–,–
Helios Mid Cap Reg IDCW-P,–,–,–,–,–,–
Helios Mid Cap Reg IDCW-R,–,–,–,–,–,–
Helios Overnight Dir Dl IDCW-R,–,–,–,–,–,–
Helios Overnight Dir Gr,–,–,–,–,–,–
Helios Overnight Reg Dl IDCW-R,–,–,–,–,–,–
Helios Overnight Reg Gr,–,–,–,–,–,–
HSBC Agrsv Hyb Actv FoF Dir Gr,–,–,–,–,11.64,0.87
HSBC Agrsv Hyb Actv FoF Dir IDCW-P,–,–,–,–,11.55,0.82
HSBC Agrsv Hyb Actv FoF Dir IDCW-R,–,–,–,–,11.55,0.82
HSBC Agrsv Hyb Actv FoF IDCW-P,–,–,–,–,11.53,0.75
HSBC Agrsv Hyb Actv FoF Reg Gr,–,–,–,–,11.62,0.8
HSBC Agrsv Hyb Actv FoF IDCW-R,–,–,–,–,11.53,0.75
HSBC Arbitrage Dir Gr,–,–,–,–,0.54,1.22
HSBC Arbitrage Dir Mn IDCW-P,–,–,–,–,1.33,0.58
HSBC Arbitrage Dir Mn IDCW-R,–,–,–,–,1.33,0.58
HSBC Arbitrage Dir Bns,–,–,–,–,0.56,0.55
HSBC Arbitrage Dir Qt IDCW-P,–,–,–,–,2.3,-0.04
HSBC Arbitrage Dir Qt IDCW-R,–,–,–,–,2.3,-0.04
HSBC Arbitrage Reg Bns,–,–,–,–,0.54,-0.55
HSBC Arbitrage Reg Gr,–,–,–,–,0.53,-0.32
HSBC Arbitrage Reg Mn IDCW-P,–,–,–,–,1.1,0.06
HSBC Arbitrage Reg Mn IDCW-R,–,–,–,–,1.1,0.06
HSBC Arbitrage Reg Qt IDCW-P,–,–,–,–,2.32,-0.09
HSBC Arbitrage Reg Qt IDCW-R,–,–,–,–,2.32,-0.09
HSBC Asia Pacific(Ex Jap)Div Yld Dir Gr,–,–,–,–,15.93,0.18
HSBC Asia Pac(Ex Jap)IDCW Yld Dir IDCW-P,–,–,–,–,15.97,0.13
HSBC Asia Pac(Ex Jap)IDCW Yld Dir IDCW-R,–,–,–,–,15.97,0.13
HSBC Asia Pac(Ex Jap)IDCW Yld IDCW-P,–,–,–,–,15.97,0.1
HSBC Asia Pac(Ex Jap)IDCW Yld IDCW-R,–,–,–,–,15.97,0.1
HSBC Asia Pacific(Ex Jap)Div Yld Reg Gr,–,–,–,–,15.93,0.14
HSBC Balanced Advantage Dir Gr,Below Average,–,–,–,6.96,0.97
HSBC Balanced Advantage Dir IDCW-P,Below Average,–,–,–,6.96,0.96
HSBC Balanced Advantage Dir IDCW-R,Below Average,–,–,–,6.96,0.96
HSBC Balanced Advantage Gr,Low,–,–,–,6.95,0.77
HSBC Balanced Advantage IDCW-P,Below Average,–,–,–,6.96,0.77
HSBC Balanced Advantage IDCW-R,Below Average,–,–,–,6.96,0.77
HSBC Brazil Dir Gr,–,–,–,–,25.35,-0.12
HSBC Brazil Gr,–,–,–,–,25.33,-0.15
HSBC Brazil Dir IDCW-R,–,–,–,–,25.35,-0.12
HSBC Brazil IDCW-P,–,–,–,–,25.33,-0.15
HSBC Brazil Dir IDCW-P,–,–,–,–,25.35,-0.12
HSBC Brazil IDCW-R,–,–,–,–,25.33,-0.15
HSBC Consumption Dir Gr,–,–,–,–,–,–
HSBC Consumption Dir IDCW-P,–,–,–,–,–,–
HSBC Consumption Dir IDCW-R,–,–,–,–,–,–
HSBC Consumption Reg Gr,–,–,–,–,–,–
HSBC Consumption Reg IDCW-P,–,–,–,–,–,–
HSBC Consumption Reg IDCW-R,–,–,–,–,–,–
HSBC CRISIL IBX 50:50 GPS 0428 Dir Gr,–,–,–,–,1.47,1.13
HSBC CRISIL IBX 50:50 GPS 0428 Dr IDCW-P,–,–,–,–,1.47,1.13
HSBC CRISIL IBX 50:50 GPS 0428 Dr IDCW-R,–,–,–,–,1.47,1.13
HSBC CRISIL IBX 50:50 GPS 0428 Reg Gr,–,–,–,–,1.48,0.99
HSBC CRISIL IBX 50:50 GPS 0428 Rg IDCW-P,–,–,–,–,1.48,0.99
HSBC CRISIL IBX 50:50 GPS 0428 Rg IDCW-R,–,–,–,–,1.48,0.99
HSBC CRISIL IBX Gilt Jun 2027 Dir Gr,–,–,–,–,–,–
HSBC CRISIL IBX Gilt Jun 2027 Dir IDCW-P,–,–,–,–,–,–
HSBC CRISIL IBX Gilt Jun 2027 Dir IDCW-R,–,–,–,–,–,–
HSBC CRISIL IBX Gilt Jun 2027 Reg Gr,–,–,–,–,–,–
HSBC CRISIL IBX Gilt Jun 2027 Reg IDCW-P,–,–,–,–,–,–
HSBC CRISIL IBX Gilt Jun 2027 Reg IDCW-R,–,–,–,–,–,–
HSBC Equity Savings Dir Gr,High,–,–,–,7.45,0.89
HSBC Equity Savings Dir Mn IDCW-P,High,–,–,–,7.46,0.88
HSBC Equity Savings Dir Mn IDCW-R,High,–,–,–,7.46,0.88
HSBC Equity Savings Dir Qt IDCW-P,High,–,–,–,7.44,0.87
HSBC Equity Savings Dir Qt IDCW-R,High,–,–,–,7.44,0.87
HSBC Equity Savings Gr,High,–,–,–,7.45,0.77
HSBC Equity Savings Mn IDCW-P,High,–,–,–,7.45,0.76
HSBC Equity Savings Mn IDCW-R,High,–,–,–,7.45,0.76
HSBC Equity Savings Qt IDCW-P,High,–,–,–,7.44,0.75
HSBC Equity Savings Qt IDCW-R,High,–,–,–,7.44,0.75
HSBC Financial Services Dir Gr,–,–,–,–,–,–
HSBC Financial Services Dir IDCW-P,–,–,–,–,–,–
HSBC Financial Services Dir IDCW-R,–,–,–,–,–,–
HSBC Financial Services Reg Gr,–,–,–,–,–,–
HSBC Financial Services Reg IDCW-P,–,–,–,–,–,–
HSBC Financial Services Reg IDCW-R,–,–,–,–,–,–
HSBC Global Emerging Markets Dir IDCW-P,–,–,–,–,–,–
HSBC Global Equity Clmt Chg FoF Dir Gr,–,–,–,–,18.27,0.12
HSBC Global Eq Clmt Chg FoF Dir IDCW-P,–,–,–,–,18.27,0.12
HSBC Global Eq Clmt Chg FoF Dir IDCW-R,–,–,–,–,18.27,0.12
HSBC Global Equity Clmt Chg FoF Reg Gr,–,–,–,–,18.26,0.08
HSBC Global Eq Clmt Chg FoF Reg IDCW-P,–,–,–,–,18.26,0.08
HSBC Global Eq Clmt Chg FoF Reg IDCW-R,–,–,–,–,18.26,0.08
HSBC Inc Plus Arbtg Actv FOF Dir Gr,–,–,–,–,2.1,0.81
HSBC Inc Plus Arbtg Actv FOF Dir IDCW-P,–,–,–,–,–,–
HSBC Inc Plus Arbtg Actv FOF Dir IDCW-R,–,–,–,–,–,–
HSBC Inc Plus Arbtg Actv FOF IDCW-R,–,–,–,–,2.14,0.15
HSBC Inc Plus Arbtg Actv FOF IDCW-P,–,–,–,–,2.14,0.15
HSBC Inc Plus Arbtg Actv FOF Reg Gr,–,–,–,–,2.11,0.45
HSBC India Export Opports Dir Gr,–,–,–,–,–,–
HSBC India Export Opports Dir IDCW-P,–,–,–,–,–,–
HSBC India Export Opports Dir IDCW-R,–,–,–,–,–,–
HSBC India Export Opports Reg Gr,–,–,–,–,–,–
HSBC India Export Opports Reg IDCW-P,–,–,–,–,–,–
HSBC India Export Opports Reg IDCW-R,–,–,–,–,–,–
HSBC Multi Asset Actv FOF Dir IDCW-P,–,–,–,–,13.59,0.25
HSBC Multi Asset Actv FOF Gr,–,–,–,–,9.63,0.83
HSBC Multi Asset Actv FOF Gr Dir,–,–,–,–,9.65,0.93
HSBC Multi Asset Actv FOF Reg IDCW-R,–,–,–,–,9.57,0.78
HSBC Multi Asset Actv FOF Reg IDCW-P,–,–,–,–,9.57,0.78
HSBC Multi Asset Actv FOF Dir IDCW-R,–,–,–,–,9.63,0.91
HSBC Multi Asset Allocation Dir Gr,–,–,–,–,–,–
HSBC Multi Asset Allocation Dir IDCW-P,–,–,–,–,–,–
HSBC Multi Asset Allocation Dir IDCW-R,–,–,–,–,–,–
HSBC Multi Asset Allocation Reg Gr,–,–,–,–,–,–
HSBC Multi Asset Allocation Reg IDCW-P,–,–,–,–,–,–
HSBC Multi Asset Allocation Reg IDCW-R,–,–,–,–,–,–
HSBC Multi Cap Dir Gr,–,–,–,–,–,–
HSBC Multi Cap Dir IDCW-P,–,–,–,–,–,–
HSBC Multi Cap Dir IDCW-R,–,–,–,–,–,–
HSBC Multi Cap Reg Gr,–,–,–,–,–,–
HSBC Multi Cap Reg IDCW-P,–,–,–,–,–,–
HSBC Multi Cap Reg IDCW-R,–,–,–,–,–,–
HSBC Overnight Dir Mn IDCW-P,–,–,–,–,0.69,-1.95
HSBC Overnight Dir Mn IDCW-R,–,–,–,–,0.69,-1.95
HSBC Overnight Reg Wk IDCW-R,–,–,–,–,–,–
HSBC Overnight Unclm IDCW Above 3 yrs,–,–,–,–,–,–
HSBC Overnight Unclm IDCW Below 3 yrs,–,–,–,–,–,–
HSBC Overnight Unclm Rdmpt above 3 yrs,–,–,–,–,–,–
HSBC Overnight Unclm Rdmpt Below 3 yrs,–,–,–,–,–,–
ICICI Pru Asset Allocator(FOF) Dir Gr,–,–,–,–,5.27,1.63
ICICI Pru Asset Allocator(FOF) DirIDCW-P,–,–,–,–,5.35,1.54
ICICI Pru Asset Allocator(FOF) DirIDCW-R,–,–,–,–,5.35,1.54
ICICI Pru Asset Allocator(FOF) Gr,–,–,–,–,5.27,1.42
ICICI Pru Asset Allocator(FOF) IDCW-P,–,–,–,–,5.37,1.31
ICICI Pru Asset Allocator(FOF) IDCW-R,–,–,–,–,5.37,1.31
ICICI Pru Balanced Adv Dir Gr,Below Average,–,–,–,5.77,1.26
ICICI Pru Balanced Adv Dir Mn IDCW-P,Below Average,–,–,–,5.78,1.26
ICICI Pru Balanced Adv Dir Mn IDCW-R,Below Average,–,–,–,5.78,1.26
ICICI Pru Balanced Adv Dir IDCW-P,Below Average,–,–,–,5.87,1.16
ICICI Pru Balanced Adv Dir Qt IDCW-P,–,–,–,–,13.84,0.74
ICICI Pru Balanced Adv Dir Qt IDCW-R,–,–,–,–,13.84,0.74
ICICI Pru Balanced Adv Dir IDCW-R,Below Average,–,–,–,5.87,1.16
ICICI Pru Balanced Adv Gr,Below Average,–,–,–,5.76,1.15
ICICI Pru Balanced Adv Mn IDCW-P,Below Average,–,–,–,5.75,1.15
ICICI Pru Balanced Adv Mn IDCW-R,Below Average,–,–,–,5.75,1.15
ICICI Pru Balanced Adv IDCW-P,Below Average,–,–,–,6,0.96
ICICI Pru Balanced Adv IDCW-R,Below Average,–,–,–,6,0.96
ICICI Pru BHARAT 22 FOF Dir Gr,–,–,–,–,17.7,1.26
ICICI Pru BHARAT 22 FOF Gr,–,–,–,–,17.7,1.26
ICICI Pru Child Care (Gift Plan),–,–,–,–,12.45,0.95
ICICI Pru Child Care (Gift Plan) Dir,–,–,–,–,12.46,1
ICICI PruCRISILIBXAAABdFSIdxDec26DrGr,–,–,–,–,–,–
ICICI PruCRISILIBXAAABdFSIdxDec26DrIDCWP,–,–,–,–,–,–
ICICI PruCRISILIBXAAABdFSIdxDec26DrIDCWR,–,–,–,–,–,–
ICICI PruCRISILIBXAAABdFSIdxDec26RgGr,–,–,–,–,–,–
ICICI PruCRISILIBXAAABdFSIdxDec26RgIDCWP,–,–,–,–,–,–
ICICI PruCRISILIBXAAABdFSIdxDec26RgIDCWR,–,–,–,–,–,–
ICICIPruCRSLIBXFnclSvcs36MnDbtIdxDrGr,–,–,–,–,–,–
ICICIPruCRSLIBXFnclSvcs36MnDbtIdxDrIDCWP,–,–,–,–,–,–
ICICIPruCRSLIBXFnclSvcs36MnDbtIdxDrIDCWR,–,–,–,–,–,–
ICICIPruCRSLIBXFnclSvcs36MnDbtIdxRgGr,–,–,–,–,–,–
ICICIPruCRSLIBXFnclSvcs36MnDbtIdxRgIDCWP,–,–,–,–,–,–
ICICIPruCRSLIBXFnclSvcs36MnDbtIdxRgIDCWR,–,–,–,–,–,–
ICICI Pru Debt Management(FOF) Dir Gr,–,–,–,–,1.01,1.63
ICICI Pru Debt Management(FOF) DirIDCW-P,–,–,–,–,1.02,1.48
ICICI Pru Debt Management(FOF) DirIDCW-R,–,–,–,–,1.02,1.48
ICICI Pru Debt Management(FOF) Gr,–,–,–,–,1.02,1.4
ICICI Pru Debt Management(FOF) IDCW-P,–,–,–,–,1.04,1.24
ICICI Pru Debt Management(FOF) IDCW-R,–,–,–,–,1.04,1.24
ICICI Prudential Energy Opps Dir Gr,–,–,–,–,–,–
ICICI Prudential Energy Opps Dir IDCW-P,–,–,–,–,–,–
ICICI Prudential Energy Opps Dir IDCW-R,–,–,–,–,–,–
ICICI Prudential Energy Opps Reg Gr,–,–,–,–,–,–
ICICI Prudential Energy Opps Reg IDCW-P,–,–,–,–,–,–
ICICI Prudential Energy Opps Reg IDCW-R,–,–,–,–,–,–
ICICI Pru Equity Arbitrage Dir Bns,–,–,–,–,0.55,0.64
ICICI Pru Equity Arbitrage Dir Gr,–,–,–,–,0.53,1.51
ICICI Pru Equity Arbitrage Dir IDCW-P,–,–,–,–,0.72,-0.51
ICICI Pru Equity Arbitrage Dir IDCW-R,–,–,–,–,0.72,-0.51
ICICI Pru Equity Arbitrage Instl Gr,–,–,–,–,0.56,-0.39
ICICI Pru Equity Arbitrage Reg Gr,–,–,–,–,0.53,0.2
ICICI Pru Equity Arbitrage Reg IDCW-P,–,–,–,–,0.75,-1.51
ICICI Pru Equity Arbitrage Reg IDCW-R,–,–,–,–,0.75,-1.51
ICICI Prudential Eq Min Var Dir Gr,–,–,–,–,–,–
ICICI Prudential Eq Min Var Dir IDCW-P,–,–,–,–,–,–
ICICI Prudential Eq Min Var Dir IDCW-R,–,–,–,–,–,–
ICICI Prudential Eq Min Var Reg Gr,–,–,–,–,–,–
ICICI Prudential Eq Min Var Reg IDCW-P,–,–,–,–,–,–
ICICI Prudential Eq Min Var Reg IDCW-R,–,–,–,–,–,–
ICICI Pru Equity Savings Dir Gr,Below Average,–,–,–,2.36,1.08
ICICI Pru Equity Savings Dir Qt IDCW-P,Below Average,–,–,–,2.36,1.05
ICICI Pru Equity Savings Dir Qt IDCW-R,Below Average,–,–,–,2.36,1.05
ICICI Pru Equity Savings Gr,Below Average,–,–,–,2.35,0.87
ICICI Pru Equity Savings Qt IDCW-P,Below Average,–,–,–,2.36,0.84
ICICI Pru Equity Savings Qt IDCW-R,Below Average,–,–,–,2.36,0.84
ICICI Pru Global Advtg(FOF) Dir Gr,–,–,–,–,16.07,0.3
ICICI Pru Global Advtg(FOF) Dir IDCW-P,–,–,–,–,16.07,0.3
ICICI Pru Global Advtg(FOF) Dir IDCW-R,–,–,–,–,16.07,0.3
ICICI Pru Global Advtg(FOF) Reg Gr,–,–,–,–,16.06,0.26
ICICI Pru Global Advtg(FOF) Reg IDCW-P,–,–,–,–,16.06,0.26
ICICI Pru Global Advtg(FOF) Reg IDCW-R,–,–,–,–,16.06,0.26
ICICI Pru Global Stbl Eq(FOF) Dir Gr,–,–,–,–,11.71,0.25
ICICI Pru Global Stbl Eq(FOF) Dir IDCW-P,–,–,–,–,11.7,0.25
ICICI Pru Global Stbl Eq(FOF) Dir IDCW-R,–,–,–,–,11.7,0.25
ICICI Pru Global Stbl Eq(FOF) Gr,–,–,–,–,11.7,0.22
ICICI Pru Global Stbl Eq(FOF) IDCW-P,–,–,–,–,11.7,0.22
ICICI Pru Global Stbl Eq(FOF) IDCW-R,–,–,–,–,11.7,0.22
ICICI Prudential Housing Opps Dir Gr,–,–,–,–,12.76,1.1
ICICI Prudential Housing Opps Dir IDCW-P,–,–,–,–,12.89,1.07
ICICI Prudential Housing Opps Dir IDCW-R,–,–,–,–,12.89,1.07
ICICI Prudential Housing Opps Reg Gr,–,–,–,–,12.77,1
ICICI Prudential Housing Opps Reg IDCW-P,–,–,–,–,12.88,0.97
ICICI Prudential Housing Opps Reg IDCW-R,–,–,–,–,12.88,0.97
ICICI Pru Inc pls Arbtrg Act FOF Dir Gr,–,–,–,–,3.42,1.6
ICICI Pru Inc pls Arbtrg Act FOFDirIDCWP,–,–,–,–,3.5,1.45
ICICI Pru Inc pls Arbtrg Act FOFDirIDCWR,–,–,–,–,3.5,1.45
ICICI Pru Inc pls Arbtrg Act FOF Gr,–,–,–,–,3.42,1.4
ICICI Pru Inc pls Arbtrg Actv FOF IDCW-P,–,–,–,–,3.51,1.23
ICICI Pru Inc pls Arbtrg Actv FOF IDCW-R,–,–,–,–,3.51,1.23
ICICI Pru India Equity FOF Dir Gr,–,–,–,–,12.58,1.2
ICICI Pru India Equity FOF Dir IDCW-P,–,–,–,–,12.63,1.17
ICICI Pru India Equity FOF Dir IDCW-R,–,–,–,–,12.63,1.17
ICICI Pru India Equity FOF Reg Gr,–,–,–,–,12.57,1.16
ICICI Pru India Equity FOF Reg IDCW-P,–,–,–,–,12.63,1.12
ICICI Pru India Equity FOF Reg IDCW-R,–,–,–,–,12.63,1.12
ICICI Pru Innovt Dir Gr,–,–,–,–,–,–
ICICI Pru Innovt Dir IDCW-P,–,–,–,–,–,–
ICICI Pru Innovt Dir IDCW-R,–,–,–,–,–,–
ICICI Pru Innovt Reg Gr,–,–,–,–,–,–
ICICI Pru Innovt Reg IDCW-P,–,–,–,–,–,–
ICICI Pru Innovt Reg IDCW-R,–,–,–,–,–,–
ICICI Pru Liquid Unclaimed IDCW Inv Edu,–,–,–,–,–,–
ICICI Pru Liquid Unclaimed Rdmpt Inv Edu,–,–,–,–,–,–
ICICI Pru Manufacturing Dir Gr,–,–,–,–,16.93,1.16
ICICI Pru Manufacturing Dir IDCW-P,–,–,–,–,16.82,1.12
ICICI Pru Manufacturing Dir IDCW-R,–,–,–,–,16.82,1.12
ICICI Pru Manufacturing Gr,–,–,–,–,16.92,1.1
ICICI Pru Manufacturing IDCW-P,–,–,–,–,16.78,1.06
ICICI Pru Manufacturing IDCW-R,–,–,–,–,16.78,1.06
ICICI Pru Multi-Asset Dir Gr,–,–,–,–,7.58,1.69
ICICI Pru Multi-Asset Dir IDCW-P,–,–,–,–,7.58,1.69
ICICI Pru Multi-Asset Dir IDCW-R,–,–,–,–,7.58,1.69
ICICI Pru Multi-Asset FII Gr,–,–,–,–,12.64,0.4
ICICI Pru Multi-Asset Gr,–,–,–,–,7.57,1.59
ICICI Pru Multi-Asset Instl Gr,–,–,–,–,13.91,-0.51
ICICI Pru Multi-Asset IDCW-P,–,–,–,–,7.58,1.59
ICICI Pru Multi-Asset IDCW-R,–,–,–,–,7.58,1.59
ICICI Pru Nifty 100 LV 30 ETF FOF Dir Gr,–,–,–,–,13.47,0.71
ICICI Pru Nifty 100 LV 30 ETFFOFDirIDCWP,–,–,–,–,13.47,0.71
ICICI Pru Nifty 100 LV 30 ETF FOF Reg Gr,–,–,–,–,13.46,0.68
ICICI Pru Nifty 100 LV 30 ETFFOFRegIDCWP,–,–,–,–,13.46,0.68
ICICI Pru Nifty 100 LV 30 ETFFOFDirIDCWR,–,–,–,–,13.47,0.71
ICICI Pru Nifty 100 LV 30 ETFFOFRegIDCWR,–,–,–,–,13.46,0.68
ICICI Pru Nifty 200 Momt 30 Dir Gr,–,–,–,–,–,–
ICICI Pru Nifty 200 Momt 30 Dir IDCW-P,–,–,–,–,–,–
ICICI Pru Nifty 200 Momt 30 Dir IDCW-R,–,–,–,–,–,–
ICICI Pru Nifty 200 Momt 30 Reg Gr,–,–,–,–,–,–
ICICI Pru Nifty 200 Momt 30 Reg IDCW-P,–,–,–,–,–,–
ICICI Pru Nifty 200 Momt 30 Reg IDCW-R,–,–,–,–,–,–
ICICI Prudential Nifty 500 Idx Dir Gr,–,–,–,–,–,–
ICICI Prudential Nifty 500 Idx DirIDCW-P,–,–,–,–,–,–
ICICI Prudential Nifty 500 Idx DirIDCW-R,–,–,–,–,–,–
ICICI Prudential Nifty 500 Idx Reg Gr,–,–,–,–,–,–
ICICI Prudential Nifty 500 Idx RegIDCW-P,–,–,–,–,–,–
ICICI Prudential Nifty 500 Idx RegIDCW-R,–,–,–,–,–,–
ICICI Pru Nifty Auto Index Dir Gr,–,–,–,–,–,–
ICICI Pru Nifty Auto Index Dir IDCW-P,–,–,–,–,–,–
ICICI Pru Nifty Auto Index Dir IDCW-R,–,–,–,–,–,–
ICICI Pru Nifty Auto Index Dir IDCW-T,–,–,–,–,–,–
ICICI Pru Nifty Auto Index Reg Gr,–,–,–,–,–,–
ICICI Pru Nifty Auto Index Reg IDCW-P,–,–,–,–,–,–
ICICI Pru Nifty Auto Index Reg IDCW-R,–,–,–,–,–,–
ICICI Pru Nifty Auto Index Reg IDCW-T,–,–,–,–,–,–
ICICIPruNiftyEV&NwAgeAtmtvETFFOFDirGr,–,–,–,–,–,–
ICICIPruNiftyEV&NwAgeAtmtvETFFOFDirIDCWP,–,–,–,–,–,–
ICICIPruNiftyEV&NwAgeAtmtvETFFOFDirIDCWR,–,–,–,–,–,–
ICICIPruNiftyEV&NwAgeAtmtvETFFOFRegGr,–,–,–,–,–,–
ICICIPruNiftyEV&NwAgeAtmtvETFFOFRegIDCWP,–,–,–,–,–,–
ICICIPruNiftyEV&NwAgeAtmtvETFFOFRegIDCWR,–,–,–,–,–,–
ICICI Pru Nifty G-Sec 1230 Ann Dr IDCW-P,–,–,–,–,–,–
ICICI Pru Nifty G-Sec 1230 Ann Dr IDCW-R,–,–,–,–,–,–
ICICI Pru Nifty G-Sec 1230 Ann Rg IDCW-P,–,–,–,–,–,–
ICICI Pru Nifty G-Sec 1230 Ann Rg IDCW-R,–,–,–,–,–,–
ICICI Pru Nifty G-Sec 1230 Dr Gr,–,–,–,–,–,–
ICICI Pru Nifty G-Sec 1230 Rg Gr,–,–,–,–,–,–
ICICI Pru Nifty IT Index Dir Gr,–,–,–,–,–,–
ICICI Pru Nifty IT Index Dir IDCW-P,–,–,–,–,–,–
ICICI Pru Nifty IT Index Dir IDCW-R,–,–,–,–,–,–
ICICI Pru Nifty IT Index Reg Gr,–,–,–,–,–,–
ICICI Pru Nifty IT Index Reg IDCW-P,–,–,–,–,–,–
ICICI Pru Nifty IT Index Reg IDCW-R,–,–,–,–,–,–
ICICI PruNiftyLargeMidcap250IdxDirGr,–,–,–,–,–,–
ICICI PruNiftyLargeMidcap250IdxDirIDCW-P,–,–,–,–,–,–
ICICI PruNiftyLargeMidcap250IdxDirIDCW-R,–,–,–,–,–,–
ICICI Pru Nifty LargeMidcap250IdxReg Gr,–,–,–,–,–,–
ICICI PruNiftyLargeMidcap250IdxRegIDCW-P,–,–,–,–,–,–
ICICI PruNiftyLargeMidcap250IdxRegIDCW-R,–,–,–,–,–,–
ICICI Pru Nfty Phrm Idx Dir Gr,–,–,–,–,–,–
ICICI Pru Nfty Phrm Idx Dir IDCW-P,–,–,–,–,–,–
ICICI Pru Nfty Phrm Idx Dir IDCW-R,–,–,–,–,–,–
ICICI Pru Nfty Phrm Idx Reg Gr,–,–,–,–,–,–
ICICI Pru Nfty Phrm Idx Reg IDCW-P,–,–,–,–,–,–
ICICI Pru Nfty Phrm Idx Reg IDCW-R,–,–,–,–,–,–
ICICI Pru Nifty PSU B Pl SDL Dir Gr,–,–,–,–,1.35,0.99
ICICI Pru Nifty PSU B Pl SDL Dir AnIDCWP,–,–,–,–,1.35,0.99
ICICI Pru Nifty PSU B Pl SDL Dir AnIDCWR,–,–,–,–,1.35,0.99
ICICI Pru Nifty PSU B Pl SDL Reg AnIDCWP,–,–,–,–,1.35,0.84
ICICI Pru Nifty PSU B Pl SDL Reg AnIDCWR,–,–,–,–,1.35,0.84
ICICI Pru Nifty PSU B Pl SDL Reg Gr,–,–,–,–,1.35,0.84
ICICI Pru Nifty SDL Dec28 Ann Dr IDCW-P,–,–,–,–,–,–
ICICI Pru Nifty SDL Dec28 Ann Dr IDCW-R,–,–,–,–,–,–
ICICI Pru Nifty SDL Dec28 Ann Rg IDCW-P,–,–,–,–,–,–
ICICI Pru Nifty SDL Dec28 Ann Rg IDCW-R,–,–,–,–,–,–
ICICI Pru Nifty SDL Dec28 Dr Gr,–,–,–,–,–,–
ICICI Pru Nifty SDL Dec28 Rg Gr,–,–,–,–,–,–
ICICI Pru Nifty SDL Sep26 Dir Ann IDCW-P,–,–,–,–,–,–
ICICI Pru Nifty SDL Sep26 Ann Dir IDCW-R,–,–,–,–,–,–
ICICI Pru Nifty SDL Sep26 Ann Reg IDCW-P,–,–,–,–,–,–
ICICI Pru Nifty SDL Sep26 Ann Reg IDCW-R,–,–,–,–,–,–
ICICI Pru Nifty SDL Sep26 Dir Gr,–,–,–,–,–,–
ICICI Pru Nifty SDL Sep26 Reg Gr,–,–,–,–,–,–
ICICI Pru Nifty SDL 0927 Dir Ann IDCWP,–,–,–,–,1.34,1.18
ICICI Pru Nifty SDL 0927 Dir Ann IDCWR,–,–,–,–,1.34,1.18
ICICI Pru Nifty SDL 0927 Dir Gr,–,–,–,–,1.34,1.18
ICICI Pru Nifty SDL 0927 Reg Ann IDCWP,–,–,–,–,1.34,1.07
ICICI Pru Nifty SDL 0927 Reg Ann IDCWR,–,–,–,–,1.34,1.07
ICICI Pru Nifty SDL 0927 Reg Gr,–,–,–,–,1.34,1.07
ICICI Pru Nifty200 Val 30 Idx Dir Gr,–,–,–,–,–,–
ICICI Pru Nifty200 Val 30 Idx Dir IDCW-P,–,–,–,–,–,–
ICICI Pru Nifty200 Val 30 Idx Dir IDCW-R,–,–,–,–,–,–
ICICI Pru Nifty200 Val 30 Idx Reg Gr,–,–,–,–,–,–
ICICI Pru Nifty200 Val 30 Idx Reg IDCW-P,–,–,–,–,–,–
ICICI Pru Nifty200 Val 30 Idx Reg IDCW-R,–,–,–,–,–,–
ICICI Pru Nifty 50 Eql Weight Dir Gr,–,–,–,–,–,–
ICICI Pru Nifty 50 Eql Weight Dir IDCW-P,–,–,–,–,–,–
ICICI Pru Nifty 50 Eql Weight Dir IDCW-R,–,–,–,–,–,–
ICICI Pru Nifty 50 Eql Weight Reg Gr,–,–,–,–,–,–
ICICI Pru Nifty 50 Eql Weight Reg IDCW-P,–,–,–,–,–,–
ICICI Pru Nifty 50 Eql Weight Reg IDCW-R,–,–,–,–,–,–
ICICI Pru Nifty50 Val 20 Idx Dir Gr,–,–,–,–,–,–
ICICI Pru Nifty50 Val 20 Idx Dir IDCW-P,–,–,–,–,–,–
ICICI Pru Nifty50 Val 20 Idx Dir IDCW-R,–,–,–,–,–,–
ICICI Pru Nifty50 Val 20 Idx Reg Gr,–,–,–,–,–,–
ICICI Pru Nifty50 Val 20 Idx Reg IDCW-P,–,–,–,–,–,–
ICICI Pru Nifty50 Val 20 Idx Reg IDCW-R,–,–,–,–,–,–
ICICI Pru Overnight Dir Wk IDCW-R,–,–,–,–,–,–
ICICI Pru Pasv Multi-Asst FoF Dir Gr,–,–,–,–,6.62,1.15
ICICI Pru Pasv Multi-Asst FoF Dir IDCW-P,–,–,–,–,6.62,1.15
ICICI Pru Pasv Multi-Asst FoF Dir IDCW-R,–,–,–,–,6.62,1.15
ICICI Pru Pasv Multi-Asst FoF Dir IDCW-T,–,–,–,–,6.62,1.15
ICICI Pru Pasv Multi-Asst FoF Reg Gr,–,–,–,–,6.61,1.08
ICICI Pru Pasv Multi-Asst FoF Reg IDCW-P,–,–,–,–,6.62,1.08
ICICI Pru Pasv Multi-Asst FoF Reg IDCW-R,–,–,–,–,6.62,1.08
ICICI Pru Pasv Multi-Asst FoF Reg IDCW-T,–,–,–,–,6.62,1.08
ICICI Prudential PSU Equity Dir Gr,–,–,–,–,–,–
ICICI Prudential PSU Equity Dir IDCW-P,–,–,–,–,–,–
ICICI Prudential PSU Equity Dir IDCW-R,–,–,–,–,–,–
ICICI Prudential PSU Equity Reg Gr,–,–,–,–,–,–
ICICI Prudential PSU Equity Reg IDCW-P,–,–,–,–,–,–
ICICI Prudential PSU Equity Reg IDCW-R,–,–,–,–,–,–
ICICI Prudential Quality Dir Gr,–,–,–,–,–,–
ICICI Prudential Quality Dir IDCW-P,–,–,–,–,–,–
ICICI Prudential Quality Dir IDCW-R,–,–,–,–,–,–
ICICI Prudential Quality Reg Gr,–,–,–,–,–,–
ICICI Prudential Quality Reg IDCW-P,–,–,–,–,–,–
ICICI Prudential Quality Reg IDCW-R,–,–,–,–,–,–
ICICI Pru Reg Gold Savings(FOF) Dir Gr,–,–,–,–,11.95,1.18
ICICI Pru Reg Gold Savings(FOF)DirIDCW-P,–,–,–,–,11.95,1.18
ICICI Pru Reg Gold Savings(FOF)DirIDCW-R,–,–,–,–,11.95,1.18
ICICI Pru Reg Gold Savings(FOF) Gr,–,–,–,–,11.98,1.16
ICICI Pru Reg Gold Savings(FOF) IDCW-P,–,–,–,–,11.98,1.16
ICICI Pru Reg Gold Savings(FOF) IDCW-R,–,–,–,–,11.98,1.16
ICICI Pru Ret Hybrid Cnsrv Plan Dir Gr,–,–,–,–,4.48,1.08
ICICI Pru Ret Hybrid Cnsv Plan DirIDCW-P,–,–,–,–,4.48,1.08
ICICI Pru Ret Hybrid Cnsrv Plan Reg Gr,–,–,–,–,4.47,0.83
ICICI Pru Ret Hybrid Cnsv Plan RgIDCW-P,–,–,–,–,4.47,0.83
ICICI Pru Ret Pure Debt Plan Dir Gr,–,–,–,–,0.97,1.21
ICICI Pru Ret Pure Debt Plan Dir IDCW-P,–,–,–,–,0.96,1.21
ICICI Pru Ret Pure Debt Plan Reg Gr,–,–,–,–,0.96,0.21
ICICI Pru Ret Pure Debt Plan Reg IDCW-P,–,–,–,–,0.96,0.21
ICICI Prudential Rural Opps Dir Gr,–,–,–,–,–,–
ICICI Prudential Rural Opps Dir IDCW-P,–,–,–,–,–,–
ICICI Prudential Rural Opps Dir IDCW-R,–,–,–,–,–,–
ICICI Prudential Rural Opps Reg IDCW-P,–,–,–,–,–,–
ICICI Prudential Rural Opps Reg Gr,–,–,–,–,–,–
ICICI Prudential Rural Opps Reg IDCW-R,–,–,–,–,–,–
ICICI Pru Smallcap Instl Gr,–,–,–,–,–,–
ICICI Pru Strat Mt & En EqFoF Dir Gr,–,–,–,–,21.79,0.19
ICICI Pru Strat Mt & En EqFoF Dir IDCW-P,–,–,–,–,21.79,0.19
ICICI Pru Strat Mt & En EqFoF Dir IDCW-R,–,–,–,–,21.79,0.19
ICICI Pru Strat Mt & En EqFoF Dir IDCW-T,–,–,–,–,21.79,0.19
ICICI Pru Strat Mtls & Engy Eq FoF RegGr,–,–,–,–,21.78,0.14
ICICI Pru Strat Mt & En EqFoF Reg IDCW-P,–,–,–,–,21.78,0.14
ICICI Pru Strat Mt & En EqFoF Reg IDCW-R,–,–,–,–,21.78,0.14
ICICI Pru Strat Mt & En EqFoF Reg IDCW-T,–,–,–,–,21.78,0.14
ICICI Pru Trsptn & Logistics Dir Gr,–,–,–,–,–,–
ICICI Pru Trsptn & Logistics Dir IDCW-P,–,–,–,–,–,–
ICICI Pru Trsptn & Logistics Dir IDCW-R,–,–,–,–,–,–
ICICI Pru Trsptn & Logistics Dir IDCW-T,–,–,–,–,–,–
ICICI Pru Trsptn & Logistics Reg Gr,–,–,–,–,–,–
ICICI Pru Trsptn & Logistics Reg IDCW-P,–,–,–,–,–,–
ICICI Pru Trsptn & Logistics Reg IDCW-R,–,–,–,–,–,–
ICICI Pru Trsptn & Logistics Reg IDCW-T,–,–,–,–,–,–
Invesco India Arbitrage Ann Bns,–,–,–,–,0.45,-1.35
Invesco India Arbitrage Bns,–,–,–,–,0.77,-0.31
Invesco India Arbitrage Dir Ann Bns,–,–,–,–,0.48,2.33
Invesco India Arbitrage Dir Bns,–,–,–,–,0.43,0.17
Invesco India Arbitrage Dir Gr,–,–,–,–,0.48,2.35
Invesco India Arbitrage Dir IDCW-P,–,–,–,–,0.48,2.34
Invesco India Arbitrage Dir IDCW-R,–,–,–,–,0.48,2.34
Invesco India Arbitrage Gr,–,–,–,–,0.48,0.67
Invesco India Arbitrage IDCW-P,–,–,–,–,0.48,0.67
Invesco India Arbitrage IDCW-R,–,–,–,–,0.48,0.67
Invesco India Balanced Advtg Dir Gr,Above Average,–,–,–,8.4,1.03
Invesco India Balanced Advtg Dir IDCW-P,Above Average,–,–,–,8.34,1.02
Invesco India Balanced Advtg Dir IDCW-R,Above Average,–,–,–,8.34,1.02
Invesco India Balanced Advtg Gr,Above Average,–,–,–,8.39,0.87
Invesco India Balanced Advtg IDCW-P,Above Average,–,–,–,8.33,0.86
Invesco India Balanced Advtg IDCW-R,Above Average,–,–,–,8.33,0.86
Invesco India Business Cycle Dir Gr,–,–,–,–,–,–
Invesco India Business Cycle Dir IDCW-P,–,–,–,–,–,–
Invesco India Business Cycle Dir IDCW-R,–,–,–,–,–,–
Invesco India Business Cycle Reg Gr,–,–,–,–,–,–
Invesco India Business Cycle Reg IDCW-P,–,–,–,–,–,–
Invesco India Business Cycle Reg IDCW-R,–,–,–,–,–,–
Invesco India Corp Bond B Gr,–,–,–,–,–,–
Invesco India Corp Bond B Mn IDCW-R,–,–,–,–,–,–
Invesco India Corp Bond Reg Dis IDCW-R,–,–,–,–,–,–
Invesco India Equity Savings Dir Gr,Average,–,–,–,5.97,1.07
Invesco India Equity Savings Dir IDCW-P,Average,–,–,–,5.97,1.06
Invesco India Equity Savings Dir IDCW-R,Average,–,–,–,5.97,1.06
Invesco India Equity Savings Reg Gr,Average,–,–,–,5.97,0.8
Invesco India Equity Savings Reg IDCW-P,Average,–,–,–,5.97,0.8
Invesco India Equity Savings Reg IDCW-R,Average,–,–,–,5.97,0.8
Invesco India Gold ETF FOF Dir Gr,–,–,–,–,11.72,1.19
Invesco India Gold ETF FOF DirIDCW-P,–,–,–,–,11.72,1.19
Invesco India Gold ETF FOF DirIDCW-R,–,–,–,–,11.72,1.19
Invesco India Gold ETF FOF Gr,–,–,–,–,11.72,1.17
Invesco India Gold ETF FOF IDCW-P,–,–,–,–,11.71,1.17
Invesco India Gold ETF FOF IDCW-R,–,–,–,–,11.71,1.17
Invesco Ind InvcEQQQNASDAQ100 ETFFoFDrGr,–,–,–,–,19.36,0.82
Invesco Ind InvcEQQQNASDAQ100 ETFFoFRgGr,–,–,–,–,19.35,0.81
Invesco India Invc Glb Cmr FOF DirGr,–,–,–,–,23.48,0.38
Invesco India Invc Glb Cmr FOF DirIDCW-P,–,–,–,–,23.48,0.38
Invesco India Invc Glb Cmr FOF DirIDCW-R,–,–,–,–,23.48,0.38
Invesco India Invc Glb Cmr FOF RegGr,–,–,–,–,23.46,0.34
Invesco India Invc Glb Cmr FOF RegIDCW-P,–,–,–,–,23.46,0.34
Invesco India Invc Glb Cmr FOF RegIDCW-R,–,–,–,–,23.46,0.34
Invesco India Glb Eq Inc FoF Dr Gr,–,–,–,–,15.9,0.76
Invesco India Glb Eq Inc FoF IDCW-P,–,–,–,–,15.9,0.76
Invesco India Glb Eq Inc FoF IDCW-R,–,–,–,–,15.9,0.76
Invesco India Glb Eq Inc FoF Rg Gr,–,–,–,–,15.9,0.73
Invesco India Glb Eq Inc FoF Rg IDCW-P,–,–,–,–,15.9,0.73
Invesco India Glb Eq Inc FoF Rg IDCW-R,–,–,–,–,15.9,0.73
Invesco India Pan Euro Eq FoF Dir Gr,–,–,–,–,18.04,0.41
Invesco India Pan Euro Eq FoF Dir IDCW-P,–,–,–,–,18.04,0.41
Invesco India Pan Euro Eq FoF Dir IDCW-R,–,–,–,–,18.04,0.41
Invesco India Pan Euro Eq FoF Reg Gr,–,–,–,–,18.03,0.39
Invesco India Pan Euro Eq FoF Reg IDCW-P,–,–,–,–,18.03,0.39
Invesco India Pan Euro Eq FoF Reg IDCW-R,–,–,–,–,18.03,0.39
Invesco India Manufacturing Dir Gr,–,–,–,–,–,–
Invesco India Manufacturing Dir IDCW-P,–,–,–,–,–,–
Invesco India Manufacturing Dir IDCW-R,–,–,–,–,–,–
Invesco India Manufacturing Reg Gr,–,–,–,–,–,–
Invesco India Manufacturing Reg IDCW-P,–,–,–,–,–,–
Invesco India Manufacturing Reg IDCW-R,–,–,–,–,–,–
Invesco India Money Market Dir Wk IDCW-P,–,–,–,–,–,–
Invesco India Money Market Dir Wk IDCW-R,–,–,–,–,–,–
Invesco India Money Market Reg Wk IDCW-P,–,–,–,–,–,–
Invesco India Money Market Reg Wk IDCW-R,–,–,–,–,–,–
Invesco India Multi Asst Allc Dir Gr,–,–,–,–,–,–
Invesco India Multi Asst Allc Dir IDCW-P,–,–,–,–,–,–
Invesco India Multi Asst Allc Dir IDCW-R,–,–,–,–,–,–
Invesco India Multi Asst Allc Reg Gr,–,–,–,–,–,–
Invesco India Multi Asst Allc Reg IDCW-P,–,–,–,–,–,–
Invesco India Multi Asst Allc Reg IDCW-R,–,–,–,–,–,–
Invesco India Nifty Gsec 0727 Dir Gr,–,–,–,–,–,–
Invesco India Nifty Gsec 0727 Dir IDCW-P,–,–,–,–,–,–
Invesco India Nifty Gsec 0727 Reg Gr,–,–,–,–,–,–
Invesco India Nifty Gsec 0727 Reg IDCW-P,–,–,–,–,–,–
Invesco India Nifty Gsec 0932 Dir Gr,–,–,–,–,–,–
Invesco India Nifty Gsec 0932 Dir IDCW-P,–,–,–,–,–,–
Invesco India Nifty Gsec 0932 Reg Gr,–,–,–,–,–,–
Invesco India Nifty Gsec 0932 Reg IDCW-P,–,–,–,–,–,–
Invesco India Overnight Dir Wkly IDCW-R,–,–,–,–,–,–
Invesco India Technology Dir Gr,–,–,–,–,–,–
Invesco India Technology Dir IDCW-P,–,–,–,–,–,–
Invesco India Technology Dir IDCW-R,–,–,–,–,–,–
Invesco India Technology Reg Gr,–,–,–,–,–,–
Invesco India Technology Reg IDCW-P,–,–,–,–,–,–
Invesco India Technology Reg IDCW-R,–,–,–,–,–,–
ITI Arbitrage Dir Gr,–,–,–,–,0.66,0.15
ITI Arbitrage Dir IDCW-P,–,–,–,–,0.66,0.15
ITI Arbitrage Dir IDCW-R,–,–,–,–,0.66,0.15
ITI Arbitrage Reg Gr,–,–,–,–,0.66,-1.19
ITI Arbitrage Reg IDCW-P,–,–,–,–,0.66,-1.19
ITI Arbitrage Reg IDCW-R,–,–,–,–,0.66,-1.19
ITI Balanced Advantage Dir Gr,Below Average,–,–,–,7.33,0.93
ITI Balanced Advantage Dir IDCW-P,Below Average,–,–,–,7.33,0.9
ITI Balanced Advantage Dir IDCW-R,Below Average,–,–,–,7.33,0.9
ITI Balanced Advantage Reg Gr,Below Average,–,–,–,7.31,0.68
ITI Balanced Advantage Reg IDCW-P,Below Average,–,–,–,7.28,0.61
ITI Balanced Advantage Reg IDCW-R,Below Average,–,–,–,7.28,0.61
ITI Bharat Consumption Dir Gr,–,–,–,–,–,–
ITI Bharat Consumption Dir IDCW-P,–,–,–,–,–,–
ITI Bharat Consumption Dir IDCW-R,–,–,–,–,–,–
ITI Bharat Consumption Reg Gr,–,–,–,–,–,–
ITI Bharat Consumption Reg IDCW-P,–,–,–,–,–,–
ITI Bharat Consumption Reg IDCW-R,–,–,–,–,–,–
ITI Dynamic Bond Dir HY IDCW-P,–,–,–,–,6.95,-0.62
ITI Dynamic Bond Dir HY IDCW-R,–,–,–,–,–,–
ITI Flexi Cap Dir Gr,–,–,–,–,–,–
ITI Flexi Cap Dir IDCW-P,–,–,–,–,–,–
ITI Flexi Cap Dir IDCW-R,–,–,–,–,–,–
ITI Flexi Cap Reg Gr,–,–,–,–,–,–
ITI Flexi Cap Reg IDCW-P,–,–,–,–,–,–
ITI Flexi Cap Reg IDCW-R,–,–,–,–,–,–
ITI Focused Equity Dir Gr,–,–,–,–,–,–
ITI Focused Equity Dir IDCW-P,–,–,–,–,–,–
ITI Focused Equity Dir IDCW-R,–,–,–,–,–,–
ITI Focused Equity Reg Gr,–,–,–,–,–,–
ITI Focused Equity Reg IDCW-P,–,–,–,–,–,–
ITI Focused Equity Reg IDCW-R,–,–,–,–,–,–
ITI Large & Mid Cap Dir Gr,–,–,–,–,–,–
ITI Large & Mid Cap Dir IDCW-P,–,–,–,–,–,–
ITI Large & Mid Cap Dir IDCW-R,–,–,–,–,–,–
ITI Large & Mid Cap Reg Gr,–,–,–,–,–,–
ITI Large & Mid Cap Reg IDCW-P,–,–,–,–,–,–
ITI Large & Mid Cap Reg IDCW-R,–,–,–,–,–,–
ITI Liquid Dir Fortn IDCW-P,–,–,–,–,–,–
ITI Liquid Dir Fortn IDCW-R,–,–,–,–,–,–
ITI Liquid Reg Wkly IDCW-R,–,–,–,–,–,–
ITI Overnight Dir Ann IDCW-P,–,–,–,–,0.42,–
ITI Overnight Dir Fortn IDCW-P,–,–,–,–,–,–
ITI Overnight Dir Fortn IDCW-R,–,–,–,–,0.68,–
ITI Overnight Dir Wkly IDCW-R,–,–,–,–,–,–
ITI Ultra Short Dur Dir Dl IDCW-R,–,–,–,–,–,–
ITI Ultra Short Dur Dir Fortn IDCW-P,–,–,–,–,–,–
ITI Ultra Short Dur Dir Fortn IDCW-R,–,–,–,–,–,–
ITI Ultra Short Dur Dir Mn IDCW-P,–,–,–,–,1.04,-2.61
ITI Ultra Short Dur Dir Mn IDCW-R,–,–,–,–,0.86,–
ITI Ultra Short Dur Dir Wkly IDCW-R,–,–,–,–,–,–
JM Arbitrage Ann Bns,–,–,–,–,0.58,-0.87
JM Arbitrage Ann IDCW-P,–,–,–,–,0.51,-0.9
JM Arbitrage Ann IDCW-R,–,–,–,–,0.51,-0.9
JM Arbitrage Bns,–,–,–,–,0.52,-0.89
JM Arbitrage Bns Bns,–,–,–,–,0.52,-0.89
JM Arbitrage Dir Ann Bns,–,–,–,–,0.52,0.72
JM Arbitrage Dir Ann IDCW-P,–,–,–,–,0.52,0.72
JM Arbitrage Dir Ann IDCW-R,–,–,–,–,0.52,0.72
JM Arbitrage Dir Bns,–,–,–,–,0.52,0.72
JM Arbitrage Dir Gr,–,–,–,–,0.52,0.72
JM Arbitrage Dir HY Bns,–,–,–,–,0.58,0.68
JM Arbitrage Dir HY IDCW-P,–,–,–,–,0.52,0.69
JM Arbitrage Dir HY IDCW-R,–,–,–,–,0.52,0.69
JM Arbitrage Dir Mn IDCW-P,–,–,–,–,0.52,0.72
JM Arbitrage Dir Mn IDCW-R,–,–,–,–,0.52,0.72
JM Arbitrage Dir IDCW-P,–,–,–,–,0.52,0.72
JM Arbitrage Dir Qt Bns,–,–,–,–,0.58,0.68
JM Arbitrage Dir Qt IDCW-P,–,–,–,–,0.52,0.74
JM Arbitrage Dir Qt IDCW-R,–,–,–,–,0.52,0.74
JM Arbitrage Dir IDCW-R,–,–,–,–,0.52,0.72
JM Arbitrage Gr,–,–,–,–,0.52,-0.9
JM Arbitrage HY Bns,–,–,–,–,0.58,-0.87
JM Arbitrage HY IDCW-P,–,–,–,–,0.52,-0.9
JM Arbitrage HY IDCW-R,–,–,–,–,0.52,-0.9
JM Arbitrage Mn IDCW-P,–,–,–,–,0.52,-0.9
JM Arbitrage Mn IDCW-R,–,–,–,–,0.52,-0.9
JM Arbitrage IDCW-P,–,–,–,–,0.52,-0.9
JM Arbitrage Qt Bns,–,–,–,–,0.58,-0.87
JM Arbitrage Qt IDCW-P,–,–,–,–,0.52,-0.9
JM Arbitrage Qt IDCW-R,–,–,–,–,0.52,-0.9
JM Arbitrage IDCW-R,–,–,–,–,0.52,-0.9
JM Dynamic Bond Premium Dl IDCW-R,–,–,–,–,–,–
JM Dynamic Bond Premium Gr,–,–,–,–,–,–
JM Dynamic Bond Premium IDCW-P,–,–,–,–,–,–
JM Dynamic Bond Premium IDCW-R,–,–,–,–,–,–
JM Midcap Dir Gr,–,–,–,–,–,–
JM Midcap Dir IDCW-P,–,–,–,–,–,–
JM Midcap Dir IDCW-R,–,–,–,–,–,–
JM Midcap Reg Gr,–,–,–,–,–,–
JM Midcap Reg IDCW-P,–,–,–,–,–,–
JM Midcap Reg IDCW-R,–,–,–,–,–,–
JM Short Duration Dir Gr,–,–,–,–,–,–
JM Short Duration Dir IDCW-P,–,–,–,–,–,–
JM Short Duration Dir IDCW-R,–,–,–,–,–,–
JM Short Duration Reg Gr,–,–,–,–,–,–
JM Short Duration Reg IDCW-P,–,–,–,–,–,–
JM Short Duration Reg IDCW-R,–,–,–,–,–,–
JM Small Cap Dir Gr,–,–,–,–,–,–
JM Small Cap Dir IDCW-P,–,–,–,–,–,–
JM Small Cap Dir IDCW-R,–,–,–,–,–,–
JM Small Cap Reg Gr,–,–,–,–,–,–
JM Small Cap Reg IDCW-P,–,–,–,–,–,–
JM Small Cap Reg IDCW-R,–,–,–,–,–,–
Kotak Balanced Advantage Fund Dir Gr,Average,–,–,–,7.54,0.95
Kotak Balanced Advantage Fund Dir IDCW-P,Average,–,–,–,7.54,0.95
Kotak Balanced Advantage Fund Dir IDCW-R,Average,–,–,–,7.54,0.95
Kotak Balanced Advantage Fund Reg Gr,Average,–,–,–,7.54,0.8
Kotak Balanced Advantage Fund Reg IDCW-P,Average,–,–,–,7.54,0.8
Kotak Balanced Advantage Fund Reg IDCW-R,Average,–,–,–,7.54,0.8
Kotak Banking & Financial Svcs Dir Gr,–,–,–,–,–,–
Kotak Banking & Financial Svcs DirIDCW-P,–,–,–,–,–,–
Kotak Banking & Financial Svcs DirIDCW-R,–,–,–,–,–,–
Kotak Banking & Financial Svcs Reg Gr,–,–,–,–,–,–
Kotak Banking & Financial Svcs RegIDCW-P,–,–,–,–,–,–
Kotak Banking & Financial Svcs RegIDCW-R,–,–,–,–,–,–
Kotak BSE Housing Index Dir Gr,–,–,–,–,–,–
Kotak BSE Housing Index Dir IDCW-P,–,–,–,–,–,–
Kotak BSE Housing Index Dir IDCW-R,–,–,–,–,–,–
Kotak BSE Housing Index Reg Gr,–,–,–,–,–,–
Kotak BSE Housing Index Reg IDCW-P,–,–,–,–,–,–
Kotak BSE Housing Index Reg IDCW-R,–,–,–,–,–,–
Kotak BSE PSU Index Dir Gr,–,–,–,–,–,–
Kotak BSE PSU Index Dir IDCW-P,–,–,–,–,–,–
Kotak BSE PSU Index Dir IDCW-R,–,–,–,–,–,–
Kotak BSE PSU Index Reg Gr,–,–,–,–,–,–
Kotak BSE PSU Index Reg IDCW-P,–,–,–,–,–,–
Kotak BSE PSU Index Reg IDCW-R,–,–,–,–,–,–
Kotak BSE Sensex Index Dir Gr,–,–,–,–,–,–
Kotak BSE Sensex Index Dir IDCW-P,–,–,–,–,–,–
Kotak BSE Sensex Index Dir IDCW-R,–,–,–,–,–,–
Kotak BSE Sensex Index Reg Gr,–,–,–,–,–,–
Kotak BSE Sensex Index Reg IDCW-P,–,–,–,–,–,–
Kotak BSE Sensex Index Reg IDCW-R,–,–,–,–,–,–
Kotak Business Cycle Dir Gr,–,–,–,–,–,–
Kotak Business Cycle Dir IDCW-P,–,–,–,–,–,–
Kotak Business Cycle Dir IDCW-R,–,–,–,–,–,–
Kotak Business Cycle Reg Gr,–,–,–,–,–,–
Kotak Business Cycle Reg IDCW-P,–,–,–,–,–,–
Kotak Business Cycle Reg IDCW-R,–,–,–,–,–,–
Kotak Consumption Dir Gr,–,–,–,–,–,–
Kotak Consumption Dir IDCW-P,–,–,–,–,–,–
Kotak Consumption Dir IDCW-R,–,–,–,–,–,–
Kotak Consumption Reg Gr,–,–,–,–,–,–
Kotak Consumption Reg IDCW-P,–,–,–,–,–,–
Kotak Consumption Reg IDCW-R,–,–,–,–,–,–
Kotak Crisil-IBX AAA Bd FSIDec26DrGr,–,–,–,–,–,–
Kotak Crisil-IBX AAA Bd FSIDec26DrIDCW-P,–,–,–,–,–,–
Kotak Crisil-IBX AAA Bd FSIDec26DrIDCW-R,–,–,–,–,–,–
Kotak Crisil-IBX AAA Bd FSIDec26RgGr,–,–,–,–,–,–
Kotak Crisil-IBX AAA Bd FSIDec26RgIDCW-P,–,–,–,–,–,–
Kotak Crisil-IBX AAA Bd FSIDec26RgIDCW-R,–,–,–,–,–,–
Kotak Crisil-IBX AAA FSI Sep27 Dr Gr,–,–,–,–,–,–
Kotak Crisil-IBX AAA FSI Sep27 Dr IDCW-P,–,–,–,–,–,–
Kotak Crisil-IBX AAA FSI Sep27 Dr IDCW-R,–,–,–,–,–,–
Kotak Crisil-IBX AAA FSI Sep27 Rg Gr,–,–,–,–,–,–
Kotak Crisil-IBX AAA FSI Sep27 Rg IDCW-P,–,–,–,–,–,–
Kotak Crisil-IBX AAA FSI Sep27 Rg IDCW-R,–,–,–,–,–,–
Kotak CRISIL-IBXFS3-6MnthsDbtIdxDrGr,–,–,–,–,–,–
Kotak CRISIL-IBXFS3-6MnthsDbtIdxDrIDCW-P,–,–,–,–,–,–
Kotak CRISIL-IBXFS3-6MnthsDbtIdxDrIDCW-R,–,–,–,–,–,–
Kotak CRISIL-IBXFS3-6MnthsDbtIdxRgGr,–,–,–,–,–,–
Kotak CRISIL-IBXFS3-6MnthsDbtIdxRgIDCW-P,–,–,–,–,–,–
Kotak CRISIL-IBXFS3-6MnthsDbtIdxRgIDCW-R,–,–,–,–,–,–
Kotak Energy Opportunities Dir Gr,–,–,–,–,–,–
Kotak Energy Opportunities Dir IDCW-P,–,–,–,–,–,–
Kotak Energy Opportunities Dir IDCW-R,–,–,–,–,–,–
Kotak Energy Opportunities Reg Gr,–,–,–,–,–,–
Kotak Energy Opportunities Reg IDCW-P,–,–,–,–,–,–
Kotak Energy Opportunities Reg IDCW-R,–,–,–,–,–,–
Kotak Equity Arbitrage Reg Bi Mn IDCW-P,–,–,–,–,0.76,-0.28
Kotak Equity Arbitrage Reg Bi Mn IDCW-R,–,–,–,–,0.76,-0.28
Kotak Equity Arbitrage Dir Bi Mn IDCW-P,–,–,–,–,0.75,0.42
Kotak Equity Arbitrage Dir Bi Mn IDCW-R,–,–,–,–,0.75,0.42
Kotak Equity Arbitrage Dir Ft IDCW-P,–,–,–,–,0.76,0.24
Kotak Equity Arbitrage Dir Ft IDCW-R,–,–,–,–,0.76,0.24
Kotak Equity Arbitrage Dir Gr,–,–,–,–,0.57,1.78
Kotak Equity Arbitrage Dir Mn IDCW-P,–,–,–,–,0.57,1.77
Kotak Equity Arbitrage Dir Mn IDCW-R,–,–,–,–,0.57,1.77
Kotak Equity Arbitrage Reg Ft IDCW-P,–,–,–,–,0.76,-0.43
Kotak Equity Arbitrage Reg Ft IDCW-R,–,–,–,–,0.76,-0.43
Kotak Equity Arbitrage Reg Gr,–,–,–,–,0.56,0.54
Kotak Equity Arbitrage Reg Mn IDCW-P,–,–,–,–,0.57,0.53
Kotak Equity Arbitrage Reg Mn IDCW-R,–,–,–,–,0.57,0.53
Kotak Equity Savings Dir Gr,Average,–,–,–,5.17,1.12
Kotak Equity Savings Dir Mn IDCW-P,Average,–,–,–,5.19,1.1
Kotak Equity Savings Dir Mn IDCW-R,Average,–,–,–,5.19,1.1
Kotak Equity Savings Dir Qt IDCW-P,–,–,–,–,8.54,0.35
Kotak Equity Savings Dir Qt IDCW-R,–,–,–,–,8.54,0.35
Kotak Equity Savings Reg Gr,Average,–,–,–,5.17,0.91
Kotak Equity Savings Reg Mn IDCW-P,Average,–,–,–,5.18,0.89
Kotak Equity Savings Reg Mn IDCW-R,Average,–,–,–,5.18,0.89
Kotak Equity Savings Reg Qt IDCW-P,–,–,–,–,8.45,0.31
Kotak Equity Savings Reg Qt IDCW-R,–,–,–,–,8.45,0.31
Kotak Floating Rate Reg Wk IDCW-R,–,–,–,–,–,–
Kotak Global Innovation FOF Dir Gr,–,–,–,–,19.01,0.52
Kotak Global Innovation FOF Dir IDCW-P,–,–,–,–,19.02,0.52
Kotak Global Innovation FOF Dir IDCW-R,–,–,–,–,19.02,0.52
Kotak Global Innovation FOF Reg Gr,–,–,–,–,19,0.46
Kotak Global Innovation FOF Reg IDCW-P,–,–,–,–,19,0.46
Kotak Global Innovation FOF Reg IDCW-R,–,–,–,–,19,0.46
Kotak Gold Dir IDCW-P,–,–,–,–,11.82,1.17
Kotak Gold Dir IDCW-R,–,–,–,–,11.82,1.17
Kotak Gold Reg Gr,–,–,–,–,11.82,1.14
Kotak Gold Dir Gr,–,–,–,–,11.82,1.17
Kotak Gold Reg IDCW-P,–,–,–,–,11.82,1.14
Kotak Gold Reg IDCW-R,–,–,–,–,11.82,1.14
Kotak Healthcare Dir Gr,–,–,–,–,–,–
Kotak Healthcare Dir IDCW-P,–,–,–,–,–,–
Kotak Healthcare Dir IDCW-R,–,–,–,–,–,–
Kotak Healthcare Reg Gr,–,–,–,–,–,–
Kotak Healthcare Reg IDCW-P,–,–,–,–,–,–
Kotak Healthcare Reg IDCW-R,–,–,–,–,–,–
Kotak Income Plus Arbtrg FoF Dir Gr,–,–,–,–,–,–
Kotak Income Plus Arbtrg FoF Dir IDCW-P,–,–,–,–,–,–
Kotak Income Plus Arbtrg FoF Dir IDCW-R,–,–,–,–,–,–
Kotak Income Plus Arbtrg FoF Reg Gr,–,–,–,–,–,–
Kotak Income Plus Arbtrg FoF Reg IDCW-P,–,–,–,–,–,–
Kotak Income Plus Arbtrg FoF Reg IDCW-R,–,–,–,–,–,–
Kotak Long Duration Dir Gr,–,–,–,–,–,–
Kotak Long Duration Dir IDCW-P,–,–,–,–,–,–
Kotak Long Duration Dir IDCW-R,–,–,–,–,–,–
Kotak Long Duration Reg Gr,–,–,–,–,–,–
Kotak Long Duration Reg IDCW-P,–,–,–,–,–,–
Kotak Long Duration Reg IDCW-R,–,–,–,–,–,–
Kotak Low Duration Dir Bns,–,–,–,–,–,–
Kotak Low Duration Reg IDCW-P,–,–,–,–,–,–
Kotak Manufacture in India Dir Gr,–,–,–,–,15.87,0.97
Kotak Manufacture in India Dir IDCW-P,–,–,–,–,15.87,0.97
Kotak Manufacture in India Dir IDCW-R,–,–,–,–,15.87,0.97
Kotak Manufacture in India Reg Gr,–,–,–,–,15.85,0.87
Kotak Manufacture in India Reg IDCW-P,–,–,–,–,15.85,0.87
Kotak Manufacture in India Reg IDCW-R,–,–,–,–,15.85,0.87
Kotak MNC Dir Gr,–,–,–,–,–,–
Kotak MNC Dir IDCW-P,–,–,–,–,–,–
Kotak MNC Dir IDCW-R,–,–,–,–,–,–
Kotak MNC Reg Gr,–,–,–,–,–,–
Kotak MNC Reg IDCW-P,–,–,–,–,–,–
Kotak MNC Reg IDCW-R,–,–,–,–,–,–
Kotak Multi Asset Allocation Dir Gr,–,–,–,–,–,–
Kotak Multi Asset Allocation Dir IDCW-P,–,–,–,–,–,–
Kotak Multi Asset Allocation Dir IDCW-R,–,–,–,–,–,–
Kotak Multi Asset Allocation Reg Gr,–,–,–,–,–,–
Kotak Multi Asset Allocation Reg IDCW-P,–,–,–,–,–,–
Kotak Multi Asset Allocation Reg IDCW-R,–,–,–,–,–,–
Kotak Multi Asset Allctr FoFDyn DirGr,–,–,–,–,9.16,1.44
Kotak Multi Asset Allctr FoFDynDirIDCW-P,–,–,–,–,9.16,1.44
Kotak Multi Asset Allctr FoFDynDirIDCW-R,–,–,–,–,9.16,1.44
Kotak Multi Asset Allctr FoFDynRegGr,–,–,–,–,9.16,1.36
Kotak Multi Asset Allctr FoFDynRegIDCW-P,–,–,–,–,9.16,1.36
Kotak Multi Asset Allctr FoFDynRegIDCW-R,–,–,–,–,9.16,1.36
Kotak NASDAQ 100 Fund of Fund Dir Gr,–,–,–,–,19.27,0.81
Kotak NASDAQ 100 Fund of Fund Reg Gr,–,–,–,–,19.28,0.79
Kotak Nifty 100 Equal Weight Idx Dir Gr,–,–,–,–,–,–
Kotak Nifty 100 Equal Wght Idx DirIDCW-P,–,–,–,–,–,–
Kotak Nifty 100 Equal Wght Idx DirIDCW-R,–,–,–,–,–,–
Kotak Nifty 100 Equal Weight Idx Reg Gr,–,–,–,–,–,–
Kotak Nifty 100 Equal Wght IdxRegIDCW-P,–,–,–,–,–,–
Kotak Nifty 100 Equal Wght IdxRegIDCW-R,–,–,–,–,–,–
Kotak NIFTY 100 Lw Vol 30 Idx Dir Gr,–,–,–,–,–,–
Kotak NIFTY 100 Lw Vol 30 Idx Dir IDCW-P,–,–,–,–,–,–
Kotak NIFTY 100 Lw Vol 30 Idx Dir IDCW-R,–,–,–,–,–,–
Kotak NIFTY 100 Lw Vol 30 Idx Reg Gr,–,–,–,–,–,–
Kotak NIFTY 100 Lw Vol 30 Idx Reg IDCW-P,–,–,–,–,–,–
Kotak NIFTY 100 Lw Vol 30 Idx Reg IDCW-R,–,–,–,–,–,–
Kotak Nifty 200 Momt 30 Idx Dir Gr,–,–,–,–,–,–
Kotak Nifty 200 Momt 30 Idx Dir IDCW-P,–,–,–,–,–,–
Kotak Nifty 200 Momt 30 Idx Dir IDCW-R,–,–,–,–,–,–
Kotak Nifty 200 Momt 30 Idx Reg Gr,–,–,–,–,–,–
Kotak Nifty 200 Momt 30 Idx Reg IDCW-P,–,–,–,–,–,–
Kotak Nifty 200 Momt 30 Idx Reg IDCW-R,–,–,–,–,–,–
Kotak Nifty 50 Equal Weight Idx Dir Gr,–,–,–,–,–,–
Kotak Nifty 50 Equal Weight IdxDirIDCW-P,–,–,–,–,–,–
Kotak Nifty 50 Equal Weight IdxDirIDCW-R,–,–,–,–,–,–
Kotak Nifty 50 Equal Weight Idx Reg Gr,–,–,–,–,–,–
Kotak Nifty 50 Equal Weight IdxRegIDCW-P,–,–,–,–,–,–
Kotak Nifty 50 Equal Weight IdxRegIDCW-R,–,–,–,–,–,–
Kotak Nfty AAA Bd Jun 25 HTM IdxDrGr,–,–,–,–,–,–
Kotak Nfty AAA Bd Jun 25 HTM IdxDrIDCW-P,–,–,–,–,–,–
Kotak Nfty AAA Bd Jun 25 HTM IdxDrIDCW-R,–,–,–,–,–,–
Kotak Nfty AAA Bd Jun 25 HTM IdxRgGr,–,–,–,–,–,–
Kotak Nfty AAA Bd Jun 25 HTM IdxRgIDCW-P,–,–,–,–,–,–
Kotak Nfty AAA Bd Jun 25 HTM IdxRgIDCW-R,–,–,–,–,–,–
Kotak Nifty Commodities Index Dir Gr,–,–,–,–,–,–
Kotak Nifty Commodities Index Dir IDCW-P,–,–,–,–,–,–
Kotak Nifty Commodities Index Dir IDCW-R,–,–,–,–,–,–
Kotak Nifty Commodities Index Reg Gr,–,–,–,–,–,–
Kotak Nifty Commodities Index Reg IDCW-P,–,–,–,–,–,–
Kotak Nifty Commodities Index Reg IDCW-R,–,–,–,–,–,–
Kotak Nifty Fincl Svcs Ex-Bk Idx Dir Gr,–,–,–,–,–,–
Kotak Nifty Fincl Svcs Ex-BkIdxDirIDCW-P,–,–,–,–,–,–
Kotak Nifty Fincl Svcs Ex-BkIdxDirIDCW-R,–,–,–,–,–,–
Kotak Nifty Fincl Svcs Ex-Bk Idx Reg Gr,–,–,–,–,–,–
Kotak Nifty Fincl Svcs Ex-BkIdxRegIDCW-P,–,–,–,–,–,–
Kotak Nifty Fincl Svcs Ex-BkIdxRegIDCW-R,–,–,–,–,–,–
Kotak Nifty G-Sec July 2033 Idx Dir Gr,–,–,–,–,–,–
Kotak Nifty G-Sec July 2033 IdxDirIDCW-P,–,–,–,–,–,–
Kotak Nifty G-Sec July 2033 IdxDirIDCW-R,–,–,–,–,–,–
Kotak Nifty G-Sec July 2033 Idx Reg Gr,–,–,–,–,–,–
Kotak Nifty G-Sec July 2033 IdxRegIDCW-P,–,–,–,–,–,–
Kotak Nifty G-Sec July 2033 IdxRegIDCW-R,–,–,–,–,–,–
Kotak Nifty India Tourism Idx Dir Gr,–,–,–,–,–,–
Kotak Nifty India Tourism Idx Dir IDCW-P,–,–,–,–,–,–
Kotak Nifty India Tourism Idx Dir IDCW-R,–,–,–,–,–,–
Kotak Nifty India Tourism Idx Reg Gr,–,–,–,–,–,–
Kotak Nifty India Tourism Idx Reg IDCW-P,–,–,–,–,–,–
Kotak Nifty India Tourism Idx Reg IDCW-R,–,–,–,–,–,–
Kotak Nifty Midcap 150 Index Dir Gr,–,–,–,–,–,–
Kotak Nifty Midcap 150 Index Dir IDCW-P,–,–,–,–,–,–
Kotak Nifty Midcap 150 Index Dir IDCW-R,–,–,–,–,–,–
Kotak Nifty Midcap 150 Index Reg Gr,–,–,–,–,–,–
Kotak Nifty Midcap 150 Index Reg IDCW-P,–,–,–,–,–,–
Kotak Nifty Midcap 150 Index Reg IDCW-R,–,–,–,–,–,–
Kotak Nifty Mdcp 150 Mmt 50 Idx Dir Gr,–,–,–,–,–,–
Kotak Nifty Mdcp 150 Mmt 50 IdxDirIDCW-P,–,–,–,–,–,–
Kotak Nifty Mdcp 150 Mmt 50 IdxDirIDCW-R,–,–,–,–,–,–
Kotak Nifty Mdcp 150 Mmt 50 Idx Reg Gr,–,–,–,–,–,–
Kotak Nifty Mdcp 150 Mmt 50 IdxRegIDCW-P,–,–,–,–,–,–
Kotak Nifty Mdcp 150 Mmt 50 IdxRegIDCW-R,–,–,–,–,–,–
Kotak Nifty Midcap 50 Index Dir Gr,–,–,–,–,–,–
Kotak Nifty Midcap 50 Index Dir IDCW-P,–,–,–,–,–,–
Kotak Nifty Midcap 50 Index Dir IDCW-R,–,–,–,–,–,–
Kotak Nifty Midcap 50 Index Reg Gr,–,–,–,–,–,–
Kotak Nifty Midcap 50 Index Reg IDCW-P,–,–,–,–,–,–
Kotak Nifty Midcap 50 Index Reg IDCW-R,–,–,–,–,–,–
Kotak Nifty SDL Apr27 Tp12 EW Dir Gr,–,–,–,–,1.26,1.12
Kotak Nifty SDL Apr27 Tp12 EW Dir IDCW-P,–,–,–,–,1.26,1.11
Kotak Nifty SDL Apr27 Tp12 EW Dir IDCW-R,–,–,–,–,1.26,1.11
Kotak Nifty SDL Apr27 Tp12 EW Reg Gr,–,–,–,–,1.26,0.99
Kotak Nifty SDL Apr27 Tp12 EW Reg IDCW-P,–,–,–,–,1.26,0.99
Kotak Nifty SDL Apr27 Tp12 EW Reg IDCW-R,–,–,–,–,1.26,0.99
Kotak Nifty SDL Apr32 Tp12 EW Dir Gr,–,–,–,–,2.21,1.31
Kotak Nifty SDL Apr32 Tp12 EW Dir IDCW-P,–,–,–,–,2.21,1.31
Kotak Nifty SDL Apr32 Tp12 EW Dir IDCW-R,–,–,–,–,2.21,1.31
Kotak Nifty SDL Apr32 Tp12 EW Reg Gr,–,–,–,–,2.22,1.24
Kotak Nifty SDL Apr32 Tp12 EW Reg IDCW-P,–,–,–,–,2.21,1.24
Kotak Nifty SDL Apr32 Tp12 EW Reg IDCW-R,–,–,–,–,2.21,1.24
Kotak Nifty SDL Jul 2026 Idx Dir Gr,–,–,–,–,–,–
Kotak Nifty SDL Jul 2026 Idx Dir IDCW-P,–,–,–,–,–,–
Kotak Nifty SDL Jul 2026 Idx Dir IDCW-R,–,–,–,–,–,–
Kotak Nifty SDL Jul 2026 Idx Reg Gr,–,–,–,–,–,–
Kotak Nifty SDL Jul 2026 Idx Reg IDCW-P,–,–,–,–,–,–
Kotak Nifty SDL Jul 2026 Idx Reg IDCW-R,–,–,–,–,–,–
Kotak Nifty SDL Jul 2033 Idx Dir Gr,–,–,–,–,–,–
Kotak Nifty SDL Jul 2033 Idx Dir IDCW-P,–,–,–,–,–,–
Kotak Nifty SDL Jul 2033 Idx Dir IDCW-R,–,–,–,–,–,–
Kotak Nifty SDL Jul 2033 Idx Reg Gr,–,–,–,–,–,–
Kotak Nifty SDL Jul 2033 Idx Reg IDCW-P,–,–,–,–,–,–
Kotak Nifty SDL Jul 2033 Idx Reg IDCW-R,–,–,–,–,–,–
Kotak Nifty SDLP AAA PSUB 0728 Dr Gr,–,–,–,–,–,–
Kotak Nifty SDLP AAA PSUB 0728 Dr IDCW-P,–,–,–,–,–,–
Kotak Nifty SDLP AAA PSUB 0728 Dr IDCW-R,–,–,–,–,–,–
Kotak Nifty SDLP AAA PSUB 0728 Rg Gr,–,–,–,–,–,–
Kotak Nifty SDLP AAA PSUB 0728 Rg IDCW-P,–,–,–,–,–,–
Kotak Nifty SDLP AAA PSUB 0728 Rg IDCW-R,–,–,–,–,–,–
Kotak Nifty Smallcap 250 Idx Dir Gr,–,–,–,–,–,–
Kotak Nifty Smallcap 250 Idx Dir IDCW-P,–,–,–,–,–,–
Kotak Nifty Smallcap 250 Idx Dir IDCW-R,–,–,–,–,–,–
Kotak Nifty Smallcap 250 Idx Reg Gr,–,–,–,–,–,–
Kotak Nifty Smallcap 250 Idx Reg IDCW-P,–,–,–,–,–,–
Kotak Nifty Smallcap 250 Idx Reg IDCW-R,–,–,–,–,–,–
Kotak Nifty Smallcap 50 Dir Gr,–,–,–,–,–,–
Kotak Nifty Smallcap 50 Dir IDCW-P,–,–,–,–,–,–
Kotak Nifty Smallcap 50 Dir IDCW-R,–,–,–,–,–,–
Kotak Nifty Smallcap 50 Reg Gr,–,–,–,–,–,–
Kotak Nifty Smallcap 50 Reg IDCW-P,–,–,–,–,–,–
Kotak Nifty Smallcap 50 Reg IDCW-R,–,–,–,–,–,–
Kotak Nifty Top 10 Eql Wght Idx Dir Gr,–,–,–,–,–,–
Kotak Nifty Top 10 Eql Wght IdxDirIDCW-P,–,–,–,–,–,–
Kotak Nifty Top 10 Eql Wght IdxDirIDCW-R,–,–,–,–,–,–
Kotak Nifty Top 10 Eql Wght Idx Reg Gr,–,–,–,–,–,–
Kotak Nifty Top 10 Eql Wght IdxRegIDCW-P,–,–,–,–,–,–
Kotak Nifty Top 10 Eql Wght IdxRegIDCW-R,–,–,–,–,–,–
Kotak Overnight Reg Wkly IDCW-P,–,–,–,–,–,–
Kotak Overnight Reg Wkly IDCW-R,–,–,–,–,–,–
Kotak Pioneer Dir Gr,–,–,–,–,14.38,1.09
Kotak Pioneer Dir IDCW-P,–,–,–,–,14.38,1.09
Kotak Pioneer Dir IDCW-R,–,–,–,–,14.38,1.09
Kotak Pioneer Reg Gr,–,–,–,–,14.37,0.99
Kotak Pioneer Reg IDCW-P,–,–,–,–,14.37,0.99
Kotak Pioneer Reg IDCW-R,–,–,–,–,14.37,0.99
Kotak Quant Dir Gr,–,–,–,–,–,–
Kotak Quant Dir IDCW-P,–,–,–,–,–,–
Kotak Quant Dir IDCW-R,–,–,–,–,–,–
Kotak Quant Reg Gr,–,–,–,–,–,–
Kotak Quant Reg IDCW-P,–,–,–,–,–,–
Kotak Quant Reg IDCW-R,–,–,–,–,–,–
Kotak Silver ETF Fund of Fund Dir Gr,–,–,–,–,–,–
Kotak Silver ETF Fund of Fund Reg Gr,–,–,–,–,–,–
Kotak Special Opportunities Dir Gr,–,–,–,–,–,–
Kotak Special Opportunities Dir IDCW-P,–,–,–,–,–,–
Kotak Special Opportunities Dir IDCW-R,–,–,–,–,–,–
Kotak Special Opportunities Reg Gr,–,–,–,–,–,–
Kotak Special Opportunities Reg IDCW-P,–,–,–,–,–,–
Kotak Special Opportunities Reg IDCW-R,–,–,–,–,–,–
Kotak Technology Fund Dir Gr,–,–,–,–,–,–
Kotak Technology Fund Dir IDCW-P,–,–,–,–,–,–
Kotak Technology Fund Dir IDCW-R,–,–,–,–,–,–
Kotak Technology Fund Reg Gr,–,–,–,–,–,–
Kotak Technology Fund Reg IDCW-P,–,–,–,–,–,–
Kotak Technology Fund Reg IDCW-R,–,–,–,–,–,–
Kotak Trsptn & Lgstcs Dir Gr,–,–,–,–,–,–
Kotak Trsptn & Lgstcs Dir IDCW-R,–,–,–,–,–,–
Kotak Trsptn & Lgstcs Dir IDCW-P,–,–,–,–,–,–
Kotak Trsptn & Lgstcs Reg Gr,–,–,–,–,–,–
Kotak Trsptn & Lgstcs Reg IDCW-P,–,–,–,–,–,–
Kotak Trsptn & Lgstcs Reg IDCW-R,–,–,–,–,–,–
LIC MF Arbitrage Dir Gr,–,–,–,–,0.51,0.91
LIC MF Arbitrage Dir Mn IDCW-P,–,–,–,–,0.51,0.91
LIC MF Arbitrage Dir Mn IDCW-R,–,–,–,–,0.51,0.91
LIC MF Arbitrage Dir Wkly IDCW-R,–,–,–,–,0.51,0.92
LIC MF Arbitrage Reg Gr,–,–,–,–,0.52,-0.7
LIC MF Arbitrage Reg Mn IDCW-P,–,–,–,–,0.52,-0.69
LIC MF Arbitrage Reg Mn IDCW-R,–,–,–,–,0.52,-0.69
LIC MF Arbitrage Reg Wkly IDCW-R,–,–,–,–,0.52,-0.69
LIC MF Balanced Advantage Dir Gr,Average,–,–,–,8.06,0.85
LIC MF Balanced Advantage Dir IDCW-P,Average,–,–,–,8.4,0.64
LIC MF Balanced Advantage Dir IDCW-R,Average,–,–,–,8.4,0.64
LIC MF Balanced Advantage Reg Gr,Average,–,–,–,8.05,0.64
LIC MF Balanced Advantage Reg IDCW-R,Average,–,–,–,8.05,0.64
LIC MF Balanced Advantage Reg IDCW-P,Average,–,–,–,8.05,0.64
LIC MF Eq Savings Dir Mn IDCW-P,Above Average,–,–,–,7.03,0.64
LIC MF Eq Savings Dir Mn IDCW-R,Above Average,–,–,–,7.03,0.64
LIC MF Eq Savings Dir Qt IDCW-P,High,–,–,–,7.03,0.64
LIC MF Eq Savings Dir Qt IDCW-R,High,–,–,–,7.03,0.64
LIC MF Eq Savings Gr,Above Average,–,–,–,7.02,0.5
LIC MF Eq Savings Dir Gr,High,–,–,–,7.03,0.65
LIC MF Eq Savings Mn IDCW-P,Above Average,–,–,–,7.02,0.5
LIC MF Eq Savings Mn IDCW-R,Above Average,–,–,–,7.02,0.5
LIC MF Eq Savings Qt IDCW-P,Above Average,–,–,–,7.02,0.5
LIC MF Eq Savings Qt IDCW-R,Above Average,–,–,–,7.02,0.5
LIC MF Gold ETF FOF Dir Gr,–,–,–,–,11.86,1.24
LIC MF Gold ETF FOF Gr,–,–,–,–,11.85,1.21
LIC MF Manufacturing Dir Gr,–,–,–,–,–,–
LIC MF Manufacturing Dir IDCW-P,–,–,–,–,–,–
LIC MF Manufacturing Dir IDCW-R,–,–,–,–,–,–
LIC MF Manufacturing Reg Gr,–,–,–,–,–,–
LIC MF Manufacturing Reg IDCW-P,–,–,–,–,–,–
LIC MF Manufacturing Reg IDCW-R,–,–,–,–,–,–
LIC MF Money Market Dir Gr,–,–,–,–,–,–
LIC MF Money Market Dir IDCW-P,–,–,–,–,–,–
LIC MF Money Market Dir IDCW-R,–,–,–,–,–,–
LIC MF Money Market Reg Gr,–,–,–,–,–,–
LIC MF Money Market Reg IDCW-P,–,–,–,–,–,–
LIC MF Money Market Reg IDCW-R,–,–,–,–,–,–
LIC MF Multi Asset Allocation Dir Gr,–,–,–,–,–,–
LIC MF Multi Asset Allocation Dir IDCW-P,–,–,–,–,–,–
LIC MF Multi Asset Allocation Dir IDCW-R,–,–,–,–,–,–
LIC MF Multi Asset Allocation Reg Gr,–,–,–,–,–,–
LIC MF Multi Asset Allocation Reg IDCW-P,–,–,–,–,–,–
LIC MF Multi Asset Allocation Reg IDCW-R,–,–,–,–,–,–
LIC MF Multi Cap Dir Gr,–,–,–,–,–,–
LIC MF Multi Cap Dir IDCW-P,–,–,–,–,–,–
LIC MF Multi Cap Dir IDCW-R,–,–,–,–,–,–
LIC MF Multi Cap Reg Gr,–,–,–,–,–,–
LIC MF Multi Cap Reg IDCW-P,–,–,–,–,–,–
LIC MF Multi Cap Reg IDCW-R,–,–,–,–,–,–
LIC MF Overnight Dir Dl IDCW-R,–,–,–,–,3.49,-0.86
LIC MF Overnight Reg Dl IDCW-R,–,–,–,–,–,–
LIC MF Overnight Reg Pd IDCW-P,–,–,–,–,3.63,-1.22
LIC MF Overnight Reg Pd IDCW-R,–,–,–,–,–,–
LIC MF Ultra Short Dur Dir Dl IDCW-R,–,–,–,–,–,–
LIC MF Ultra Short Dur Dir Wk IDCW-R,–,–,–,–,–,–
Mahindra Manulife Arbitrage Dir Gr,–,–,–,–,0.52,-1.06
Mahindra Manulife Arbitrage Dir IDCW-P,–,–,–,–,0.52,-1.06
Mahindra Manulife Arbitrage Dir IDCW-R,–,–,–,–,0.52,-1.06
Mahindra Manulife Arbitrage Reg Gr,–,–,–,–,0.52,-2.91
Mahindra Manulife Arbitrage Reg IDCW-P,–,–,–,–,0.52,-2.92
Mahindra Manulife Arbitrage Reg IDCW-R,–,–,–,–,0.52,-2.92
Mahindra Manu APAC REITs FOF Dir Gr,–,–,–,–,18.32,-0.33
Mahindra Manu APAC REITs FOF Dir IDCW-P,–,–,–,–,18.32,-0.33
Mahindra Manu APAC REITs FOF Dir IDCW-R,–,–,–,–,18.32,-0.33
Mahindra Manu APAC REITs FOF Reg Gr,–,–,–,–,18.31,-0.38
Mahindra Manu APAC REITs FOF Reg IDCW-P,–,–,–,–,18.31,-0.38
Mahindra Manu APAC REITs FOF Reg IDCW-R,–,–,–,–,18.31,-0.38
Mahindra Manulife Bal Advtg Dir Gr,Above Average,–,–,–,8.69,0.97
Mahindra Manulife Bal Advtg Dir IDCW-P,Above Average,–,–,–,8.66,0.93
Mahindra Manulife Bal Advtg Dir IDCW-R,Above Average,–,–,–,8.66,0.93
Mahindra Manulife Bal Advtg Reg Gr,Average,–,–,–,8.69,0.77
Mahindra Manulife Bal Advtg Reg IDCW-P,Average,–,–,–,8.64,0.72
Mahindra Manulife Bal Advtg Reg IDCW-R,Average,–,–,–,8.64,0.72
Mahindra Manulife Business Cycl Dr Gr,–,–,–,–,–,–
Mahindra Manulife Business Cycl DrIDCW-P,–,–,–,–,–,–
Mahindra Manulife Business Cycl DrIDCW-R,–,–,–,–,–,–
Mahindra Manulife Business Cycl Rg Gr,–,–,–,–,–,–
Mahindra Manulife Business Cycl RgIDCW-P,–,–,–,–,–,–
Mahindra Manulife Business Cycl RgIDCW-R,–,–,–,–,–,–
Mahindra Manulife Equity Svg Dir Gr,Above Average,–,–,–,5.5,0.9
Mahindra Manulife Equity Svg Dir IDCW-P,Above Average,–,–,–,5.55,0.83
Mahindra Manulife Equity Svg Dir IDCW-R,Above Average,–,–,–,5.55,0.83
Mahindra Manulife Equity Svg Reg Gr,Above Average,–,–,–,5.49,0.58
Mahindra Manulife Equity Svg Reg IDCW-P,Above Average,–,–,–,5.56,0.5
Mahindra Manulife Equity Svg Reg IDCW-R,Above Average,–,–,–,5.56,0.5
Mahindra Manu Liqd UnclmdRed/IDCWByd3Yrs,–,–,–,–,–,–
Mahindra Manulife Manufactrng Dir Gr,–,–,–,–,–,–
Mahindra Manulife Manufactrng Dir IDCW-P,–,–,–,–,–,–
Mahindra Manulife Manufactrng Dir IDCW-R,–,–,–,–,–,–
Mahindra Manulife Manufactrng Reg Gr,–,–,–,–,–,–
Mahindra Manulife Manufactrng Reg IDCW-P,–,–,–,–,–,–
Mahindra Manulife Manufactrng Reg IDCW-R,–,–,–,–,–,–
Mahindra Manu Mlt Asst Allc Dir Gr,–,–,–,–,–,–
Mahindra Manu Mlt Asst Allc Dir IDCW-P,–,–,–,–,–,–
Mahindra Manu Mlt Asst Allc Dir IDCW-R,–,–,–,–,–,–
Mahindra Manu Mlt Asst Allc Reg Gr,–,–,–,–,–,–
Mahindra Manu Mlt Asst Allc Reg IDCW-P,–,–,–,–,–,–
Mahindra Manu Mlt Asst Allc Reg IDCW-R,–,–,–,–,–,–
Mahindra Manulife Small Cap Dir Gr,–,–,–,–,–,–
Mahindra Manulife Small Cap Dir IDCW-P,–,–,–,–,–,–
Mahindra Manulife Small Cap Dir IDCW-R,–,–,–,–,–,–
Mahindra Manulife Small Cap Reg Gr,–,–,–,–,–,–
Mahindra Manulife Small Cap Reg IDCW-P,–,–,–,–,–,–
Mahindra Manulife Small Cap Reg IDCW-R,–,–,–,–,–,–
Mahindra Manulife Value Dir Gr,–,–,–,–,–,–
Mahindra Manulife Value Dir IDCW-P,–,–,–,–,–,–
Mahindra Manulife Value Dir IDCW-R,–,–,–,–,–,–
Mahindra Manulife Value Reg Gr,–,–,–,–,–,–
Mahindra Manulife Value Reg IDCW-P,–,–,–,–,–,–
Mahindra Manulife Value Reg IDCW-R,–,–,–,–,–,–
Mirae Asset Arbitrage Dir Gr,–,–,–,–,0.56,1.46
Mirae Asset Arbitrage Dir IDCW-P,–,–,–,–,0.56,1.38
Mirae Asset Arbitrage Dir IDCW-R,–,–,–,–,0.56,1.38
Mirae Asset Arbitrage Reg Gr,–,–,–,–,0.55,-0.19
Mirae Asset Arbitrage Reg IDCW-P,–,–,–,–,0.56,-0.18
Mirae Asset Arbitrage Reg IDCW-R,–,–,–,–,0.56,-0.18
Mirae Asset Balanced Advtg Dir Gr,–,–,–,–,–,–
Mirae Asset Balanced Advtg Dir IDCW-P,–,–,–,–,–,–
Mirae Asset Balanced Advtg Dir IDCW-R,–,–,–,–,–,–
Mirae Asset Balanced Advtg Reg Gr,–,–,–,–,–,–
Mirae Asset Balanced Advtg Reg IDCW-P,–,–,–,–,–,–
Mirae Asset Balanced Advtg Reg IDCW-R,–,–,–,–,–,–
Mirae Ast BSE 200 EqlWghtETFFoFDirGr,–,–,–,–,–,–
Mirae Ast BSE 200 EqlWghtETFFoFDirIDCW-P,–,–,–,–,–,–
Mirae Ast BSE 200 EqlWghtETFFoFDirIDCW-R,–,–,–,–,–,–
Mirae Ast BSE 200 EqlWghtETFFoFRegGr,–,–,–,–,–,–
Mirae Ast BSE 200 EqlWghtETFFoFRegIDCW-P,–,–,–,–,–,–
Mirae Ast BSE 200 EqlWghtETFFoFRegIDCW-R,–,–,–,–,–,–
Mirae Asset BSE Sel IPO ETF FoFDirGr,–,–,–,–,–,–
Mirae Asset BSE Sel IPO ETF FoFDirIDCW-P,–,–,–,–,–,–
Mirae Asset BSE Sel IPO ETF FoFDirIDCW-R,–,–,–,–,–,–
Mirae Asset BSE Sel IPO ETF FoFRegGr,–,–,–,–,–,–
Mirae Asset BSE Sel IPO ETF FoFRegIDCW-P,–,–,–,–,–,–
Mirae Asset BSE Sel IPO ETF FoFRegIDCW-R,–,–,–,–,–,–
Mirae Asset CRISIL IBX Glt 0433 Dr Gr,–,–,–,–,–,–
Mirae Asset CRISIL IBX Glt 0433 DrIDCW-P,–,–,–,–,–,–
Mirae Asset CRISIL IBX Glt 0433 DrIDCW-R,–,–,–,–,–,–
Mirae Asset CRISIL IBX Glt 0433 Rg Gr,–,–,–,–,–,–
Mirae Asset CRISIL IBX Glt 0433 RgIDCW-P,–,–,–,–,–,–
Mirae Asset CRISIL IBX Glt 0433 RgIDCW-R,–,–,–,–,–,–
Mirae Asset Equity Savings Dir Gr,Above Average,–,–,–,5.9,1
Mirae Asset Equity Savings Dir IDCW-P,Above Average,–,–,–,5.97,0.77
Mirae Asset Equity Savings Dir IDCW-R,Above Average,–,–,–,5.97,0.77
Mirae Asset Equity Savings Reg Gr,Above Average,–,–,–,5.89,0.83
Mirae Asset Equity Savings Reg IDCW-P,Above Average,–,–,–,5.98,0.61
Mirae Asset Equity Savings Reg IDCW-R,Above Average,–,–,–,5.98,0.61
Mirae Asset Flexi Cap Dir Gr,–,–,–,–,–,–
Mirae Asset Flexi Cap Dir IDCW-P,–,–,–,–,–,–
Mirae Asset Flexi Cap Dir IDCW-R,–,–,–,–,–,–
Mirae Asset Flexi Cap Reg Gr,–,–,–,–,–,–
Mirae Asset Flexi Cap Reg IDCW-P,–,–,–,–,–,–
Mirae Asset Flexi Cap Reg IDCW-R,–,–,–,–,–,–
Mirae Ast Glb Ele&Auto Vhl ETF FoF Dr Gr,–,–,–,–,–,–
Mirae Ast Glb Ele&Auto Vhl ETF FoF Rg Gr,–,–,–,–,–,–
Mirae Ast Glb X Art Int&Tch ETF FoF DrGr,–,–,–,–,–,–
Mirae Ast Glb X Art Int&Tch ETF FoF RgGr,–,–,–,–,–,–
Mirae Asset Gold ETF FoF Dir Gr,–,–,–,–,–,–
Mirae Asset Gold ETF FoF Dir IDCW-P,–,–,–,–,–,–
Mirae Asset Gold ETF FoF Dir IDCW-R,–,–,–,–,–,–
Mirae Asset Gold ETF FoF Reg Gr,–,–,–,–,–,–
Mirae Asset Gold ETF FoF Reg IDCW-P,–,–,–,–,–,–
Mirae Asset Gold ETF FoF Reg IDCW-R,–,–,–,–,–,–
Mirae Asset HangSeng TECH ETF FoF Dir Gr,–,–,–,–,40.45,0.38
Mirae Asset HangSeng TECH ETF FoF Reg Gr,–,–,–,–,40.42,0.37
Mirae Asset Long Duration Dir Gr,–,–,–,–,–,–
Mirae Asset Long Duration Dir IDCW-P,–,–,–,–,–,–
Mirae Asset Long Duration Dir IDCW-R,–,–,–,–,–,–
Mirae Asset Long Duration Reg Gr,–,–,–,–,–,–
Mirae Asset Long Duration Reg IDCW-P,–,–,–,–,–,–
Mirae Asset Long Duration Reg IDCW-R,–,–,–,–,–,–
Mirae Asset Multi Asset Allc Dir Gr,–,–,–,–,–,–
Mirae Asset Multi Asset Allc Dir IDCW-P,–,–,–,–,–,–
Mirae Asset Multi Asset Allc Dir IDCW-R,–,–,–,–,–,–
Mirae Asset Multi Asset Allc Reg Gr,–,–,–,–,–,–
Mirae Asset Multi Asset Allc Reg IDCW-P,–,–,–,–,–,–
Mirae Asset Multi Asset Allc Reg IDCW-R,–,–,–,–,–,–
Mirae Asset Multicap Dir Gr,–,–,–,–,–,–
Mirae Asset Multicap Dir IDCW-P,–,–,–,–,–,–
Mirae Asset Multicap Dir IDCW-R,–,–,–,–,–,–
Mirae Asset Multicap Reg Gr,–,–,–,–,–,–
Mirae Asset Multicap Reg IDCW-P,–,–,–,–,–,–
Mirae Asset Multicap Reg IDCW-R,–,–,–,–,–,–
Mirae Asset Nifty 50 Idx Dir Gr,–,–,–,–,–,–
Mirae Asset Nifty 50 Idx Dir IDCW-P,–,–,–,–,–,–
Mirae Asset Nifty 50 Idx Dir IDCW-R,–,–,–,–,–,–
Mirae Asset Nifty 50 Idx Reg Gr,–,–,–,–,–,–
Mirae Asset Nifty 50 Idx Reg IDCW-P,–,–,–,–,–,–
Mirae Asset Nifty 50 Idx Reg IDCW-R,–,–,–,–,–,–
Mirae Asset Nfty AAA PSUBP 0426 DrGr,–,–,–,–,–,–
Mirae Asset Nfty AAA PSUBP 0426 DrIDCW-P,–,–,–,–,–,–
Mirae Asset Nfty AAA PSUBP 0426 DrIDCW-R,–,–,–,–,–,–
Mirae Asset Nfty AAA PSUBP 0426 RgGr,–,–,–,–,–,–
Mirae Asset Nfty AAA PSUBP 0426 RgIDCW-P,–,–,–,–,–,–
Mirae Asset Nfty AAA PSUBP 0426 RgIDCW-R,–,–,–,–,–,–
Mirae Ast Nifty Ind Mg ETF FoF Dr Gr,–,–,–,–,16.36,0.94
Mirae Ast Nifty Ind Mg ETF FoF Dr IDCW-P,–,–,–,–,16.36,0.94
Mirae Ast Nifty Ind Mg ETF FoF Dr IDCW-R,–,–,–,–,16.36,0.94
Mirae Ast Nifty Ind Mg ETF FoF Rg Gr,–,–,–,–,16.35,0.92
Mirae Ast Nifty Ind Mg ETF FoF Rg IDCW-P,–,–,–,–,16.35,0.92
Mirae Ast Nifty Ind Mg ETF FoF Rg IDCW-R,–,–,–,–,16.35,0.92
Mirae AstNftyINDNwAgCnsptnETFFoFDrGr,–,–,–,–,–,–
Mirae AstNftyINDNwAgCnsptnETFFoFDrIDCW-P,–,–,–,–,–,–
Mirae AstNftyINDNwAgCnsptnETFFoFDrIDCW-R,–,–,–,–,–,–
Mirae AstNftyINDNwAgCnsptnETFFoFRgGr,–,–,–,–,–,–
Mirae AstNftyINDNwAgCnsptnETFFoFRgIDCW-P,–,–,–,–,–,–
Mirae AstNftyINDNwAgCnsptnETFFoFRgIDCW-R,–,–,–,–,–,–
Mirae Asset Nifty LrgMdcp250IdxDirGr,–,–,–,–,–,–
Mirae Asset Nifty LrgMdcp250IdxDirIDCW-P,–,–,–,–,–,–
Mirae Asset Nifty LrgMdcp250IdxDirIDCW-R,–,–,–,–,–,–
Mirae Asset Nifty Lrg Mdcp 250 Idx RegGr,–,–,–,–,–,–
Mirae Asset Nifty LrgMdcp250IdxRegIDCW-P,–,–,–,–,–,–
Mirae Asset Nifty LrgMdcp250IdxRegIDCW-R,–,–,–,–,–,–
MiraeAstNftyMdSmCp400MQETFFoFDirGr,–,–,–,–,–,–
MiraeAstNftyMdSmCp400MQETFFoFDirIDCW-P,–,–,–,–,–,–
MiraeAstNftyMdSmCp400MQETFFoFDirIDCW-R,–,–,–,–,–,–
MiraeAstNftyMdSmCp400MQETFFoFRegGr,–,–,–,–,–,–
MiraeAstNftyMdSmCp400MQETFFoFRegIDCW-P,–,–,–,–,–,–
MiraeAstNftyMdSmCp400MQETFFoFRegIDCW-R,–,–,–,–,–,–
Mirae Asset Nifty SDL Jun27 Dir Gr,–,–,–,–,1.28,1.21
Mirae Asset Nifty SDL Jun27 Dir IDCW-P,–,–,–,–,1.28,1.21
Mirae Asset Nifty SDL Jun27 Dir IDCW-R,–,–,–,–,1.28,1.21
Mirae Asset Nifty SDL Jun27 Reg Gr,–,–,–,–,1.28,1.09
Mirae Asset Nifty SDL Jun27 Reg IDCW-P,–,–,–,–,1.28,1.09
Mirae Asset Nifty SDL Jun27 Reg IDCW-R,–,–,–,–,1.28,1.09
Mirae Asset Nifty SDL Jun28 Dir Gr,–,–,–,–,–,–
Mirae Asset Nifty SDL Jun28 Dir IDCW-P,–,–,–,–,–,–
Mirae Asset Nifty SDL Jun28 Dir IDCW-R,–,–,–,–,–,–
Mirae Asset Nifty SDL Jun28 Reg Gr,–,–,–,–,–,–
Mirae Asset Nifty SDL Jun28 Reg IDCW-P,–,–,–,–,–,–
Mirae Asset Nifty SDL Jun28 Reg IDCW-R,–,–,–,–,–,–
Mirae Ast Nfty SC 250MQ100ETFFoFDrGr,–,–,–,–,–,–
Mirae Ast Nfty SC 250MQ100ETFFoFDrIDCW-P,–,–,–,–,–,–
Mirae Ast Nfty SC 250MQ100ETFFoFDrIDCW-R,–,–,–,–,–,–
Mirae Ast Nfty SC 250MQ100ETFFoFRgGr,–,–,–,–,–,–
Mirae Ast Nfty SC 250MQ100ETFFoFRgIDCW-P,–,–,–,–,–,–
Mirae Ast Nfty SC 250MQ100ETFFoFRgIDCW-R,–,–,–,–,–,–
Mirae Asset Nifty Total Mkt Idx Dir Gr,–,–,–,–,–,–
Mirae Asset Nifty Total Mkt IdxDirIDCW-P,–,–,–,–,–,–
Mirae Asset Nifty Total Mkt IdxDirIDCW-R,–,–,–,–,–,–
Mirae Asset Nifty Total Mkt Idx Reg Gr,–,–,–,–,–,–
Mirae Asset Nifty Total Mkt IdxRegIDCW-P,–,–,–,–,–,–
Mirae Asset Nifty Total Mkt IdxRegIDCW-R,–,–,–,–,–,–
Mirae Ast Nifty200 Alp 30 ETF FoF Dr Gr,–,–,–,–,–,–
Mirae Ast Nifty200 Alp 30 ETFFoFDrIDCW-P,–,–,–,–,–,–
Mirae Ast Nifty200 Alp 30 ETFFoFDrIDCW-R,–,–,–,–,–,–
Mirae Ast Nifty200 Alp 30 ETF FoF Rg Gr,–,–,–,–,–,–
Mirae Ast Nifty200 Alp 30 ETFFoFRgIDCW-P,–,–,–,–,–,–
Mirae Ast Nifty200 Alp 30 ETFFoFRgIDCW-R,–,–,–,–,–,–
Mirae Asset S&P 500 Top50 ETF FoF Dir Gr,–,–,–,–,17.63,1.03
Mirae Asset S&P 500 Top50 ETF FoF Reg Gr,–,–,–,–,17.62,1.01
Mirae Asset Small Cap Dir Gr,–,–,–,–,–,–
Mirae Asset Small Cap Dir IDCW-P,–,–,–,–,–,–
Mirae Asset Small Cap Dir IDCW-R,–,–,–,–,–,–
Mirae Asset Small Cap Reg Gr,–,–,–,–,–,–
Mirae Asset Small Cap Reg IDCW-P,–,–,–,–,–,–
Mirae Asset Small Cap Reg IDCW-R,–,–,–,–,–,–
Motilal Oswal Active Momentum Dir Gr,–,–,–,–,–,–
Motilal Oswal Active Momentum Dir IDCW-P,–,–,–,–,–,–
Motilal Oswal Active Momentum Dir IDCW-R,–,–,–,–,–,–
Motilal Oswal Active Momentum Reg Gr,–,–,–,–,–,–
Motilal Oswal Active Momentum Reg IDCW-P,–,–,–,–,–,–
Motilal Oswal Active Momentum Reg IDCW-R,–,–,–,–,–,–
Motilal Oswal Arbitrage Dir Gr,–,–,–,–,–,–
Motilal Oswal Arbitrage Dir IDCW-P,–,–,–,–,–,–
Motilal Oswal Arbitrage Dir IDCW-R,–,–,–,–,–,–
Motilal Oswal Arbitrage Reg Gr,–,–,–,–,–,–
Motilal Oswal Arbitrage Reg IDCW-P,–,–,–,–,–,–
Motilal Oswal Arbitrage Reg IDCW-R,–,–,–,–,–,–
Motilal Oswal AAP FoF - Agrsv Dir Gr,–,–,–,–,8.87,1.06
Motilal Oswal AAP FoF - Agrsv Reg Gr,–,–,–,–,8.86,1
Motilal Oswal AAP FoF - Cnsrv Dir Gr,–,–,–,–,5.5,1.23
Motilal Oswal AAP FoF - Cnsrv Reg Gr,–,–,–,–,5.5,1.14
Motilal Oswal Bal Advtg Dir Ann IDCW-P,High,–,–,–,14.11,0.2
Motilal Oswal Bal Advtg Dir Ann IDCW-R,High,–,–,–,14.11,0.2
Motilal Oswal Bal Advtg Dir Gr,High,–,–,–,14.28,0.36
Motilal Oswal Bal Advtg Dir Qt IDCW-P,High,–,–,–,14.94,0.24
Motilal Oswal Bal Advtg Dir Qt IDCW-R,High,–,–,–,14.94,0.24
Motilal Oswal Bal Advtg Reg Ann IDCW-P,High,–,–,–,14.01,0.13
Motilal Oswal Bal Advtg Reg Ann IDCW-R,High,–,–,–,14.01,0.13
Motilal Oswal Bal Advtg Reg Gr,High,–,–,–,14.27,0.27
Motilal Oswal Bal Advtg Reg Qt IDCW-P,High,–,–,–,14.93,0.16
Motilal Oswal Bal Advtg Reg Qt IDCW-R,High,–,–,–,14.93,0.16
Motilal Oswal BSE Enh Val Idx Dir Gr,–,–,–,–,–,–
Motilal Oswal BSE Enh Val Idx Reg Gr,–,–,–,–,–,–
Motilal Oswal BSE Fi ex Bk 30 Dir Gr,–,–,–,–,–,–
Motilal Oswal BSE Fi ex Bk 30 Reg Gr,–,–,–,–,–,–
Motilal Oswal BSE Low Vol Idx Dir Gr,–,–,–,–,13.57,0.74
Motilal Oswal BSE Low Vol Idx Reg Gr,–,–,–,–,13.56,0.7
Motilal Oswal BSE Quality Idx Dir Gr,–,–,–,–,–,–
Motilal Oswal BSE Quality Idx Reg Gr,–,–,–,–,–,–
Motilal Oswal Business Cycle Dir Gr,–,–,–,–,–,–
Motilal Oswal Business Cycle Dir IDCW-P,–,–,–,–,–,–
Motilal Oswal Business Cycle Dir IDCW-R,–,–,–,–,–,–
Motilal Oswal Business Cycle Reg Gr,–,–,–,–,–,–
Motilal Oswal Business Cycle Reg IDCW-P,–,–,–,–,–,–
Motilal Oswal Business Cycle Reg IDCW-R,–,–,–,–,–,–
Motilal Oswal Dev Mkt Ex US ETFsFoFDirGr,–,–,–,–,–,–
Motilal Oswal Dev Mkt Ex US ETFsFoFRegGr,–,–,–,–,–,–
Motilal Oswal Digital India Dir Gr,–,–,–,–,–,–
Motilal Oswal Digital India Dir IDCW-P,–,–,–,–,–,–
Motilal Oswal Digital India Dir IDCW-R,–,–,–,–,–,–
Motilal Oswal Digital India Reg Gr,–,–,–,–,–,–
Motilal Oswal Digital India Reg IDCW-P,–,–,–,–,–,–
Motilal Oswal Digital India Reg IDCW-R,–,–,–,–,–,–
Motilal Oswal Gld & Slvr ETFs FoF Dir Gr,–,–,–,–,–,–
Motilal Oswal Gld & Slvr ETFs FoF Reg Gr,–,–,–,–,–,–
Motilal Oswal Infrastructure Dir Gr,–,–,–,–,–,–
Motilal Oswal Infrastructure Dir IDCW-P,–,–,–,–,–,–
Motilal Oswal Infrastructure Dir IDCW-R,–,–,–,–,–,–
Motilal Oswal Infrastructure Reg Gr,–,–,–,–,–,–
Motilal Oswal Infrastructure Reg IDCW-P,–,–,–,–,–,–
Motilal Oswal Infrastructure Reg IDCW-R,–,–,–,–,–,–
Motilal Oswal Innovation Opps Dir Gr,–,–,–,–,–,–
Motilal Oswal Innovation Opps Dir IDCW-P,–,–,–,–,–,–
Motilal Oswal Innovation Opps Dir IDCW-R,–,–,–,–,–,–
Motilal Oswal Innovation Opps Reg Gr,–,–,–,–,–,–
Motilal Oswal Innovation Opps Reg IDCW-P,–,–,–,–,–,–
Motilal Oswal Innovation Opps Reg IDCW-R,–,–,–,–,–,–
Motilal Oswal Large Cap Dir Gr,–,–,–,–,–,–
Motilal Oswal Large Cap Dir IDCW-P,–,–,–,–,–,–
Motilal Oswal Large Cap Dir IDCW-R,–,–,–,–,–,–
Motilal Oswal Large Cap Reg Gr,–,–,–,–,–,–
Motilal Oswal Large Cap Reg IDCW-P,–,–,–,–,–,–
Motilal Oswal Large Cap Reg IDCW-R,–,–,–,–,–,–
Motilal Oswal Liquid UnclDv Grtr thn3yrs,–,–,–,–,–,–
Motilal Oswal Manufacturing Dir Gr,–,–,–,–,–,–
Motilal Oswal Manufacturing Dir IDCW-P,–,–,–,–,–,–
Motilal Oswal Manufacturing Dir IDCW-R,–,–,–,–,–,–
Motilal Oswal Manufacturing Reg Gr,–,–,–,–,–,–
Motilal Oswal Manufacturing Reg IDCW-P,–,–,–,–,–,–
Motilal Oswal Manufacturing Reg IDCW-R,–,–,–,–,–,–
Motilal Oswal Multi Asset Dir Gr,–,–,–,–,9.57,-0.05
Motilal Oswal Multi Asset Reg Gr,–,–,–,–,9.63,-0.19
Motilal Oswal Multi Cap Dir Gr,–,–,–,–,–,–
Motilal Oswal Multi Cap Dir IDCW-P,–,–,–,–,–,–
Motilal Oswal Multi Cap Dir IDCW-R,–,–,–,–,–,–
Motilal Oswal Multi Cap Reg Gr,–,–,–,–,–,–
Motilal Oswal Multi Cap Reg IDCW-P,–,–,–,–,–,–
Motilal Oswal Multi Cap Reg IDCW-R,–,–,–,–,–,–
Motilal Oswal Nifty 200 Momt 30 Dir Gr,–,–,–,–,19.31,0.71
Motilal Oswal Nifty 200 Momt 30 Reg Gr,–,–,–,–,19.3,0.67
Motilal Oswal Nifty 500 Momt 50 IdxDirGr,–,–,–,–,–,–
Motilal Oswal Nifty 500 Momt 50 IdxRegGr,–,–,–,–,–,–
Motilal Oswal Nifty Cptl Mkt Idx Dir Gr,–,–,–,–,–,–
Motilal Oswal Nifty Cptl Mkt Idx Reg Gr,–,–,–,–,–,–
Motilal Oswal Nifty IND Dfnc Idx Dir Gr,–,–,–,–,–,–
Motilal Oswal Nifty IND Dfnc Idx Reg Gr,–,–,–,–,–,–
Motilal Oswal Nifty Mcrcp 250 Idx Dir Gr,–,–,–,–,–,–
Motilal Oswal Nifty Mcrcp 250 Idx Reg Gr,–,–,–,–,–,–
Motilal Oswal Nifty MdSmFinclSvcsIdxDrGr,–,–,–,–,–,–
Motilal Oswal Nifty MdSmFinclSvcsIdxRgGr,–,–,–,–,–,–
Motilal Oswal Nifty MdSm Hlthcr IdxDrGr,–,–,–,–,–,–
Motilal Oswal Nifty MdSm Hlthcr IdxRgGr,–,–,–,–,–,–
Motilal Oswal NiftyMdSmIndCnsmptnIdxDrGr,–,–,–,–,–,–
Motilal Oswal NiftyMdSmIndCnsmptnIdxRgGr,–,–,–,–,–,–
Motilal Oswal Nifty MdSm IT &TeleIdxDrGr,–,–,–,–,–,–
Motilal Oswal Nifty MdSm IT &TeleIdxRgGr,–,–,–,–,–,–
Motilal Oswal Quant Dir Gr,–,–,–,–,–,–
Motilal Oswal Quant Dir IDCW-P,–,–,–,–,–,–
Motilal Oswal Quant Dir IDCW-R,–,–,–,–,–,–
Motilal Oswal Quant Reg Gr,–,–,–,–,–,–
Motilal Oswal Quant Reg IDCW-P,–,–,–,–,–,–
Motilal Oswal Quant Reg IDCW-R,–,–,–,–,–,–
Motilal Oswal Small Cap Dir Gr,–,–,–,–,–,–
Motilal Oswal Small Cap Dir IDCW-P,–,–,–,–,–,–
Motilal Oswal Small Cap Dir IDCW-R,–,–,–,–,–,–
Motilal Oswal Small Cap Reg Gr,–,–,–,–,–,–
Motilal Oswal Small Cap Reg IDCW-P,–,–,–,–,–,–
Motilal Oswal Small Cap Reg IDCW-R,–,–,–,–,–,–
Navi BSE Sensex Index Dir Gr,–,–,–,–,–,–
Navi BSE Sensex Index Reg Gr,–,–,–,–,–,–
Navi ELSS Tax Saver Nfty 50 Idx Dr Gr,–,–,–,–,–,–
Navi ELSS Tax Saver Nfty 50 Idx DrIDCW-P,–,–,–,–,–,–
Navi ELSS Tax Saver Nfty 50 Idx Rg Gr,–,–,–,–,–,–
Navi ELSS Tax Saver Nfty 50 Idx RgIDCW-P,–,–,–,–,–,–
Navi NASDAQ 100 FoF Dir Gr,–,–,–,–,20.07,0.82
Navi NASDAQ 100 FoF Reg Gr,–,–,–,–,20.05,0.81
Navi Nifty 500 Multicap 50 25 25IdxDirGr,–,–,–,–,–,–
Navi Nifty 500 Multicap 50 25 25IdxRegGr,–,–,–,–,–,–
Navi Nifty Ind Manufacturing Idx Dir Gr,–,–,–,–,–,–
Navi Nifty Ind Manufacturing Idx Reg Gr,–,–,–,–,–,–
Navi Nifty IT Index Direct Growth,–,–,–,–,–,–
Navi Nifty IT Index Regular Growth,–,–,–,–,–,–
Navi Nifty Smcp250 Momt Qul 100 IdxDirGr,–,–,–,–,–,–
Navi US Total Stock Market FoF Dir Gr,–,–,–,–,16.8,0.62
Navi US Total Stock Market FoF Reg Gr,–,–,–,–,16.81,0.62
Nippon India Active Momentum Dir Gr,–,–,–,–,–,–
Nippon India Active Momentum Dir IDCW-P,–,–,–,–,–,–
Nippon India Active Momentum Dir IDCW-R,–,–,–,–,–,–
Nippon India Active Momentum Reg Gr,–,–,–,–,–,–
Nippon India Active Momentum Reg IDCW-P,–,–,–,–,–,–
Nippon India Active Momentum Reg IDCW-R,–,–,–,–,–,–
Nippon India Arbitrage Dir Gr,–,–,–,–,0.52,1.55
Nippon India Arbitrage Dir Mn IDCW-P,–,–,–,–,0.52,1.56
Nippon India Arbitrage Dir Mn IDCW-R,–,–,–,–,0.52,1.56
Nippon India Arbitrage Dir IDCW-P,–,–,–,–,0.52,1.56
Nippon India Arbitrage Dir IDCW-R,–,–,–,–,0.52,1.56
Nippon India Arbitrage Gr,–,–,–,–,0.52,-0.18
Nippon India Arbitrage Mn IDCW-P,–,–,–,–,0.52,-0.18
Nippon India Arbitrage Mn IDCW-R,–,–,–,–,0.52,-0.18
Nippon India Arbitrage IDCW-P,–,–,–,–,0.52,-0.18
Nippon India Arbitrage IDCW-R,–,–,–,–,0.52,-0.18
Nippon India Balanced Adv Bns,Average,–,–,–,7.42,0.88
Nippon India Balanced Adv Dir Gr,Average,–,–,–,7.42,1.05
Nippon India Balanced Adv Dir IDCW-P,Above Average,–,–,–,7.42,1.05
Nippon India Balanced Adv Dir IDCW-R,Above Average,–,–,–,7.42,1.05
Nippon India Balanced Adv Gr,Average,–,–,–,7.42,0.88
Nippon India Balanced Adv IDCW-P,Average,–,–,–,7.42,0.88
Nippon India Balanced Adv IDCW-R,Average,–,–,–,7.42,0.88
Nippon India Crdt Rsk Sgtd Ptf 1 Dir Gr,–,–,–,–,–,–
Nippon India Crdt Rsk Sgtd Ptf 1 DirIDCW,–,–,–,–,–,–
Nippon India Crdt Rsk Sgtd Ptf1DirQtIDCW,–,–,–,–,–,–
Nippon India Crdt Rsk Sgtd Ptf 1 Gr,–,–,–,–,–,–
Nippon India Crdt Rsk Sgtd Ptf 1 IDCW,–,–,–,–,–,–
Nippon India Crdt Rsk Sgtd Ptf 1 InstlGr,–,–,–,–,–,–
Nippon India Crdt Rsk Sgtd Ptf 1 Qt IDCW,–,–,–,–,–,–
Nippon India Crdt Rsk Sgtd Ptf 1QtIDCW-R,–,–,–,–,–,–
Nippon India Crdt Rsk Sgtd Ptf 2 Dir Gr,–,–,–,–,–,–
Nippon India Crdt Rsk Sgtd Ptf 2 DirIDCW,–,–,–,–,–,–
Nippon India Crdt Rsk Sgtd Pt2DirQtIDCW,–,–,–,–,–,–
Nippon India Crdt Rsk SgtdPt2DirQtIDCW-R,–,–,–,–,–,–
Nippon India Crdt Rsk Sgtd Ptf 2 Qt IDCW,–,–,–,–,–,–
Nippon India Crdt Rsk Sgtd Ptf 2 Gr,–,–,–,–,–,–
Nippon India Crdt Rsk Sgtd Ptf 2 IDCW,–,–,–,–,–,–
Nippon India Crdt Rsk Sgtd Ptf 2 InstlGr,–,–,–,–,–,–
NipponIndiaCRISILIBXAAAFnclSvcs26DrGr,–,–,–,–,–,–
NipponIndiaCRISILIBXAAAFnclSvcs26DrIDCWP,–,–,–,–,–,–
NipponIndiaCRISILIBXAAAFnclSvcs26DrIDCWR,–,–,–,–,–,–
NipponIndiaCRISILIBXAAAFnclSvcs26RgGr,–,–,–,–,–,–
NipponIndiaCRISILIBXAAAFnclSvcs26RgIDCWP,–,–,–,–,–,–
NipponIndiaCRISILIBXAAAFnclSvcs26RgIDCWR,–,–,–,–,–,–
NipponIndiaCRISILIBXAAAFnclSvcs28DrGr,–,–,–,–,–,–
NipponIndiaCRISILIBXAAAFnclSvcs28DrIDCWP,–,–,–,–,–,–
NipponIndiaCRISILIBXAAAFnclSvcs28DrIDCWR,–,–,–,–,–,–
NipponIndiaCRISILIBXAAAFnclSvcs28RgGr,–,–,–,–,–,–
NipponIndiaCRISILIBXAAAFnclSvcs28RgIDCWP,–,–,–,–,–,–
NipponIndiaCRISILIBXAAAFnclSvcs28RgIDCWR,–,–,–,–,–,–
Nippon India Eq Hybr Sgrgtd Ptf 2 Dir Gr,–,–,–,–,–,–
Nippon India Eq Hybr Sgrtd Ptf 2DirIDCW,–,–,–,–,–,–
Nippon India Eq Hybr Sgrtd Ptf2DirMnIDCW,–,–,–,–,–,–
Nippon India Eq Hybr Sgrtd Ptf2DirQtIDCW,–,–,–,–,–,–
Nippon India Eq Hybr Sgrgtd Ptf 2 Gr,–,–,–,–,–,–
Nippon India Eq Hybr Sgrtd Ptf 2 IDCW,–,–,–,–,–,–
Nippon India Eq Hybr Sgrtd Ptf 2MnIDCW,–,–,–,–,–,–
Nippon India Eq Hybr Sgrtd Ptf 2MnIDCW-R,–,–,–,–,–,–
Nippon India Eq Hybr Sgrtd Ptf 2 QtIDCW,–,–,–,–,–,–
Nippon India Eq Hybr Sgrtd Ptf 2QtIDCW-R,–,–,–,–,–,–
Nippon India Eq Hybr Sgrtd Ptf 2 IDCW-R,–,–,–,–,–,–
Nippon India Equity Savings Bns,Above Average,–,–,–,3.88,0.62
Nippon India Equity Savings Dir Bns,Above Average,–,–,–,3.87,0.86
Nippon India Equity Savings Dir Gr,Above Average,–,–,–,3.87,0.86
Nippon India Equity Savings Dir MnIDCW-P,Above Average,–,–,–,3.88,0.86
Nippon India Equity Savings Dir MnIDCW-R,Above Average,–,–,–,3.88,0.86
Nippon India Equity Savings Dir IDCW-P,Above Average,–,–,–,3.88,0.86
Nippon India Equity Savings Dir QtIDCW-P,Above Average,–,–,–,3.87,0.86
Nippon India Equity Savings Dir QtIDCW-R,Above Average,–,–,–,3.87,0.86
Nippon India Equity Savings Dir IDCW-R,Above Average,–,–,–,3.88,0.86
Nippon India Equity Savings Gr,Above Average,–,–,–,3.88,0.62
Nippon India Equity Savings Mn IDCW-P,Above Average,–,–,–,3.88,0.62
Nippon India Equity Savings Mn IDCW-R,Above Average,–,–,–,3.88,0.62
Nippon India Equity Savings IDCW-P,Above Average,–,–,–,3.88,0.62
Nippon India Equity Savings Qt IDCW-P,Above Average,–,–,–,3.88,0.62
Nippon India Equity Savings Qt IDCW-R,Above Average,–,–,–,3.88,0.62
Nippon India Equity Savings IDCW-R,Above Average,–,–,–,3.88,0.62
Nippon India Eq Sav Sgrgtd Ptf 2DirGrBns,–,–,–,–,–,–
Nippon India Eq Sav Sgrgtd Ptf 2 DirGr,–,–,–,–,–,–
Nippon India Eq Sav Sgrgtd Ptf 2 DirIDCW,–,–,–,–,–,–
Nippon India Eq Sav Sgrgtd Ptf2DirMnIDCW,–,–,–,–,–,–
Nippon India Eq Sav Sgrgtd Ptf2DirQtIDCW,–,–,–,–,–,–
Nippon India Eq Sav Sgrgtd Ptf 2 Gr Bns,–,–,–,–,–,–
Nippon India Eq Sav Sgrgtd Ptf 2 Gr,–,–,–,–,–,–
Nippon India Eq Sav Sgrgtd Ptf 2 IDCW,–,–,–,–,–,–
Nippon India Eq Sav Sgrgtd Ptf 2 MnIDCW,–,–,–,–,–,–
Nippon India Eq Sav Sgrgtd Ptf 2 QtIDCW,–,–,–,–,–,–
Nippon India Gold Savings Dir Gr,–,–,–,–,11.82,1.18
Nippon India Gold Savings Dir IDCW-P,–,–,–,–,11.82,1.18
Nippon India Gold Savings Dir IDCW-R,–,–,–,–,11.82,1.18
Nippon India Gold Savings Gr,–,–,–,–,11.82,1.16
Nippon India Gold Savings IDCW-P,–,–,–,–,11.82,1.16
Nippon India Gold Savings IDCW-R,–,–,–,–,11.82,1.16
Nippon India Hybrid Bd Sgtd Ptf 1 Dir Gr,–,–,–,–,–,–
Nippon India Hybrid Bd SgtdPtf1DirMnIDCW,–,–,–,–,–,–
Nippon India Hybrid Bd SgtdPtf1DirQtIDCW,–,–,–,–,–,–
Nippon India Hybrid Bd Sgtd Ptf 1 Gr,–,–,–,–,–,–
Nippon India Hybrid Bd Sgtd Ptf 1 MnIDCW,–,–,–,–,–,–
Nippon India Hybrid Bd Sgtd Ptf 1 QtIDCW,–,–,–,–,–,–
Nippon India Hybrid Bd Sgtd Ptf 2 Dir Gr,–,–,–,–,–,–
Nippon India Hybrid Bd SgtdPtf2DirMnIDCW,–,–,–,–,–,–
Nippon India Hybrid Bd SgtdPtf2DirQtIDCW,–,–,–,–,–,–
Nippon India Hybrid Bd Sgtd Ptf 2 Gr,–,–,–,–,–,–
Nippon India Hybrid Bd Sgtd Ptf 2 MnIDCW,–,–,–,–,–,–
Nippon India Hybrid Bd Sgtd Ptf2MnIDCW-R,–,–,–,–,–,–
Nippon India Hybrid Bd Sgtd Ptf 2 QtIDCW,–,–,–,–,–,–
Nippon India Hybrid Bd Sgtd Ptf2QtIDCW-R,–,–,–,–,–,–
Nippon India Innovation Dir Gr,–,–,–,–,–,–
Nippon India Innovation Dir IDCW-P,–,–,–,–,–,–
Nippon India Innovation Dir IDCW-R,–,–,–,–,–,–
Nippon India Innovation Reg Gr,–,–,–,–,–,–
Nippon India Innovation Reg IDCW-P,–,–,–,–,–,–
Nippon India Innovation Reg IDCW-R,–,–,–,–,–,–
Nippon India Mltast Actv FoF Dir Gr,–,–,–,–,7.86,1.77
Nippon India Mltast Actv FoF Dir IDCW-P,–,–,–,–,7.86,1.77
Nippon India Mltast Actv FoF Dir IDCW-R,–,–,–,–,7.86,1.77
Nippon India Mltast Actv FoF Reg Gr,–,–,–,–,7.86,1.64
Nippon India Mltast Actv FoF Reg IDCW-P,–,–,–,–,7.86,1.64
Nippon India Mltast Actv FoF Reg IDCW-R,–,–,–,–,7.86,1.64
Nippon India Multi Asset Allc Dir Gr,–,–,–,–,8.77,1.36
Nippon India Multi Asset Allc Dir IDCW-P,–,–,–,–,8.77,1.36
Nippon India Multi Asset Allc Dir IDCW-R,–,–,–,–,8.77,1.36
Nippon India Multi Asset Allc Reg Gr,–,–,–,–,8.76,1.21
Nippon India Multi Asset Allc Reg IDCW-P,–,–,–,–,8.76,1.21
Nippon India Multi Asset Allc Reg IDCW-R,–,–,–,–,8.76,1.21
Nippon Ind Nifty 500 Eql Wtd Idx Dr Gr,–,–,–,–,–,–
Nippon Ind Nifty 500 Eql Wtd IdxDrIDCW-P,–,–,–,–,–,–
Nippon Ind Nifty 500 Eql Wtd IdxDrIDCW-R,–,–,–,–,–,–
Nippon Ind Nifty 500 Eql Wtd Idx Rg Gr,–,–,–,–,–,–
Nippon Ind Nifty 500 Eql Wtd IdxRgIDCW-P,–,–,–,–,–,–
Nippon Ind Nifty 500 Eql Wtd IdxRgIDCW-R,–,–,–,–,–,–
Nippon Ind Nifty 500 Lw Vl 50 Idx Dr Gr,–,–,–,–,–,–
Nippon Ind Nifty 500 Lw Vl 50IdxDrIDCW-P,–,–,–,–,–,–
Nippon Ind Nifty 500 Lw Vl 50IdxDrIDCW-R,–,–,–,–,–,–
Nippon Ind Nifty 500 Lw Vl 50 Idx Rg Gr,–,–,–,–,–,–
Nippon Ind Nifty 500 Lw Vl 50IdxRgIDCW-P,–,–,–,–,–,–
Nippon Ind Nifty 500 Lw Vl 50IdxRgIDCW-R,–,–,–,–,–,–
Nippon Ind Nifty 500 Momt 50 IdxDrGr,–,–,–,–,–,–
Nippon Ind Nifty 500 Momt 50 IdxDrIDCW-P,–,–,–,–,–,–
Nippon Ind Nifty 500 Momt 50 IdxDrIDCW-R,–,–,–,–,–,–
Nippon Ind Nifty 500 Momt 50 IdxRgGr,–,–,–,–,–,–
Nippon Ind Nifty 500 Momt 50 IdxRgIDCW-P,–,–,–,–,–,–
Nippon Ind Nifty 500 Momt 50 IdxRgIDCW-R,–,–,–,–,–,–
Nippon Ind Nifty 500 Qul 50 Idx Dr Gr,–,–,–,–,–,–
Nippon Ind Nifty 500 Qul 50 Idx DrIDCW-P,–,–,–,–,–,–
Nippon Ind Nifty 500 Qul 50 Idx DrIDCW-R,–,–,–,–,–,–
Nippon Ind Nifty 500 Qul 50 Idx Rg Gr,–,–,–,–,–,–
Nippon Ind Nifty 500 Qul 50 Idx RgIDCW-P,–,–,–,–,–,–
Nippon Ind Nifty 500 Qul 50 Idx RgIDCW-R,–,–,–,–,–,–
Nippon Ind Nfty AAA CPSE BPA27 Dr Gr,–,–,–,–,1.21,0.81
Nippon Ind Nfty AAA CPSE BPA27 Dr IDCW-P,–,–,–,–,1.69,0.05
Nippon Ind Nfty AAA CPSE BPA27 Dr IDCW-R,–,–,–,–,1.69,0.05
Nippon Ind Nfty AAA CPSE BPA27 Rg Gr,–,–,–,–,1.22,0.66
Nippon Ind Nfty AAA CPSE BPA27 Rg IDCW-P,–,–,–,–,1.61,-0.02
Nippon Ind Nfty AAA CPSE BPA27 Rg IDCW-R,–,–,–,–,1.61,-0.02
Nippon Ind Nfty AAA PSU BPS26 Dr Gr,–,–,–,–,–,–
Nippon Ind Nfty AAA PSU BPS26 Dr IDCW-P,–,–,–,–,–,–
Nippon Ind Nfty AAA PSU BPS26 Dr IDCW-R,–,–,–,–,–,–
Nippon Ind Nfty AAA PSU BPS26 Rg Gr,–,–,–,–,–,–
Nippon Ind Nfty AAA PSU BPS26 Rg IDCW-P,–,–,–,–,–,–
Nippon Ind Nfty AAA PSU BPS26 Rg IDCW-R,–,–,–,–,–,–
Nippon Ind Nifty Alp Lw Vol30 Dir Gr,–,–,–,–,–,–
Nippon Ind Nifty Alp Lw Vol30 Dir IDCW-P,–,–,–,–,–,–
Nippon Ind Nifty Alp Lw Vol30 Dir IDCW-R,–,–,–,–,–,–
Nippon Ind Nifty Alp Lw Vol30 Reg Gr,–,–,–,–,–,–
Nippon Ind Nifty Alp Lw Vol30 Reg IDCW-P,–,–,–,–,–,–
Nippon Ind Nifty Alp Lw Vol30 Reg IDCW-R,–,–,–,–,–,–
Nippon India Nifty Auto Idx Dir Gr,–,–,–,–,–,–
Nippon India Nifty Auto Idx Dir IDCW-P,–,–,–,–,–,–
Nippon India Nifty Auto Idx Dir IDCW-R,–,–,–,–,–,–
Nippon India Nifty Auto Idx Reg Gr,–,–,–,–,–,–
Nippon India Nifty Auto Idx Reg IDCW-P,–,–,–,–,–,–
Nippon India Nifty Auto Idx Reg IDCW-R,–,–,–,–,–,–
Nippon India Nifty Bank Index Dir Gr,–,–,–,–,–,–
Nippon India Nifty Bank Index Dir IDCW-P,–,–,–,–,–,–
Nippon India Nifty Bank Index Dir IDCW-R,–,–,–,–,–,–
Nippon India Nifty Bank Index Reg Gr,–,–,–,–,–,–
Nippon India Nifty Bank Index Reg IDCW-P,–,–,–,–,–,–
Nippon India Nifty Bank Index Reg IDCW-R,–,–,–,–,–,–
Nippon Ind Nifty GSec 0636 Mat Dr Gr,–,–,–,–,–,–
Nippon Ind Nifty GSec 0636 Mat Dr IDCW-P,–,–,–,–,–,–
Nippon Ind Nifty GSec 0636 Mat Dr IDCW-R,–,–,–,–,–,–
Nippon Ind Nifty GSec 0636 Mat Rg Gr,–,–,–,–,–,–
Nippon Ind Nifty GSec 0636 Mat Rg IDCW-P,–,–,–,–,–,–
Nippon Ind Nifty GSec 0636 Mat RegIDCW-R,–,–,–,–,–,–
Nippon Ind Nifty GSec 2028 Mat Dr Gr,–,–,–,–,–,–
Nippon Ind Nifty GSec 2028 Mat Dr IDCW-P,–,–,–,–,–,–
Nippon Ind Nifty GSec 2028 Mat Dr IDCW-R,–,–,–,–,–,–
Nippon Ind Nifty GSec 2028 Mat Rg Gr,–,–,–,–,–,–
Nippon Ind Nifty GSec 2028 Mat Rg IDCW-P,–,–,–,–,–,–
Nippon Ind Nifty GSec 2028 Mat Rg IDCW-R,–,–,–,–,–,–
Nippon Ind Nifty GSec 0927 Mat Dr Gr,–,–,–,–,–,–
Nippon Ind Nifty GSec 0927 Mat Dr IDCW-P,–,–,–,–,–,–
Nippon Ind Nifty GSec 0927 Mat Dr IDCW-R,–,–,–,–,–,–
Nippon Ind Nifty GSec 0927 Mat Reg Gr,–,–,–,–,–,–
Nippon Ind Nifty GSec 0927 Mat RegIDCW-P,–,–,–,–,–,–
Nippon Ind Nifty GSec 0927 Mat RegIDCW-R,–,–,–,–,–,–
Nippon India Nifty IT Index Dir Gr,–,–,–,–,–,–
Nippon India Nifty IT Index Dir IDCW-P,–,–,–,–,–,–
Nippon India Nifty IT Index Dir IDCW-R,–,–,–,–,–,–
Nippon India Nifty IT Index Reg Gr,–,–,–,–,–,–
Nippon India Nifty IT Index Reg IDCW-P,–,–,–,–,–,–
Nippon India Nifty IT Index Reg IDCW-R,–,–,–,–,–,–
Nippon India Nifty Realty Idx Dir Gr,–,–,–,–,–,–
Nippon India Nifty Realty Idx Dir IDCW-P,–,–,–,–,–,–
Nippon India Nifty Realty Idx Dir IDCW-R,–,–,–,–,–,–
Nippon India Nifty Realty Idx Reg Gr,–,–,–,–,–,–
Nippon India Nifty Realty Idx Reg IDCW-P,–,–,–,–,–,–
Nippon India Nifty Realty Idx Reg IDCW-R,–,–,–,–,–,–
Nippon Ind Nfty SDLP GSec 0628 Dr Gr,–,–,–,–,–,–
Nippon Ind Nfty SDLP GSec 0628 Dr IDCW-P,–,–,–,–,–,–
Nippon Ind Nfty SDLP GSec 0628 Dr IDCW-R,–,–,–,–,–,–
Nippon Ind Nfty SDLP GSec 0628 Rg Gr,–,–,–,–,–,–
Nippon Ind Nfty SDLP GSec 0628 Rg IDCW-P,–,–,–,–,–,–
Nippon Ind Nfty SDLP GSec 0628 Rg IDCW-R,–,–,–,–,–,–
Nippon Ind Nfty SDLP GSec 0629 Dr Gr,–,–,–,–,–,–
Nippon Ind Nfty SDLP GSec 0629 Dr IDCW-P,–,–,–,–,–,–
Nippon Ind Nfty SDLP GSec 0629 Dr IDCW-R,–,–,–,–,–,–
Nippon Ind Nfty SDLP GSec 0629 Rg Gr,–,–,–,–,–,–
Nippon Ind Nfty SDLP GSec 0629 Rg IDCW-P,–,–,–,–,–,–
Nippon Ind Nfty SDLP GSec 0629 Rg IDCW-R,–,–,–,–,–,–
Nippon India Silver ETF FOF Dir Gr,–,–,–,–,20.71,0.47
Nippon India Silver ETF FOF Dir IDCW-P,–,–,–,–,20.71,0.47
Nippon India Silver ETF FOF Dir IDCW-R,–,–,–,–,20.71,0.47
Nippon India Silver ETF FOF Reg Gr,–,–,–,–,20.71,0.45
Nippon India Silver ETF FOF Reg IDCW-P,–,–,–,–,20.71,0.45
Nippon India Silver ETF FOF Reg IDCW-R,–,–,–,–,20.71,0.45
Nippon India Strat Dbt Sgtd Ptf 1 Bns,–,–,–,–,–,–
Nippon India Strat Dbt Sgtd Ptf 1 DirBns,–,–,–,–,–,–
Nippon India Strat Dbt Sgtd Ptf 1 Dir Gr,–,–,–,–,–,–
Nippon India Strat Dbt Sgtd Ptf 1DirIDCW,–,–,–,–,–,–
Nippon India Strat Dbt SgtdPtf1DirQtIDCW,–,–,–,–,–,–
Nippon India Strat Dbt Sgtd Ptf 1 Gr,–,–,–,–,–,–
Nippon India Strat Dbt Sgtd Ptf 1 IDCW,–,–,–,–,–,–
Nippon India Strat Dbt Sgtd Ptf 1 QtIDCW,–,–,–,–,–,–
Nippon India Strat Dbt Sgtd Ptf 2 Bns,–,–,–,–,–,–
Nippon India Strat Dbt Sgtd Ptf 2 DirBns,–,–,–,–,–,–
Nippon India Strat Dbt Sgtd Ptf 2 Dir Gr,–,–,–,–,–,–
Nippon India Strat Dbt Sgtd Ptf 2DirIDCW,–,–,–,–,–,–
Nippon India Strat Dbt SgtdPtf2DirQtIDCW,–,–,–,–,–,–
Nippon India Strat Dbt Sgtd Ptf 2 Gr,–,–,–,–,–,–
Nippon India Strat Dbt Sgtd Ptf 2 IDCW,–,–,–,–,–,–
Nippon India Strat Dbt Sgtd Ptf 2 QtIDCW,–,–,–,–,–,–
Nippon India Strat Dbt Sgtd Ptf2QtIDCW-R,–,–,–,–,–,–
Nippon India Strat Dbt Sgtd Ptf 2 IDCW-R,–,–,–,–,–,–
Nippon India Taiwan Equity Dir Gr,–,–,–,–,29.86,0.31
Nippon India Taiwan Equity Dir IDCW-P,–,–,–,–,29.86,0.31
Nippon India Taiwan Equity Dir IDCW-R,–,–,–,–,29.86,0.31
Nippon India Taiwan Equity Reg Gr,–,–,–,–,29.83,0.27
Nippon India Taiwan Equity Reg IDCW-P,–,–,–,–,29.83,0.27
Nippon India Taiwan Equity Reg IDCW-R,–,–,–,–,29.83,0.27
Nippon India U/STDur SgtdPtf1DlIDCW-R,–,–,–,–,–,–
Nippon India U/STDur SgtdPtf1DirDlIDCW-R,–,–,–,–,–,–
Nippon India U/STDur SgtdPtf1DirMnIDCW-P,–,–,–,–,–,–
Nippon India U/STDur SgtdPtf1DirMnIDCW-R,–,–,–,–,–,–
Nippon India U/STDur SgtdPtf1DirQtIDCW-P,–,–,–,–,–,–
Nippon India U/STDur SgtdPtf1DirWkIDCW-R,–,–,–,–,–,–
Nippon India U/STDur SgtdPtf1MnIDCW-P,–,–,–,–,–,–
Nippon India U/STDur Sgrgtd Ptf1MnIDCW-R,–,–,–,–,–,–
Nippon India U/STDur SgtdPtf1QtIDCW-P,–,–,–,–,–,–
Nippon India U/STDur Sgrgtd Ptf1QtIDCW-R,–,–,–,–,–,–
Nippon India U/STDur SgtdPtf1WkIDCW-R,–,–,–,–,–,–
Nippon India U/STDur Sgrgtd Ptf 1 Gr,–,–,–,–,–,–
Nippon India U/STDur SgtdPtf1DirQtIDCW-R,–,–,–,–,–,–
NJ Arbitrage Dir Gr,–,–,–,–,–,–
NJ Arbitrage Reg Gr,–,–,–,–,–,–
NJ Balanced Advantage Dir Gr,Above Average,–,–,–,9.12,0.76
NJ Balanced Advantage Dir IDCW-P,Above Average,–,–,–,9.12,0.76
NJ Balanced Advantage Reg Gr,Above Average,–,–,–,9.06,0.63
NJ Balanced Advantage Reg IDCW-P,Above Average,–,–,–,9.06,0.63
NJ ELSS Tax Saver Scheme Dir Gr,–,–,–,–,–,–
NJ ELSS Tax Saver Scheme Dir IDCW-P,–,–,–,–,–,–
NJ ELSS Tax Saver Scheme Reg Gr,–,–,–,–,–,–
NJ ELSS Tax Saver Scheme Reg IDCW-P,–,–,–,–,–,–
NJ Flexi Cap Dir Gr,–,–,–,–,–,–
NJ Flexi Cap Dir IDCW-P,–,–,–,–,–,–
NJ Flexi Cap Reg Gr,–,–,–,–,–,–
NJ Flexi Cap Reg IDCW-P,–,–,–,–,–,–
NJ Overnight Dir Gr,–,–,–,–,–,–
NJ Overnight Reg Gr,–,–,–,–,–,–
NJ Overnight Unclaimd Rdmpt PlnUpto 3 Yr,–,–,–,–,–,–
Old Bridge Focused Equity Dir Gr,–,–,–,–,–,–
Old Bridge Focused Equity Dir IDCW-P,–,–,–,–,–,–
Old Bridge Focused Equity Dir IDCW-R,–,–,–,–,–,–
Old Bridge Focused Equity Reg Gr,–,–,–,–,–,–
Old Bridge Focused Equity Reg IDCW-P,–,–,–,–,–,–
Old Bridge Focused Equity Reg IDCW-R,–,–,–,–,–,–
Quant BFSI Dir IDCW-R,–,–,–,–,–,–
Parag Parikh Arbitrage Dir Gr,–,–,–,–,–,–
Parag Parikh Arbitrage Reg Gr,–,–,–,–,–,–
Parag Parikh Dyn Ast Allc Dir Gr,–,–,–,–,–,–
Parag Parikh Dyn Ast Allc Dir MlyIDCW-P,–,–,–,–,–,–
Parag Parikh Dyn Ast Allc Dir MlyIDCW-R,–,–,–,–,–,–
Parag Parikh Dyn Ast Allc Reg Gr,–,–,–,–,–,–
Parag Parikh Dyn Ast Allc Reg MlyIDCW-P,–,–,–,–,–,–
Parag Parikh Dyn Ast Allc Reg MlyIDCW-R,–,–,–,–,–,–
PGIM India Arbitrage Dir Ann IDCW-P,–,–,–,–,1.02,-0.3
PGIM India Arbitrage Dir Ann IDCW-R,–,–,–,–,1.02,-0.3
PGIM India Arbitrage Dir Gr,–,–,–,–,0.54,0.83
PGIM India Arbitrage Dir HY IDCW-P,–,–,–,–,–,–
PGIM India Arbitrage Dir HY IDCW-R,–,–,–,–,–,–
PGIM India Arbitrage Dir Mn IDCW-P,–,–,–,–,0.68,0.18
PGIM India Arbitrage Dir Mn IDCW-R,–,–,–,–,0.68,0.18
PGIM India Arbitrage Dir Qt IDCW-P,–,–,–,–,1.9,–
PGIM India Arbitrage Dir Qt IDCW-R,–,–,–,–,1.9,–
PGIM India Arbitrage Dir Rg IDCW-P,–,–,–,–,0.56,0.13
PGIM India Arbitrage Dir Rg IDCW-R,–,–,–,–,0.56,0.13
PGIM India Arbitrage Reg Ann IDCW-P,–,–,–,–,0.91,-0.95
PGIM India Arbitrage Reg Ann IDCW-R,–,–,–,–,0.91,-0.95
PGIM India Arbitrage Reg Gr,–,–,–,–,0.54,-0.72
PGIM India Arbitrage Reg Mn IDCW-P,–,–,–,–,0.68,-0.95
PGIM India Arbitrage Reg Mn IDCW-R,–,–,–,–,0.68,-0.95
PGIM India Arbitrage Reg Qt IDCW-P,–,–,–,–,1.69,–
PGIM India Arbitrage Reg Qt IDCW-R,–,–,–,–,1.69,–
PGIM India Arbitrage Reg Rg IDCW-P,–,–,–,–,0.55,-1.23
PGIM India Arbitrage Reg Rg IDCW-R,–,–,–,–,0.55,-1.23
PGIM India Balanced Advantage Dir Gr,Above Average,–,–,–,9.29,0.7
PGIM India Balanced Advantage Dir IDCW-P,Above Average,–,–,–,9.22,0.62
PGIM India Balanced Advantage Dir IDCW-R,Above Average,–,–,–,9.22,0.62
PGIM India Balanced Advantage Reg Gr,Above Average,–,–,–,9.25,0.51
PGIM India Balanced Advantage Reg IDCW-P,Above Average,–,–,–,9.16,0.46
PGIM India Balanced Advantage Reg IDCW-R,Above Average,–,–,–,9.16,0.46
PGIM India CRISIL IBX Glt 0428 Dir Gr,–,–,–,–,–,–
PGIM India CRISIL IBX Glt 0428 DirIDCW-P,–,–,–,–,–,–
PGIM India CRISIL IBX Glt 0428 DirIDCW-R,–,–,–,–,–,–
PGIM India CRISIL IBX Glt 0428 Reg Gr,–,–,–,–,–,–
PGIM India CRISIL IBX Glt 0428 RegIDCW-P,–,–,–,–,–,–
PGIM India CRISIL IBX Glt 0428 RegIDCW-R,–,–,–,–,–,–
PGIM India Equity Sav Ann IDCW-P,Low,–,–,–,2.26,0.01
PGIM India Equity Sav Ann IDCW-R,Low,–,–,–,2.26,0.01
PGIM India Equity Sav Dr Pl Ann IDCW-P,Low,–,–,–,2.26,0.4
PGIM India Equity Sav Dr Pl Ann IDCW-R,Low,–,–,–,2.26,0.4
PGIM India Equity Sav Dr Pl Gr,Below Average,–,–,–,2.31,0.56
PGIM India Equity Sav Dir HY IDCW-P,–,–,–,–,–,–
PGIM India Equity Sav Dir HY IDCW-R,–,–,–,–,–,–
PGIM India Equity Sav Dr Pl Mn IDCW-P,Low,–,–,–,2.33,0.45
PGIM India Equity Sav Dr Pl Mn IDCW-R,Low,–,–,–,2.33,0.45
PGIM India Equity Sav Dr Pl Qt IDCW-P,–,–,–,–,8.79,0.19
PGIM India Equity Sav Dr Pl Qt IDCW-R,–,–,–,–,8.79,0.19
PGIM India Equity Sav Dr Reg IDCW-P,–,–,–,–,–,–
PGIM India Equity Sav Dr Reg IDCW-R,–,–,–,–,–,–
PGIM India Equity Sav Gr Opt,Below Average,–,–,–,2.31,0.21
PGIM India Equity Sav Mn IDCW-P,Below Average,–,–,–,2.33,0.12
PGIM India Equity Sav Mn IDCW-R,Below Average,–,–,–,2.33,0.12
PGIM India Equity Sav Qt IDCW-P,–,–,–,–,8.51,0.08
PGIM India Equity Sav Qt IDCW-R,–,–,–,–,8.51,0.08
PGIM India Equity Sav Reg IDCW,–,–,–,–,–,–
PGIM India Equity Sav Reg IDCW-R,–,–,–,–,–,–
PGIM India Healthcare Dir Gr,–,–,–,–,–,–
PGIM India Healthcare Dir IDCW-P,–,–,–,–,–,–
PGIM India Healthcare Dir IDCW-R,–,–,–,–,–,–
PGIM India Healthcare Reg Gr,–,–,–,–,–,–
PGIM India Healthcare Reg IDCW-P,–,–,–,–,–,–
PGIM India Healthcare Reg IDCW-R,–,–,–,–,–,–
PGIM India Hyb Eq Dir An IDCW-P,–,–,–,–,–,–
PGIM India Hyb Eq Dir An IDCW-R,–,–,–,–,–,–
PGIM India Hyb Eq Reg Ann IDCW-P,–,–,–,–,–,–
PGIM India Hyb Eq Reg Ann IDCW-R,–,–,–,–,–,–
PGIM India Large and Mid Cap Dir Gr,–,–,–,–,–,–
PGIM India Large and Mid Cap Dir IDCW-P,–,–,–,–,–,–
PGIM India Large and Mid Cap Dir IDCW-R,–,–,–,–,–,–
PGIM India Large and Mid Cap Reg Gr,–,–,–,–,–,–
PGIM India Large and Mid Cap Reg IDCW-P,–,–,–,–,–,–
PGIM India Large and Mid Cap Reg IDCW-R,–,–,–,–,–,–
PGIM India Liquid Unclmd Div > 3 Yrs,–,–,–,–,–,–
PGIM India Liquid Unclmd Red < 3 Yrs,–,–,–,–,–,–
PGIM India Money Market Reg Wk IDCW-R,–,–,–,–,0.85,-0.56
PGIM India Mny Mkt Sgtd Ptf 1 DirAnnIDCW,–,–,–,–,–,–
PGIM India Mny Mkt Sgtd Ptf 1 Dir Gr,–,–,–,–,–,–
PGIM India Mny Mkt Sgtd Ptf 1 Dir MnIDCW,–,–,–,–,–,–
PGIM India Mny Mkt Sgtd Ptf 1DirQtlyIDCW,–,–,–,–,–,–
PGIM India Mny Mkt Sgtd Ptf 1 RegAnnIDCW,–,–,–,–,–,–
PGIM India Mny Mkt Sgtd Ptf 1 Reg Gr,–,–,–,–,–,–
PGIM India Mny Mkt Sgtd Ptf 1 Reg MnIDCW,–,–,–,–,–,–
PGIM India Mny Mkt Sgtd Ptf 1RegQtlyIDCW,–,–,–,–,–,–
PGIM India Multi Cap Dir Gr,–,–,–,–,–,–
PGIM India Multi Cap Dir IDCW-P,–,–,–,–,–,–
PGIM India Multi Cap Dir IDCW-R,–,–,–,–,–,–
PGIM India Multi Cap Reg Gr,–,–,–,–,–,–
PGIM India Multi Cap Reg IDCW-P,–,–,–,–,–,–
PGIM India Multi Cap Reg IDCW-R,–,–,–,–,–,–
PGIM India Retirement Dir Gr,–,–,–,–,–,–
PGIM India Retirement Dir IDCW-P,–,–,–,–,–,–
PGIM India Retirement Reg Gr,–,–,–,–,–,–
PGIM India Retirement Reg IDCW-P,–,–,–,–,–,–
PGIM India Ultra S/D Ann IDCW-P,–,–,–,–,0.58,9.22
Quant Arbitrage Dir Gr,–,–,–,–,–,–
Quant Arbitrage Dir IDCW-P,–,–,–,–,–,–
Quant Arbitrage Dir IDCW-R,–,–,–,–,–,–
Quant Arbitrage Reg Gr,–,–,–,–,–,–
Quant Arbitrage Reg IDCW-P,–,–,–,–,–,–
Quant Arbitrage Reg IDCW-R,–,–,–,–,–,–
Quant BFSI Dir IDCW-P,–,–,–,–,–,–
Quant BFSI Dir Gr,–,–,–,–,–,–
Quant BFSI Reg Gr,–,–,–,–,–,–
Quant BFSI Reg IDCW-P,–,–,–,–,–,–
Quant BFSI Reg IDCW-R,–,–,–,–,–,–
Quant Business Cycle Dir Gr,–,–,–,–,–,–
Quant Business Cycle Dir IDCW-P,–,–,–,–,–,–
Quant Business Cycle Dir IDCW-R,–,–,–,–,–,–
Quant Business Cycle Reg Gr,–,–,–,–,–,–
Quant Business Cycle Reg IDCW-P,–,–,–,–,–,–
Quant Business Cycle Reg IDCW-R,–,–,–,–,–,–
Quant Commodities Dir Gr,–,–,–,–,–,–
Quant Commodities Dir IDCW-P,–,–,–,–,–,–
Quant Commodities Dir IDCW-R,–,–,–,–,–,–
Quant Commodities Reg Gr,–,–,–,–,–,–
Quant Commodities Reg IDCW-P,–,–,–,–,–,–
Quant Commodities Reg IDCW-R,–,–,–,–,–,–
Quant Consumption Dir Gr,–,–,–,–,–,–
Quant Consumption Dir IDCW-P,–,–,–,–,–,–
Quant Consumption Dir IDCW-R,–,–,–,–,–,–
Quant Consumption Reg Gr,–,–,–,–,–,–
Quant Consumption Reg IDCW-P,–,–,–,–,–,–
Quant Consumption Reg IDCW-R,–,–,–,–,–,–
Quant Dynamic Asset Allocation Dr Gr,–,–,–,–,–,–
Quant Dynamic Asset Allocation Dr IDCW-P,–,–,–,–,–,–
Quant Dynamic Asset Allocation Dr IDCW-R,–,–,–,–,–,–
Quant Dynamic Asset Allocation Rg Gr,–,–,–,–,–,–
Quant Dynamic Asset Allocation Rg IDCW-P,–,–,–,–,–,–
Quant Dynamic Asset Allocation Rg IDCW-R,–,–,–,–,–,–
Quant Gilt Dir Gr,–,–,–,–,–,–
Quant Gilt Dir IDCW-P,–,–,–,–,–,–
Quant Gilt Dir IDCW-R,–,–,–,–,–,–
Quant Gilt Reg Gr,–,–,–,–,–,–
Quant Gilt Reg IDCW-P,–,–,–,–,–,–
Quant Gilt Reg IDCW-R,–,–,–,–,–,–
Quant Healthcare Dir Gr,–,–,–,–,–,–
Quant Healthcare Dir IDCW-P,–,–,–,–,–,–
Quant Healthcare Dir IDCW-R,–,–,–,–,–,–
Quant Healthcare Reg Gr,–,–,–,–,–,–
Quant Healthcare Reg IDCW-P,–,–,–,–,–,–
Quant Healthcare Reg IDCW-R,–,–,–,–,–,–
Quant Large Cap Dir Gr,–,–,–,–,–,–
Quant Large Cap Dir IDCW-P,–,–,–,–,–,–
Quant Large Cap Dir IDCW-R,–,–,–,–,–,–
Quant Large Cap Reg Gr,–,–,–,–,–,–
Quant Large Cap Reg IDCW-P,–,–,–,–,–,–
Quant Large Cap Reg IDCW-R,–,–,–,–,–,–
Quant Manufacturing Dir Gr,–,–,–,–,–,–
Quant Manufacturing Dir IDCW-P,–,–,–,–,–,–
Quant Manufacturing Dir IDCW-R,–,–,–,–,–,–
Quant Manufacturing Reg Gr,–,–,–,–,–,–
Quant Manufacturing Reg IDCW-P,–,–,–,–,–,–
Quant Manufacturing Reg IDCW-R,–,–,–,–,–,–
Quant Momentum Dir Gr,–,–,–,–,–,–
Quant Momentum Dir IDCW-P,–,–,–,–,–,–
Quant Momentum Dir IDCW-R,–,–,–,–,–,–
Quant Momentum Reg Gr,–,–,–,–,–,–
Quant Momentum Reg IDCW-P,–,–,–,–,–,–
Quant Momentum Reg IDCW-R,–,–,–,–,–,–
Quant Multi Asset Gr,–,–,–,–,12.15,1.14
Quant Multi Asset Dir Gr,–,–,–,–,12.16,1.26
Quant Multi Asset IDCW-P,–,–,–,–,12.15,1.14
Quant Multi Asset Dir IDCW-P,–,–,–,–,12.16,1.26
Quant Multi Asset IDCW-R,–,–,–,–,12.15,1.14
Quant Multi Asset Dir IDCW-R,–,–,–,–,12.16,1.26
Quant Overnight Dir Gr,–,–,–,–,–,–
Quant Overnight Dir IDCW-P,–,–,–,–,–,–
Quant Overnight Dir IDCW-R,–,–,–,–,–,–
Quant Overnight Reg Gr,–,–,–,–,–,–
Quant Overnight Reg IDCW-P,–,–,–,–,–,–
Quant Overnight Reg IDCW-R,–,–,–,–,–,–
Quant PSU Dir Gr,–,–,–,–,–,–
Quant PSU Dir IDCW-P,–,–,–,–,–,–
Quant PSU Dir IDCW-R,–,–,–,–,–,–
Quant PSU Reg Gr,–,–,–,–,–,–
Quant PSU Reg IDCW-P,–,–,–,–,–,–
Quant PSU Reg IDCW-R,–,–,–,–,–,–
Quant Teck Dir Gr,–,–,–,–,–,–
Quant Teck Dir IDCW-P,–,–,–,–,–,–
Quant Teck Dir IDCW-R,–,–,–,–,–,–
Quant Teck Reg Gr,–,–,–,–,–,–
Quant Teck Reg IDCW-P,–,–,–,–,–,–
Quant Teck Reg IDCW-R,–,–,–,–,–,–
Quantum Ethical Dir Gr,–,–,–,–,–,–
Quantum Ethical Reg Gr,–,–,–,–,–,–
Quantum Gold Savings Dir Gr,–,–,–,–,11.92,1.19
Quantum Gold Savings Reg Gr,–,–,–,–,11.91,1.17
Quantum Multi Asset Allocation Dir Gr,–,–,–,–,–,–
Quantum Multi Asset Allocation Reg Gr,–,–,–,–,–,–
Quantum Multi Asset FoFs Dir Gr,–,–,–,–,5.09,1.22
Quantum Multi Asset FoFs Reg Gr,–,–,–,–,5.09,1.15
Quantum Nifty 50 ETF FoF Dir Gr,–,–,–,–,–,–
Quantum Nifty 50 ETF FoF Reg Gr,–,–,–,–,–,–
Quantum Small Cap Dir Gr,–,–,–,–,–,–
Quantum Small Cap Reg Gr,–,–,–,–,–,–
Samco Active Momentum Dir Gr,–,–,–,–,–,–
Samco Active Momentum Reg Gr,–,–,–,–,–,–
Samco Arbitrage Dir Gr,–,–,–,–,–,–
Samco Arbitrage Reg Gr,–,–,–,–,–,–
Samco Dynamic Asset Allc Dir Gr,–,–,–,–,–,–
Samco Dynamic Asset Allc Dir IDCW-P,–,–,–,–,–,–
Samco Dynamic Asset Allc Dir IDCW-R,–,–,–,–,–,–
Samco Dynamic Asset Allc Dir IDCW-T,–,–,–,–,–,–
Samco Dynamic Asset Allc Reg Gr,–,–,–,–,–,–
Samco Dynamic Asset Allc Reg IDCW-P,–,–,–,–,–,–
Samco Dynamic Asset Allc Reg IDCW-R,–,–,–,–,–,–
Samco Dynamic Asset Allc Reg IDCW-T,–,–,–,–,–,–
Samco ELSS Tax Saver Dir Gr,–,–,–,–,–,–
Samco ELSS Tax Saver Reg Gr,–,–,–,–,–,–
Samco Large Cap Dir Gr,–,–,–,–,–,–
Samco Large Cap Reg Gr,–,–,–,–,–,–
Samco Multi Asset Allocation Dir Gr,–,–,–,–,–,–
Samco Multi Asset Allocation Reg Gr,–,–,–,–,–,–
Samco Multi Cap Dir Gr,–,–,–,–,–,–
Samco Multi Cap Reg Gr,–,–,–,–,–,–
Samco Overnight Dir Gr,–,–,–,–,–,–
Samco Overnight Reg Gr,–,–,–,–,–,–
Samco Special Opportunities Dir Gr,–,–,–,–,–,–
Samco Special Opportunities Reg Gr,–,–,–,–,–,–
SBI Arbitrage Opportunities Dir Gr,–,–,–,–,0.54,1.64
SBI Arbitrage Opportunities Dir IDCW-P,–,–,–,–,0.53,1.64
SBI Arbitrage Opportunities Dir IDCW-R,–,–,–,–,0.53,1.64
SBI Arbitrage Opportunities Reg Gr,–,–,–,–,0.53,0.5
SBI Arbitrage Opportunities Reg IDCW-P,–,–,–,–,0.53,0.5
SBI Arbitrage Opportunities Reg IDCW-R,–,–,–,–,0.53,0.5
SBI Automotive Opportunities Dir Gr,–,–,–,–,–,–
SBI Automotive Opportunities Dir IDCW-P,–,–,–,–,–,–
SBI Automotive Opportunities Dir IDCW-R,–,–,–,–,–,–
SBI Automotive Opportunities Dir IDCW-T,–,–,–,–,–,–
SBI Automotive Opportunities Reg Gr,–,–,–,–,–,–
SBI Automotive Opportunities Reg IDCW-P,–,–,–,–,–,–
SBI Automotive Opportunities Reg IDCW-R,–,–,–,–,–,–
SBI Automotive Opportunities Reg IDCW-T,–,–,–,–,–,–
SBI Balanced Advantage Dir Gr,Low,–,–,–,6.44,1.3
SBI Balanced Advantage Dir IDCW-P,Low,–,–,–,6.44,1.3
SBI Balanced Advantage Dir IDCW-R,Low,–,–,–,6.44,1.3
SBI Balanced Advantage Dir IDCW-T,Low,–,–,–,6.44,1.3
SBI Balanced Advantage Reg Gr,Low,–,–,–,6.44,1.15
SBI Balanced Advantage Reg IDCW-P,Low,–,–,–,6.44,1.15
SBI Balanced Advantage Reg IDCW-R,Low,–,–,–,6.44,1.15
SBI Balanced Advantage Reg IDCW-T,Low,–,–,–,6.44,1.15
SBI BSE PSU Bank Idx Dir Gr,–,–,–,–,–,–
SBI BSE PSU Bank Idx Dir IDCW-P,–,–,–,–,–,–
SBI BSE PSU Bank Idx Dir IDCW-R,–,–,–,–,–,–
SBI BSE PSU Bank Idx Dir IDCW-T,–,–,–,–,–,–
SBI BSE PSU Bank Idx Reg Gr,–,–,–,–,–,–
SBI BSE PSU Bank Idx Reg IDCW-P,–,–,–,–,–,–
SBI BSE PSU Bank Idx Reg IDCW-R,–,–,–,–,–,–
SBI BSE PSU Bank Idx Reg IDCW-T,–,–,–,–,–,–
SBI BSE Sensex Index Dir Gr,–,–,–,–,–,–
SBI BSE Sensex Index Dir IDCW-P,–,–,–,–,–,–
SBI BSE Sensex Index Dir IDCW-R,–,–,–,–,–,–
SBI BSE Sensex Index Dir IDCW-T,–,–,–,–,–,–
SBI BSE Sensex Index Reg Gr,–,–,–,–,–,–
SBI BSE Sensex Index Reg IDCW-P,–,–,–,–,–,–
SBI BSE Sensex Index Reg IDCW-R,–,–,–,–,–,–
SBI BSE Sensex Index Reg IDCW-T,–,–,–,–,–,–
SBI CPSE B P SDL Sep 26 50:50 Dir Gr,–,–,–,–,1.16,0.77
SBI CPSE B P SDL Sep 26 50:50 Dir IDCW-P,–,–,–,–,1.26,0.83
SBI CPSE B P SDL Sep 26 50:50 Dir IDCW-R,–,–,–,–,1.26,0.83
SBI CPSE B P SDL Sep 26 50:50 Dir IDCW-T,–,–,–,–,1.26,0.83
SBI CPSE B P SDL Sep 26 50:50 Reg Gr,–,–,–,–,1.16,0.63
SBI CPSE B P SDL Sep 26 50:50 Reg IDCW-P,–,–,–,–,1.16,0.63
SBI CPSE B P SDL Sep 26 50:50 Reg IDCW-R,–,–,–,–,1.16,0.63
SBI CPSE B P SDL Sep 26 50:50 Reg IDCW-T,–,–,–,–,1.16,0.63
SBI CRISIL IBX Gilt Idx Apr29 Dir Gr,–,–,–,–,–,–
SBI CRISIL IBX Gilt Idx Apr29 Dir IDCW-P,–,–,–,–,–,–
SBI CRISIL IBX Gilt Idx Apr29 Dir IDCW-R,–,–,–,–,–,–
SBI CRISIL IBX Gilt Idx Apr29 Dir IDCW-T,–,–,–,–,–,–
SBI CRISIL IBX Gilt Idx Apr29 Reg Gr,–,–,–,–,–,–
SBI CRISIL IBX Gilt Idx Apr29 Reg IDCW-P,–,–,–,–,–,–
SBI CRISIL IBX Gilt Idx Apr29 Reg IDCW-R,–,–,–,–,–,–
SBI CRISIL IBX Gilt Idx Apr29 Reg IDCW-T,–,–,–,–,–,–
SBI CRISIL IBX Gilt Idx Jun36 Dir Gr,–,–,–,–,–,–
SBI CRISIL IBX Gilt Idx Jun36 Dir IDCW-P,–,–,–,–,–,–
SBI CRISIL IBX Gilt Idx Jun36 Dir IDCW-R,–,–,–,–,–,–
SBI CRISIL IBX Gilt Idx Jun36 Dir IDCW-T,–,–,–,–,–,–
SBI CRISIL IBX Gilt Idx Jun36 Reg Gr,–,–,–,–,–,–
SBI CRISIL IBX Gilt Idx Jun36 Reg IDCW-P,–,–,–,–,–,–
SBI CRISIL IBX Gilt Idx Jun36 Reg IDCW-R,–,–,–,–,–,–
SBI CRISIL IBX Gilt Idx Jun36 Reg IDCW-T,–,–,–,–,–,–
SBI CRISIL IBX SDL Idx Sep 27 Dir Gr,–,–,–,–,–,–
SBI CRISIL IBX SDL Idx Sep 27 Dir IDCW-P,–,–,–,–,–,–
SBI CRISIL IBX SDL Idx Sep 27 Dir IDCW-R,–,–,–,–,–,–
SBI CRISIL IBX SDL Idx Sep 27 Dir IDCW-T,–,–,–,–,–,–
SBI CRISIL IBX SDL Idx Sep 27 Reg Gr,–,–,–,–,–,–
SBI CRISIL IBX SDL Idx Sep 27 Reg IDCW-P,–,–,–,–,–,–
SBI CRISIL IBX SDL Idx Sep 27 Reg IDCW-R,–,–,–,–,–,–
SBI CRISIL IBX SDL Idx Sep 27 Reg IDCW-T,–,–,–,–,–,–
SBI Dividend Yield Dir Gr,–,–,–,–,–,–
SBI Dividend Yield Fund Dir IDCW-P,–,–,–,–,–,–
SBI Dividend Yield Fund Dir IDCW-R,–,–,–,–,–,–
SBI Dividend Yield Fund Dir IDCW-T,–,–,–,–,–,–
SBI Dividend Yield Fund Reg Gr,–,–,–,–,–,–
SBI Dividend Yield Fund Reg IDCW-P,–,–,–,–,–,–
SBI Dividend Yield Fund Reg IDCW-R,–,–,–,–,–,–
SBI Dividend Yield Fund Reg IDCW-T,–,–,–,–,–,–
SBI Energy Opportunities Dir Gr,–,–,–,–,–,–
SBI Energy Opportunities Dir IDCW-P,–,–,–,–,–,–
SBI Energy Opportunities Dir IDCW-R,–,–,–,–,–,–
SBI Energy Opportunities Dir IDCW-T,–,–,–,–,–,–
SBI Energy Opportunities Reg Gr,–,–,–,–,–,–
SBI Energy Opportunities Reg IDCW-P,–,–,–,–,–,–
SBI Energy Opportunities Reg IDCW-R,–,–,–,–,–,–
SBI Energy Opportunities Reg IDCW-T,–,–,–,–,–,–
SBI Equity Savings Dir Gr,Above Average,–,–,–,5.64,0.93
SBI Equity Savings Mn Dir IDCW-P,Above Average,–,–,–,5.63,0.93
SBI Equity Savings Mn Dir IDCW-R,Above Average,–,–,–,5.63,0.93
SBI Equity Savings Qtrly Dir IDCW-P,Above Average,–,–,–,5.64,0.93
SBI Equity Savings Qtrly Dir IDCW-R,Above Average,–,–,–,5.64,0.93
SBI Equity Savings Reg Gr,Above Average,–,–,–,5.63,0.83
SBI Equity Savings Reg Qtrly IDCW-P,Above Average,–,–,–,5.63,0.83
SBI Equity Savings Reg Qtrly IDCW-R,Above Average,–,–,–,5.63,0.83
SBI Equity Savings Reg Mn IDCW-P,Above Average,–,–,–,5.63,0.83
SBI Equity Savings Reg Mn IDCW-R,Above Average,–,–,–,5.63,0.83
SBI Gold Dir Gr,–,–,–,–,11.87,1.2
SBI Gold Dir IDCW-P,–,–,–,–,11.87,1.2
SBI Gold Dir IDCW-R,–,–,–,–,11.87,1.2
SBI Gold Reg Gr,–,–,–,–,11.87,1.18
SBI Gold Reg IDCW-P,–,–,–,–,11.86,1.18
SBI Gold Reg IDCW-R,–,–,–,–,11.86,1.18
SBI Income Plus Arbtrg Actv FOF Dir Gr,–,–,–,–,–,–
SBI Income Plus Arbtrg Actv FOFDirIDCW-P,–,–,–,–,–,–
SBI Income Plus Arbtrg Actv FOFDirIDCW-R,–,–,–,–,–,–
SBI Income Plus Arbtrg Actv FOF Reg Gr,–,–,–,–,–,–
SBI Income Plus Arbtrg Actv FOFRegIDCW-P,–,–,–,–,–,–
SBI Income Plus Arbtrg Actv FOFRegIDCW-R,–,–,–,–,–,–
SBI Innovative Opportunities Dir Gr,–,–,–,–,–,–
SBI Innovative Opportunities Dir IDCW-P,–,–,–,–,–,–
SBI Innovative Opportunities Dir IDCW-R,–,–,–,–,–,–
SBI Innovative Opportunities Dir IDCW-T,–,–,–,–,–,–
SBI Innovative Opportunities Reg Gr,–,–,–,–,–,–
SBI Innovative Opportunities Reg IDCW-P,–,–,–,–,–,–
SBI Innovative Opportunities Reg IDCW-R,–,–,–,–,–,–
SBI Innovative Opportunities Reg IDCW-T,–,–,–,–,–,–
SBI Long Duration Dir Gr,–,–,–,–,–,–
SBI Long Duration Dir IDCW-P,–,–,–,–,–,–
SBI Long Duration Dir IDCW-R,–,–,–,–,–,–
SBI Long Duration Dir IDCW-T,–,–,–,–,–,–
SBI Long Duration Reg Gr,–,–,–,–,–,–
SBI Long Duration Reg IDCW-P,–,–,–,–,–,–
SBI Long Duration RegIDCW-R,–,–,–,–,–,–
SBI Long Duration Reg IDCW-T,–,–,–,–,–,–
SBI Magnum Child's Benefit Dir Gr,–,–,–,–,4.43,1.49
SBI Magnum Child's Benefit Reg Gr,–,–,–,–,4.43,1.41
SBI Multi Asset Allocation Dir Yr IDCW-P,–,–,–,–,7.39,1.36
SBI Multi Asset Allocation Dir Yr IDCW-R,–,–,–,–,7.39,1.36
SBI Multi Asset Allocation Dir Gr,–,–,–,–,7.39,1.36
SBI Multi Asset Allocation Dir Mn IDCW-P,–,–,–,–,7.39,1.36
SBI Multi Asset Allocation Dir Mn IDCW-R,–,–,–,–,7.39,1.36
SBI Multi Asset Allocation Dir Qt IDCW-P,–,–,–,–,7.39,1.36
SBI Multi Asset Allocation Dir Qt IDCW-R,–,–,–,–,7.39,1.36
SBI Multi Asset Allocation Reg Mn IDCW-R,–,–,–,–,7.39,1.24
SBI Multi Asset Allocation Reg An IDCW-P,–,–,–,–,7.39,1.24
SBI Multi Asset Allocation Reg An IDCW-R,–,–,–,–,7.39,1.24
SBI Multi Asset Allocation Reg Gr,–,–,–,–,7.39,1.24
SBI Multi Asset Allocation Reg Mn IDCW-P,–,–,–,–,7.39,1.24
SBI Multi Asset Allocation Reg Qt IDCW-P,–,–,–,–,7.39,1.24
SBI Multi Asset Allocation Reg Qt IDCW-R,–,–,–,–,7.39,1.24
SBI Nifty 500 Index Dir Gr,–,–,–,–,–,–
SBI Nifty 500 Index Dir IDCW-P,–,–,–,–,–,–
SBI Nifty 500 Index Dir IDCW-R,–,–,–,–,–,–
SBI Nifty 500 Index Reg Gr,–,–,–,–,–,–
SBI Nifty 500 Index Reg IDCW-P,–,–,–,–,–,–
SBI Nifty 500 Index Reg IDCW-R,–,–,–,–,–,–
SBI Nifty Bank Index Dir Gr,–,–,–,–,–,–
SBI Nifty Bank Index Dir IDCW-P,–,–,–,–,–,–
SBI Nifty Bank Index Dir IDCW-R,–,–,–,–,–,–
SBI Nifty Bank Index Dir IDCW-T,–,–,–,–,–,–
SBI Nifty Bank Index Reg Gr,–,–,–,–,–,–
SBI Nifty Bank Index Reg IDCW-P,–,–,–,–,–,–
SBI Nifty Bank Index Reg IDCW-R,–,–,–,–,–,–
SBI Nifty Bank Index Reg IDCW-T,–,–,–,–,–,–
SBI Nifty India Consumption Dir Gr,–,–,–,–,–,–
SBI Nifty India Consumption Dir IDCW-P,–,–,–,–,–,–
SBI Nifty India Consumption Dir IDCW-R,–,–,–,–,–,–
SBI Nifty India Consumption Dir IDCW-T,–,–,–,–,–,–
SBI Nifty India Consumption Reg Gr,–,–,–,–,–,–
SBI Nifty India Consumption Reg IDCW-P,–,–,–,–,–,–
SBI Nifty India Consumption Reg IDCW-R,–,–,–,–,–,–
SBI Nifty India Consumption Reg IDCW-T,–,–,–,–,–,–
SBI Nifty IT Index Dir Gr,–,–,–,–,–,–
SBI Nifty IT Index Dir IDCW-P,–,–,–,–,–,–
SBI Nifty IT Index Dir IDCW-R,–,–,–,–,–,–
SBI Nifty IT Index Dir IDCW-T,–,–,–,–,–,–
SBI Nifty IT Index Reg Gr,–,–,–,–,–,–
SBI Nifty IT Index Reg IDCW-P,–,–,–,–,–,–
SBI Nifty IT Index Reg IDCW-R,–,–,–,–,–,–
SBI Nifty IT Index Reg IDCW-T,–,–,–,–,–,–
SBI Nifty Midcap 150 Index Dir Gr,–,–,–,–,–,–
SBI Nifty Midcap 150 Index Dir IDCW-P,–,–,–,–,–,–
SBI Nifty Midcap 150 Index Dir IDCW-R,–,–,–,–,–,–
SBI Nifty Midcap 150 Index Dir IDCW-T,–,–,–,–,–,–
SBI Nifty Midcap 150 Index Reg Gr,–,–,–,–,–,–
SBI Nifty Midcap 150 Index Reg IDCW-P,–,–,–,–,–,–
SBI Nifty Midcap 150 Index Reg IDCW-R,–,–,–,–,–,–
SBI Nifty Midcap 150 Index Reg IDCW-T,–,–,–,–,–,–
SBI Nifty Smallcap 250 Index Dir Gr,–,–,–,–,–,–
SBI Nifty Smallcap 250 Index Dir IDCW-P,–,–,–,–,–,–
SBI Nifty Smallcap 250 Index Dir IDCW-R,–,–,–,–,–,–
SBI Nifty Smallcap 250 Index Dir IDCW-T,–,–,–,–,–,–
SBI Nifty Smallcap 250 Index Reg Gr,–,–,–,–,–,–
SBI Nifty Smallcap 250 Index Reg IDCW-P,–,–,–,–,–,–
SBI Nifty Smallcap 250 Index Reg IDCW-R,–,–,–,–,–,–
SBI Nifty Smallcap 250 Index Reg IDCW-T,–,–,–,–,–,–
SBI Nifty50 Equal Weight Idx Dir Gr,–,–,–,–,–,–
SBI Nifty50 Equal Weight Idx Dir IDCW-P,–,–,–,–,–,–
SBI Nifty50 Equal Weight Idx Dir IDCW-R,–,–,–,–,–,–
SBI Nifty50 Equal Weight Idx Dir IDCW-T,–,–,–,–,–,–
SBI Nifty50 Equal Weight Idx Reg Gr,–,–,–,–,–,–
SBI Nifty50 Equal Weight Idx Reg IDCW-P,–,–,–,–,–,–
SBI Nifty50 Equal Weight Idx Reg IDCW-R,–,–,–,–,–,–
SBI Nifty50 Equal Weight Idx Reg IDCW-T,–,–,–,–,–,–
SBI Quant Dir Gr,–,–,–,–,–,–
SBI Quant Dir IDCW-P,–,–,–,–,–,–
SBI Quant Dir IDCW-R,–,–,–,–,–,–
SBI Quant Reg Gr,–,–,–,–,–,–
SBI Quant Reg IDCW-P,–,–,–,–,–,–
SBI Quant Reg IDCW-R,–,–,–,–,–,–
SBI Ret Benefit - Agrsv Pln Dir Gr,–,–,–,–,13.06,0.85
SBI Ret Benefit - Agrsv Pln Dir IDCW-P,–,–,–,–,13.06,0.85
SBI Ret Benefit - Agrsv Pln Reg Gr,–,–,–,–,13.05,0.75
SBI Ret Benefit - Agrsv Pln Reg IDCW-P,–,–,–,–,13.05,0.75
SBI Ret Benefit - Cnsrv Hyb Pln Dir Gr,–,–,–,–,5.72,0.96
SBI Ret Benefit - Cnsrv Hyb Pn Dr IDCW-P,–,–,–,–,5.72,0.96
SBI Ret Benefit - Cnsrv Hyb Pln Reg Gr,–,–,–,–,5.72,0.87
SBI Ret Benefit - Cnsrv Hyb Pn Rg IDCW-P,–,–,–,–,5.72,0.87
SBI Silver ETF FoF Dir Growth,–,–,–,–,–,–
SBI Silver ETF FoF Dir IDCW-P,–,–,–,–,–,–
SBI Silver ETF FoF Dir IDCW-R,–,–,–,–,–,–
SBI Silver ETF FoF Dir IDCW-T,–,–,–,–,–,–
SBI Silver ETF FoF Reg Growth,–,–,–,–,–,–
SBI Silver ETF FoF Reg IDCW-P,–,–,–,–,–,–
SBI Silver ETF FoF Reg IDCW-R,–,–,–,–,–,–
SBI Silver ETF FoF Reg IDCW-T,–,–,–,–,–,–
Shriram Balanced Advantage Dir Gr,Above Average,–,–,–,9.99,0.48
Shriram Balanced Advantage Dir IDCW-P,Above Average,–,–,–,9.98,0.46
Shriram Balanced Advantage Dir IDCW-R,Above Average,–,–,–,9.98,0.46
Shriram Balanced Advantage Reg Gr,Above Average,–,–,–,9.98,0.29
Shriram Balanced Advantage Reg IDCW-P,Above Average,–,–,–,9.99,0.3
Shriram Balanced Advantage Reg IDCW-R,Above Average,–,–,–,9.99,0.3
Shriram Liquid Dir Gr,–,–,–,–,–,–
Shriram Liquid Reg Gr,–,–,–,–,–,–
Shriram Multi Asset Allocation Dir Gr,–,–,–,–,–,–
Shriram Multi Asset Allocation Reg Gr,–,–,–,–,–,–
Shriram Multi Sector Rotation Dir Gr,–,–,–,–,–,–
Shriram Multi Sector Rotation Reg Gr,–,–,–,–,–,–
Shriram Overnight Dir Dl IDCW-R,–,–,–,–,–,–
Shriram Overnight Dir Fortn IDCW-P,–,–,–,–,–,–
Shriram Overnight Dir Fortn IDCW-R,–,–,–,–,–,–
Shriram Overnight Dir Gr,–,–,–,–,–,–
Shriram Overnight Dir Mn IDCW-P,–,–,–,–,–,–
Shriram Overnight Dir Mn IDCW-R,–,–,–,–,–,–
Shriram Overnight Reg Dl IDCW-R,–,–,–,–,–,–
Shriram Overnight Reg Fortn IDCW-P,–,–,–,–,–,–
Shriram Overnight Reg Fortn IDCW-R,–,–,–,–,–,–
Shriram Overnight Reg Gr,–,–,–,–,–,–
Shriram Overnight Reg Mn IDCW-P,–,–,–,–,–,–
Shriram Overnight Reg Mn IDCW-R,–,–,–,–,–,–
Shriram Overnight Reg Wkly IDCW-P,–,–,–,–,–,–
Shriram Overnight Reg Wkly IDCW-R,–,–,–,–,–,–
Sundaram Arbitrage Dir Gr,–,–,–,–,0.56,0.8
Sundaram Arbitrage Mn Dir IDCW-P,–,–,–,–,0.56,0.79
Sundaram Arbitrage Mn Dir IDCW-R,–,–,–,–,0.56,0.79
Sundaram Arbitrage Reg Gr,–,–,–,–,0.55,-0.62
Sundaram Arbitrage Reg Mn IDCW-P,–,–,–,–,0.56,-0.62
Sundaram Arbitrage Reg Mn IDCW-R,–,–,–,–,0.56,-0.62
Sundaram Balanced Advtg Dir Mn IDCW-P,Below Average,–,–,–,7.92,0.88
Sundaram Balanced Advtg Dir Mn IDCW-R,Below Average,–,–,–,7.92,0.88
Sundaram Balanced Advtg Dir Gr,Below Average,–,–,–,7.91,0.89
Sundaram Balanced Advtg Mn IDCW-T,Below Average,–,–,–,7.91,0.7
Sundaram Balanced Advtg Gr,Below Average,–,–,–,7.9,0.71
Sundaram Balanced Advtg Mn IDCW-P,Below Average,–,–,–,7.91,0.7
Sundaram Balanced Advtg Mn IDCW-R,Below Average,–,–,–,7.91,0.7
Sundaram Business Cycle Dir Gr,–,–,–,–,–,–
Sundaram Business Cycle Dir IDCW-P,–,–,–,–,–,–
Sundaram Business Cycle Dir IDCW-R,–,–,–,–,–,–
Sundaram Business Cycle Reg Gr,–,–,–,–,–,–
Sundaram Business Cycle Reg IDCW-P,–,–,–,–,–,–
Sundaram Business Cycle Reg IDCW-R,–,–,–,–,–,–
Sundaram Corp Bond Dir HY IDCW-P,–,–,–,–,–,–
Sundaram Corp Bond IP Mn IDCW-P,–,–,–,–,2.9,-2.96
Sundaram Corp Bond IP Mn IDCW-R,–,–,–,–,2.9,-2.96
Sundaram Corp Bond IP Mn IDCW-T,–,–,–,–,2.9,-2.96
Sundaram Equity Svgs Dir Gr,Above Average,–,–,–,5.64,1.23
Sundaram Equity Svgs Dir Hf Yr IDCW-P,Above Average,–,–,–,6.02,1.25
Sundaram Equity Svgs Dir Hf Yr IDCW-R,Above Average,–,–,–,6.02,1.25
Sundaram Equity Svgs Dir Qt IDCW-P,Average,–,–,–,5.53,1.12
Sundaram Equity Svgs Dir Qt IDCW-R,Average,–,–,–,5.53,1.12
Sundaram Equity Svgs Gr,Above Average,–,–,–,5.63,0.93
Sundaram Equity Svgs Hf Yr IDCW-P,Above Average,–,–,–,5.88,0.96
Sundaram Equity Svgs Hf Yr IDCW-R,Above Average,–,–,–,5.88,0.96
Sundaram Equity Svgs Qt IDCW-P,Above Average,–,–,–,5.63,0.91
Sundaram Equity Svgs Qt IDCW-R,Above Average,–,–,–,5.63,0.91
Sundaram Flexi Cap Dir Gr,–,–,–,–,–,–
Sundaram Flexi Cap Dir IDCW-P,–,–,–,–,–,–
Sundaram Flexi Cap Dir IDCW-R,–,–,–,–,–,–
Sundaram Flexi Cap Dir IDCW-T,–,–,–,–,–,–
Sundaram Flexi Cap Reg Gr,–,–,–,–,–,–
Sundaram Flexi Cap Reg IDCW-P,–,–,–,–,–,–
Sundaram Flexi Cap Reg IDCW-R,–,–,–,–,–,–
Sundaram Flexi Cap Reg IDCW-T,–,–,–,–,–,–
Sundaram Global Brand Dir Gr,–,–,–,–,15.73,0.58
Sundaram Global Brand Dir IDCW-P,–,–,–,–,15.73,0.57
Sundaram Global Brand Dir IDCW-R,–,–,–,–,15.73,0.57
Sundaram Global Brand Dir IDCW-T,–,–,–,–,15.73,0.57
Sundaram Global Brand Gr,–,–,–,–,15.72,0.51
Sundaram Global Brand IDCW-P,–,–,–,–,15.72,0.51
Sundaram Global Brand IDCW-R,–,–,–,–,15.72,0.51
Sundaram Global Brand IDCW-T,–,–,–,–,15.72,0.51
Sundaram Liquid UC IDCW Less than 3Y,–,–,–,–,–,–
Sundaram Liquid UC IDCW More than 3Y,–,–,–,–,–,–
Sundaram Liquid UC Red less than 3Y,–,–,–,–,–,–
Sundaram Liquid UC Red More than 3Y,–,–,–,–,–,–
Sundaram Low Dur Dir Fortn IDCW,–,–,–,–,–,–
Sundaram Low Dur Reg Fortn IDCW,–,–,–,–,–,–
Sundaram Low Dur Reg Fortn IDCW-R,–,–,–,–,–,–
Sundaram Money Market Dir Frt IDCW-P,–,–,–,–,4.38,0.19
Sundaram Money Market Dir Frt IDCW-R,–,–,–,–,–,–
Sundaram Money Market Dir Frt IDCW-T,–,–,–,–,–,–
Sundaram Money Market Reg Frt IDCW-P,–,–,–,–,4.34,-0.57
Sundaram Money Market Reg Frt IDCW-R,–,–,–,–,–,–
Sundaram Money Market Reg Frt IDCW-T,–,–,–,–,4.34,-0.57
Sundaram Multi Asset Allc Dir Gr,–,–,–,–,–,–
Sundaram Multi Asset Allc Dir IDCW-P,–,–,–,–,–,–
Sundaram Multi Asset Allc Dir IDCW-R,–,–,–,–,–,–
Sundaram Multi Asset Allc Dir IDCW-T,–,–,–,–,–,–
Sundaram Multi Asset Allc Reg Gr,–,–,–,–,–,–
Sundaram Multi Asset Allc Reg IDCW-P,–,–,–,–,–,–
Sundaram Multi Asset Allc Reg IDCW-R,–,–,–,–,–,–
Sundaram Multi Asset Allc Reg IDCW-T,–,–,–,–,–,–
Sundaram Overnight UC IDCW beyond 3 yrs,–,–,–,–,–,–
Sundaram Overnight UC IDCW upto 3 yrs,–,–,–,–,–,–
Sundaram Overnight UC Red beyond 3 yrs,–,–,–,–,–,–
Sundaram Overnight UC Red upto 3 yrs,–,–,–,–,–,–
Sundaram Short Dur Dir Fortn IDCW,–,–,–,–,–,–
Sundaram Short Dur Dir Wk IDCW,–,–,–,–,–,–
Sundaram Short Dur Reg Fortn IDCW,–,–,–,–,–,–
Sundaram Short Dur Reg Fortn IDCW-R,–,–,–,–,–,–
Sundaram Short Dur Reg Wk IDCW,–,–,–,–,–,–
Sundaram Short Dur Reg Wk IDCW-R,–,–,–,–,–,–
Sundaram Ultra Short Dur Dir Wk IDCW-R,–,–,–,–,–,–
Sundaram Ultra Short Dur Reg Fn IDCW-R,–,–,–,–,–,–
Tata Arbitrage Dir Gr,–,–,–,–,0.51,1.93
Tata Arbitrage Dir Mn IDCW-P,–,–,–,–,0.5,2.16
Tata Arbitrage Dir Mn IDCW-R,–,–,–,–,0.5,2.16
Tata Arbitrage Dir Mn IDCW-T,–,–,–,–,0.5,2.16
Tata Arbitrage Reg Gr,–,–,–,–,0.51,0.01
Tata Arbitrage Reg Mn IDCW-P,–,–,–,–,0.51,0.01
Tata Arbitrage Reg Mn IDCW-R,–,–,–,–,0.51,0.01
Tata Arbitrage Reg Mn IDCW-T,–,–,–,–,0.51,0.01
Tata Balanced Advantage Dir Gr,Below Average,–,–,–,7.07,0.92
Tata Balanced Advantage Dir IDCW-P,Below Average,–,–,–,7.07,0.92
Tata Balanced Advantage Dir IDCW-R,Below Average,–,–,–,7.07,0.92
Tata Balanced Advantage Dir IDCW-T,Below Average,–,–,–,7.07,0.92
Tata Balanced Advantage Reg Gr,Below Average,–,–,–,7.07,0.72
Tata Balanced Advantage Reg IDCW-P,Below Average,–,–,–,7.07,0.72
Tata Balanced Advantage Reg IDCW-R,Below Average,–,–,–,7.07,0.72
Tata Balanced Advantage Reg IDCW-T,Below Average,–,–,–,7.07,0.72
Tata BSE Quality Index Dir Gr,–,–,–,–,–,–
Tata BSE Quality Index Dir IDCW-P,–,–,–,–,–,–
Tata BSE Quality Index Dir IDCW-R,–,–,–,–,–,–
Tata BSE Quality Index Reg Gr,–,–,–,–,–,–
Tata BSE Quality Index Reg IDCW-P,–,–,–,–,–,–
Tata BSE Quality Index Reg IDCW-R,–,–,–,–,–,–
Tata BSE Sel Business Grps Idx Dir Gr,–,–,–,–,–,–
Tata BSE Sel Business Grps Idx DirIDCW-P,–,–,–,–,–,–
Tata BSE Sel Business Grps Idx DirIDCW-R,–,–,–,–,–,–
Tata BSE Sel Business Grps Idx Reg Gr,–,–,–,–,–,–
Tata BSE Sel Business Grps Idx RegIDCW-P,–,–,–,–,–,–
Tata BSE Sel Business Grps Idx RegIDCW-R,–,–,–,–,–,–
Tata Corporate Bond Sgt Ptf 1 Dir DlIDCW,–,–,–,–,–,–
Tata Corporate Bond Sgt Ptf 1 Dir MnIDCW,–,–,–,–,–,–
Tata Corporate Bond Sgt Ptf 1 Dir WkIDCW,–,–,–,–,–,–
Tata Corporate Bond Sgt Ptf 1 Reg DlIDCW,–,–,–,–,–,–
Tata Corporate Bond Sgt Ptf 1 Reg MnIDCW,–,–,–,–,–,–
Tata Corporate Bond Sgtd Ptf 1 Reg WkDiv,–,–,–,–,–,–
Tata Corporate BondSgtPtf1 Reg Wk IDCW-P,–,–,–,–,–,–
Tata Corporate Bond Sgtd Ptf 1 Dir Gr,–,–,–,–,–,–
Tata Corporate Bond Sgtd Ptf 1 Reg Gr,–,–,–,–,–,–
Tata CRISIL IBX Glt Idx-Apr26 Dir Gr,–,–,–,–,–,–
Tata CRISIL IBX Glt Idx-Apr26 Dir IDCW-P,–,–,–,–,–,–
Tata CRISIL IBX Glt Idx-Apr26 Dir IDCW-R,–,–,–,–,–,–
Tata CRISIL IBX Glt Idx-Apr26 Dir IDCW-T,–,–,–,–,–,–
Tata CRISIL IBX Glt Idx-Apr26 Reg Gr,–,–,–,–,–,–
Tata CRISIL IBX Glt Idx-Apr26 Reg IDCW-P,–,–,–,–,–,–
Tata CRISIL IBX Glt Idx-Apr26 Reg IDCW-R,–,–,–,–,–,–
Tata CRISIL IBX Glt Idx-Apr26 Reg IDCW-T,–,–,–,–,–,–
Tata Equity Savings Dir Gr,Below Average,–,–,–,3.93,1.03
Tata Equity Savings Dir Mn IDCW-P,Below Average,–,–,–,3.93,1.02
Tata Equity Savings Dir Mn IDCW-R,Below Average,–,–,–,3.93,1.02
Tata Equity Savings Dir Prdc IDCW-P,Below Average,–,–,–,3.92,1.03
Tata Equity Savings Dir Prdc IDCW-R,Below Average,–,–,–,3.92,1.03
Tata Equity Savings Reg Gr,Below Average,–,–,–,3.93,0.84
Tata Equity Savings Reg Mn IDCW-P,Below Average,–,–,–,3.93,0.83
Tata Equity Savings Reg Mn IDCW-R,Below Average,–,–,–,3.93,0.83
Tata Equity Savings Reg Prdc IDCW-P,Below Average,–,–,–,3.93,0.84
Tata Equity Savings Reg Prdc IDCW-R,Below Average,–,–,–,3.93,0.84
Tata Ethical Dir Gr,–,–,–,–,14.1,0.52
Tata Ethical Dir IDCW-P,–,–,–,–,14.1,0.52
Tata Ethical Dir IDCW-R,–,–,–,–,14.1,0.52
Tata Ethical Reg Gr,–,–,–,–,14.08,0.43
Tata Ethical Reg IDCW-P,–,–,–,–,14.09,0.43
Tata Ethical Reg IDCW-R,–,–,–,–,14.09,0.43
Tata Gold ETF Fund of Fund Dir Gr,–,–,–,–,–,–
Tata Gold ETF Fund of Fund Dir IDCW-P,–,–,–,–,–,–
Tata Gold ETF Fund of Fund Dir IDCW-R,–,–,–,–,–,–
Tata Gold ETF Fund of Fund Reg Gr,–,–,–,–,–,–
Tata Gold ETF Fund of Fund Reg IDCW-P,–,–,–,–,–,–
Tata Gold ETF Fund of Fund Reg IDCW-R,–,–,–,–,–,–
Tata Housing Opportunities Dir Gr,–,–,–,–,–,–
Tata Housing Opportunities Dir IDCW-P,–,–,–,–,–,–
Tata Housing Opportunities Dir IDCW-R,–,–,–,–,–,–
Tata Housing Opportunities Reg Gr,–,–,–,–,–,–
Tata Housing Opportunities Reg IDCW-P,–,–,–,–,–,–
Tata Housing Opportunities Reg IDCW-R,–,–,–,–,–,–
Tata Income Pl Arbtrg Actv FOF Dir Gr,–,–,–,–,–,–
Tata Income Pl Arbtrg Actv FOF DirIDCW-P,–,–,–,–,–,–
Tata Income Pl Arbtrg Actv FOF DirIDCW-R,–,–,–,–,–,–
Tata Income Pl Arbtrg Actv FOF Reg Gr,–,–,–,–,–,–
Tata Income Pl Arbtrg Actv FOF RegIDCW-P,–,–,–,–,–,–
Tata Income Pl Arbtrg Actv FOF RegIDCW-R,–,–,–,–,–,–
Tata India Innovation Dir Gr,–,–,–,–,–,–
Tata India Innovation Dir IDCW-P,–,–,–,–,–,–
Tata India Innovation Dir IDCW-R,–,–,–,–,–,–
Tata India Innovation Reg Gr,–,–,–,–,–,–
Tata India Innovation Reg IDCW-P,–,–,–,–,–,–
Tata India Innovation Reg IDCW-R,–,–,–,–,–,–
Tata Med Term Sgrgtd Ptf 1 Dir IDCW,–,–,–,–,–,–
Tata Med Term Sgrgtd Ptf 1 Dir Gr,–,–,–,–,–,–
Tata Med Term Sgrgtd Ptf 1 Reg IDCW,–,–,–,–,–,–
Tata Med Term Sgrgtd Ptf 1 Reg Gr,–,–,–,–,–,–
Tata Multi Asset Opportunities Dir Gr,–,–,–,–,8.55,1.13
Tata Multi Asset Opportunities DirIDCW-P,–,–,–,–,8.55,1.13
Tata Multi Asset Opportunities DirIDCW-R,–,–,–,–,8.55,1.13
Tata Multi Asset Opportunities Reg Gr,–,–,–,–,8.54,0.94
Tata Multi Asset Opportunities RegIDCW-P,–,–,–,–,8.54,0.94
Tata Multi Asset Opportunities RegIDCW-R,–,–,–,–,8.54,0.94
Tata Multicap Dir Gr,–,–,–,–,–,–
Tata Multicap Dir IDCW-P,–,–,–,–,–,–
Tata Multicap Dir IDCW-R,–,–,–,–,–,–
Tata Multicap Reg Gr,–,–,–,–,–,–
Tata Multicap Reg IDCW-P,–,–,–,–,–,–
Tata Multicap Reg IDCW-R,–,–,–,–,–,–
Tata Nifty Auto Index Dir Gr,–,–,–,–,–,–
Tata Nifty Auto Index Dir IDCW-P,–,–,–,–,–,–
Tata Nifty Auto Index Dir IDCW-R,–,–,–,–,–,–
Tata Nifty Auto Index Reg Gr,–,–,–,–,–,–
Tata Nifty Auto Index Reg IDCW-P,–,–,–,–,–,–
Tata Nifty Auto Index Reg IDCW-R,–,–,–,–,–,–
Tata Nifty Capital Markets Idx Dir Gr,–,–,–,–,–,–
Tata Nifty Capital Markets Idx DirIDCW-P,–,–,–,–,–,–
Tata Nifty Capital Markets Idx DirIDCW-R,–,–,–,–,–,–
Tata Nifty Capital Markets Idx Reg Gr,–,–,–,–,–,–
Tata Nifty Capital Markets Idx RegIDCW-P,–,–,–,–,–,–
Tata Nifty Capital Markets Idx RegIDCW-R,–,–,–,–,–,–
Tata Nifty Fincl Svcss Idx Dir Gr,–,–,–,–,–,–
Tata Nifty Fincl Svcss Idx Dir IDCW-P,–,–,–,–,–,–
Tata Nifty Fincl Svcss Idx Dir IDCW-R,–,–,–,–,–,–
Tata Nifty Fincl Svcss Idx Reg Gr,–,–,–,–,–,–
Tata Nifty Fincl Svcss Idx Reg IDCW-P,–,–,–,–,–,–
Tata Nifty Fincl Svcss Idx Reg IDCW-R,–,–,–,–,–,–
TATA Nifty G-Sec Dec 2026 Idx Dir Gr,–,–,–,–,–,–
TATA Nifty G-Sec Dec 2026 Idx Dir IDCW-P,–,–,–,–,–,–
TATA Nifty G-Sec Dec 2026 Idx Dir IDCW-R,–,–,–,–,–,–
TATA Nifty G-Sec Dec 2026 Idx Dir IDCW-T,–,–,–,–,–,–
TATA Nifty G-Sec Dec 2026 Idx Reg Gr,–,–,–,–,–,–
TATA Nifty G-Sec Dec 2026 Idx Reg IDCW-P,–,–,–,–,–,–
TATA Nifty G-Sec Dec 2026 Idx Reg IDCW-R,–,–,–,–,–,–
TATA Nifty G-Sec Dec 2026 Idx Reg IDCW-T,–,–,–,–,–,–
TATA Nifty G-SEC Dec 2029 Idx Dir Gr,–,–,–,–,–,–
TATA Nifty G-SEC Dec 2029 Idx Dir IDCW-P,–,–,–,–,–,–
TATA Nifty G-SEC Dec 2029 Idx Dir IDCW-R,–,–,–,–,–,–
TATA Nifty G-SEC Dec 2029 Idx Dir IDCW-T,–,–,–,–,–,–
TATA Nifty G-SEC Dec 2029 Idx Reg Gr,–,–,–,–,–,–
TATA Nifty G-SEC Dec 2029 Idx Reg IDCW-P,–,–,–,–,–,–
TATA Nifty G-SEC Dec 2029 Idx Reg IDCW-R,–,–,–,–,–,–
TATA Nifty G-SEC Dec 2029 Idx Reg IDCW-T,–,–,–,–,–,–
Tata Nifty India Tourism Idx Dir Gr,–,–,–,–,–,–
Tata Nifty India Tourism Idx Dir IDCW-P,–,–,–,–,–,–
Tata Nifty India Tourism Idx Dir IDCW-R,–,–,–,–,–,–
Tata Nifty India Tourism Idx Reg Gr,–,–,–,–,–,–
Tata Nifty India Tourism Idx Reg IDCW-P,–,–,–,–,–,–
Tata Nifty India Tourism Idx Reg IDCW-R,–,–,–,–,–,–
Tata Nifty Midcap 150 Momt 50 Dir Gr,–,–,–,–,–,–
Tata Nifty Midcap 150 Momt 50 Dir IDCW-P,–,–,–,–,–,–
Tata Nifty Midcap 150 Momt 50 Dir IDCW-R,–,–,–,–,–,–
Tata Nifty Midcap 150 Momt 50 Reg Gr,–,–,–,–,–,–
Tata Nifty Midcap 150 Momt 50 Reg IDCW-P,–,–,–,–,–,–
Tata Nifty Midcap 150 Momt 50 Reg IDCW-R,–,–,–,–,–,–
Tata Nifty MidSmall Hlthcr Idx DirGr,–,–,–,–,–,–
Tata Nifty MidSmall Hlthcr Idx DirIDCW-P,–,–,–,–,–,–
Tata Nifty MidSmall Hlthcr Idx DirIDCW-R,–,–,–,–,–,–
Tata Nifty MidSmall Hlthcr Idx RegGr,–,–,–,–,–,–
Tata Nifty MidSmall Hlthcr Idx RegIDCW-P,–,–,–,–,–,–
Tata Nifty MidSmall Hlthcr Idx RegIDCW-R,–,–,–,–,–,–
Tata Nifty Realty Index Dir Gr,–,–,–,–,–,–
Tata Nifty Realty Index Dir IDCW-P,–,–,–,–,–,–
Tata Nifty Realty Index Dir IDCW-R,–,–,–,–,–,–
Tata Nifty Realty Index Reg Gr,–,–,–,–,–,–
Tata Nifty Realty Index Reg IDCW-P,–,–,–,–,–,–
Tata Nifty Realty Index Reg IDCW-R,–,–,–,–,–,–
Tata Nifty SDL P AAA PSU B1227 Dir Gr,–,–,–,–,1.39,1.09
Tata Nifty SDL P AAA PSU B1227 DirIDCW-P,–,–,–,–,1.39,1.09
Tata Nifty SDL P AAA PSU B1227 DirIDCW-R,–,–,–,–,1.39,1.09
Tata Nifty SDL P AAA PSU B1227 DirIDCW-T,–,–,–,–,1.39,1.09
Tata Nifty SDL P AAA PSU B1227 Reg Gr,–,–,–,–,1.39,0.89
Tata Nifty SDL P AAA PSU B1227 RegIDCW-P,–,–,–,–,1.39,0.89
Tata Nifty SDL P AAA PSU B1227 RegIDCW-R,–,–,–,–,1.39,0.89
Tata Nifty SDL P AAA PSU B1227 RegIDCW-T,–,–,–,–,1.39,0.89
Tata Nifty200 Alpha 30 Index Dir Gr,–,–,–,–,–,–
Tata Nifty200 Alpha 30 Index Dir IDCW-P,–,–,–,–,–,–
Tata Nifty200 Alpha 30 Index Dir IDCW-R,–,–,–,–,–,–
Tata Nifty200 Alpha 30 Index Reg Gr,–,–,–,–,–,–
Tata Nifty200 Alpha 30 Index Reg IDCW-P,–,–,–,–,–,–
Tata Nifty200 Alpha 30 Index Reg IDCW-R,–,–,–,–,–,–
TataNfty500Mltcp Ind Mnfc Idx Dr Gr,–,–,–,–,–,–
TataNfty500Mltcp Ind Mnfc Idx Dr IDCWP,–,–,–,–,–,–
TataNfty500MltcpInd Mnfc Idx Dr IDCWR,–,–,–,–,–,–
TataNfty500Mltcp Ind Mnfc Idx Rg Gr,–,–,–,–,–,–
TataNfty500Mltcp Ind Mnfc Idx Rg IDCWP,–,–,–,–,–,–
TataNfty500Mltcp Ind Mnfc Idx Rg IDCWR,–,–,–,–,–,–
Tata Nifty500 Mltcp Infras Idx DirGr,–,–,–,–,–,–
Tata Nifty500 Mltcp Infras Idx DirIDCW-P,–,–,–,–,–,–
Tata Nifty500 Mltcp Infras Idx DirIDCW-R,–,–,–,–,–,–
Tata Nifty500 Mltcp Infras Idx RegGr,–,–,–,–,–,–
Tata Nifty500 Mltcp Infras Idx RegIDCW-P,–,–,–,–,–,–
Tata Nifty500 Mltcp Infras Idx RegIDCW-R,–,–,–,–,–,–
Tata Retirement Saving Cnsrv Dir Gr,–,–,–,–,4.5,0.81
Tata Retirement Saving Cnsrv Gr,–,–,–,–,4.5,0.55
Tata Retirement Saving Mod Dir Gr,–,–,–,–,11.6,0.94
Tata Retirement Saving Mod Gr,–,–,–,–,11.59,0.82
Tata Silver ETF Fund of Fund Dir Gr,–,–,–,–,–,–
Tata Silver ETF Fund of Fund Dir IDCW-P,–,–,–,–,–,–
Tata Silver ETF Fund of Fund Dir IDCW-R,–,–,–,–,–,–
Tata Silver ETF Fund of Fund Reg Gr,–,–,–,–,–,–
Tata Silver ETF Fund of Fund Reg IDCW-P,–,–,–,–,–,–
Tata Silver ETF Fund of Fund Reg IDCW-R,–,–,–,–,–,–
Tata Treasury Advant Sgt Ptf1Dir Dl IDCW,–,–,–,–,–,–
Tata Treasury Advantage Sgtd Ptf 1 DirGr,–,–,–,–,–,–
Tata Treasury Advant Sgt Ptf1Dir Pd IDCW,–,–,–,–,–,–
Tata Treasury Advant Sgt Ptf1Dir Wk IDCW,–,–,–,–,–,–
Tata Treasury Advant Sgt Ptf1Reg Dl IDCW,–,–,–,–,–,–
Tata Treasury Advantage Sgtd Ptf 1 RegGr,–,–,–,–,–,–
Tata Treasury Advant Sgt Ptf1Reg Pd IDCW,–,–,–,–,–,–
Tata Treasury Advant Sgt Ptf1Reg Wk IDCW,–,–,–,–,–,–
Taurus Ethical Bns,–,–,–,–,14.81,0.65
Taurus Ethical Dir Bns,–,–,–,–,14.81,0.73
Taurus Ethical Dir Gr,–,–,–,–,14.8,0.73
Taurus Ethical Dir IDCW-P,–,–,–,–,14.81,0.73
Taurus Ethical Dir IDCW-R,–,–,–,–,14.81,0.73
Taurus Ethical Gr,–,–,–,–,14.81,0.65
Taurus Ethical IDCW-P,–,–,–,–,14.81,0.65
Taurus Ethical IDCW-R,–,–,–,–,14.81,0.65
TrustMF Corporate Bond Dir Gr,–,–,–,–,–,–
TrustMF Corporate Bond Dir Mn IDCW-P,–,–,–,–,–,–
TrustMF Corporate Bond Dir Mn IDCW-R,–,–,–,–,–,–
TrustMF Corporate Bond Reg Gr,–,–,–,–,–,–
TrustMF Corporate Bond Reg Mn IDCW-P,–,–,–,–,–,–
TrustMF Corporate Bond Reg Mn IDCW-R,–,–,–,–,–,–
TrustMF Flexi Cap Dir Gr,–,–,–,–,–,–
TrustMF Flexi Cap Dir IDCW-P,–,–,–,–,–,–
TrustMF Flexi Cap Dir IDCW-R,–,–,–,–,–,–
TrustMF Flexi Cap Reg Gr,–,–,–,–,–,–
TrustMF Flexi Cap Reg IDCW-P,–,–,–,–,–,–
TrustMF Flexi Cap Reg IDCW-R,–,–,–,–,–,–
TRUSTMF Money Market Dir Gr,–,–,–,–,–,–
TRUSTMF Money Market Dir Mn IDCW-P,–,–,–,–,–,–
TRUSTMF Money Market Dir Mn IDCW-R,–,–,–,–,–,–
TRUSTMF Money Market Reg Gr,–,–,–,–,–,–
TRUSTMF Money Market Reg Mn IDCW-P,–,–,–,–,–,–
TRUSTMF Money Market Reg Mn IDCW-R,–,–,–,–,–,–
TrustMF Small Cap Dir Gr,–,–,–,–,–,–
TrustMF Small Cap Dir IDCW-P,–,–,–,–,–,–
TrustMF Small Cap Dir IDCW-R,–,–,–,–,–,–
TrustMF Small Cap Reg Gr,–,–,–,–,–,–
TrustMF Small Cap Reg IDCW-P,–,–,–,–,–,–
TrustMF Small Cap Reg IDCW-R,–,–,–,–,–,–
Unifi Dynamic Asset Allocation Dir Gr,–,–,–,–,–,–
Unifi Dynamic Asset Allocation Reg Gr,–,–,–,–,–,–
Union Active Momentum Dir Gr,–,–,–,–,–,–
Union Active Momentum Dir IDCW-P,–,–,–,–,–,–
Union Active Momentum Dir IDCW-R,–,–,–,–,–,–
Union Active Momentum Reg Gr,–,–,–,–,–,–
Union Active Momentum Reg IDCW-P,–,–,–,–,–,–
Union Active Momentum Reg IDCW-R,–,–,–,–,–,–
Union Arbitrage Dir Gr,–,–,–,–,0.56,1.08
Union Arbitrage Dir IDCW-P,–,–,–,–,0.56,1.09
Union Arbitrage Dir IDCW-R,–,–,–,–,0.56,1.09
Union Arbitrage Dir IDCW-T,–,–,–,–,0.56,1.09
Union Arbitrage Reg Gr,–,–,–,–,0.56,-0.16
Union Arbitrage Reg IDCW-P,–,–,–,–,0.56,-0.16
Union Arbitrage Reg IDCW-R,–,–,–,–,0.56,-0.16
Union Arbitrage Reg IDCW-T,–,–,–,–,0.56,-0.16
Union Balanced Advantage Dir Gr,Average,–,–,–,7.08,0.75
Union Balanced Advantage Dir IDCW-P,Average,–,–,–,7.08,0.75
Union Balanced Advantage Dir IDCW-R,Average,–,–,–,7.08,0.75
Union Balanced Advantage Dir IDCW-T,Average,–,–,–,7.08,0.75
Union Balanced Advantage Reg Gr,Average,–,–,–,7.08,0.58
Union Balanced Advantage Reg IDCW-P,Average,–,–,–,7.08,0.58
Union Balanced Advantage Reg IDCW-R,Average,–,–,–,7.08,0.58
Union Balanced Advantage Reg IDCW-T,Average,–,–,–,7.08,0.58
Union Business Cycle Dir Gr,–,–,–,–,–,–
Union Business Cycle Dir IDCW-P,–,–,–,–,–,–
Union Business Cycle Dir IDCW-R,–,–,–,–,–,–
Union Business Cycle Dir IDCW-T,–,–,–,–,–,–
Union Business Cycle Reg Gr,–,–,–,–,–,–
Union Business Cycle Reg IDCW-P,–,–,–,–,–,–
Union Business Cycle Reg IDCW-R,–,–,–,–,–,–
Union Business Cycle Reg IDCW-T,–,–,–,–,–,–
Union Children's Direct Growth,–,–,–,–,–,–
Union Children's Direct IDCW-Payout,–,–,–,–,–,–
Union Children's Regular Growth,–,–,–,–,–,–
Union Children's Regular IDCW-Payout,–,–,–,–,–,–
Union Equity Savings Fund Dir Gr,Below Average,–,–,–,4.41,0.55
Union Equity Savings Fund Dir IDCW-P,Below Average,–,–,–,4.41,0.55
Union Equity Savings Fund Dir IDCW-R,Below Average,–,–,–,4.41,0.55
Union Equity Savings Fund Dir IDCW-T,Below Average,–,–,–,4.41,0.55
Union Equity Savings Fund Reg Gr,Below Average,–,–,–,4.39,0.44
Union Equity Savings Fund Reg IDCW-P,Below Average,–,–,–,4.39,0.44
Union Equity Savings Fund Reg IDCW-R,Below Average,–,–,–,4.39,0.44
Union Equity Savings Fund Reg IDCW-T,Below Average,–,–,–,4.39,0.44
Union Gilt Dir Ann IDCW-P,–,–,–,–,–,–
Union Gilt Dir Ann IDCW-R,–,–,–,–,–,–
Union Gilt Dir Ann IDCW-T,–,–,–,–,–,–
Union Gilt Dir Gr,–,–,–,–,–,–
Union Gilt Dir HY IDCW-P,–,–,–,–,–,–
Union Gilt Dir HY IDCW-R,–,–,–,–,–,–
Union Gilt Dir HY IDCW-T,–,–,–,–,–,–
Union Gilt Reg Ann IDCW-P,–,–,–,–,–,–
Union Gilt Reg Ann IDCW-R,–,–,–,–,–,–
Union Gilt Reg Ann IDCW-T,–,–,–,–,–,–
Union Gilt Reg Gr,–,–,–,–,–,–
Union Gilt Reg HY IDCW-P,–,–,–,–,–,–
Union Gilt Reg HY IDCW-R,–,–,–,–,–,–
Union Gilt Reg HY IDCW-T,–,–,–,–,–,–
Union Gold ETF FoF Dir Gr,–,–,–,–,–,–
Union Gold ETF FoF Dir IDCW-P,–,–,–,–,–,–
Union Gold ETF FoF Dir IDCW-R,–,–,–,–,–,–
Union Gold ETF FoF Dir IDCW-T,–,–,–,–,–,–
Union Gold ETF FoF Reg Gr,–,–,–,–,–,–
Union Gold ETF FoF Reg IDCW-P,–,–,–,–,–,–
Union Gold ETF FoF Reg IDCW-R,–,–,–,–,–,–
Union Gold ETF FoF Reg IDCW-T,–,–,–,–,–,–
Union Innovation & Opports Dir Gr,–,–,–,–,–,–
Union Innovation & Opports Dir IDCW-P,–,–,–,–,–,–
Union Innovation & Opports Dir IDCW-R,–,–,–,–,–,–
Union Innovation & Opports Dir IDCW-T,–,–,–,–,–,–
Union Innovation & Opports Reg Gr,–,–,–,–,–,–
Union Innovation & Opports Reg IDCW-P,–,–,–,–,–,–
Union Innovation & Opports Reg IDCW-R,–,–,–,–,–,–
Union Innovation & Opports Reg IDCW-T,–,–,–,–,–,–
Union Money Market Dir Dl IDCW-R,–,–,–,–,–,–
Union Money Market Dir Dl IDCW-T,–,–,–,–,–,–
Union Money Market Dir Wk IDCW-R,–,–,–,–,–,–
Union Money Market Dir Wk IDCW-T,–,–,–,–,–,–
Union Money Market Reg Mn IDCW-P,–,–,–,–,–,–
Union Money Market Reg Mn IDCW-R,–,–,–,–,–,–
Union Money Market Reg Mn IDCW-T,–,–,–,–,–,–
Union Money Market Reg Wk IDCW-R,–,–,–,–,–,–
Union Money Market Reg Wk IDCW-T,–,–,–,–,–,–
Union Multi Asset Allocation Dir Gr,–,–,–,–,–,–
Union Multi Asset Allocation Dir IDCW-P,–,–,–,–,–,–
Union Multi Asset Allocation Dir IDCW-R,–,–,–,–,–,–
Union Multi Asset Allocation Reg Gr,–,–,–,–,–,–
Union Multi Asset Allocation Reg IDCW-P,–,–,–,–,–,–
Union Multi Asset Allocation Reg IDCW-R,–,–,–,–,–,–
Union Multicap Dir Gr,–,–,–,–,–,–
Union Multicap Dir IDCW-P,–,–,–,–,–,–
Union Multicap Dir IDCW-R,–,–,–,–,–,–
Union Multicap Dir IDCW-T,–,–,–,–,–,–
Union Multicap Reg Gr,–,–,–,–,–,–
Union Multicap Reg IDCW-P,–,–,–,–,–,–
Union Multicap Reg IDCW-R,–,–,–,–,–,–
Union Multicap Reg IDCW-T,–,–,–,–,–,–
Union Retirement Dir Gr,–,–,–,–,–,–
Union Retirement Dir IDCW-P,–,–,–,–,–,–
Union Retirement Reg Gr,–,–,–,–,–,–
Union Retirement Reg IDCW-P,–,–,–,–,–,–
Union Short Duration Dir Gr,–,–,–,–,–,–
Union Short Duration Dir IDCW-P,–,–,–,–,–,–
Union Short Duration Dir IDCW-R,–,–,–,–,–,–
Union Short Duration Dir IDCW-T,–,–,–,–,–,–
Union Short Duration Reg Gr,–,–,–,–,–,–
Union Short Duration Reg IDCW-P,–,–,–,–,–,–
Union Short Duration Reg IDCW-R,–,–,–,–,–,–
Union Short Duration Reg IDCW-T,–,–,–,–,–,–
UTI Arbitrage Dir Gr,–,–,–,–,0.56,1.33
UTI Arbitrage Dir IDCW-P,–,–,–,–,0.56,1.34
UTI Arbitrage Dir IDCW-R,–,–,–,–,0.56,1.34
UTI Arbitrage Reg Gr,–,–,–,–,0.56,0.16
UTI Arbitrage Reg IDCW-P,–,–,–,–,0.56,0.16
UTI Arbitrage Reg IDCW-R,–,–,–,–,0.56,0.16
UTI Balanced Advantage Dir Gr,–,–,–,–,–,–
UTI Balanced Advantage Dir IDCW-P,–,–,–,–,–,–
UTI Balanced Advantage Reg Gr,–,–,–,–,–,–
UTI Balanced Advantage Reg IDCW-P,–,–,–,–,–,–
UTI Bond Sgtd-17022020 Dir Ann IDCW-P,–,–,–,–,–,–
UTI Bond Sgtd-17022020 Dir Fl IDCW-P,–,–,–,–,–,–
UTI Bond Sgtd-17022020 Dir Gr,–,–,–,–,–,–
UTI Bond Sgtd-17022020 Dir HY IDCW-P,–,–,–,–,–,–
UTI Bond Sgtd-17022020 Dir Qt IDCW-P,–,–,–,–,–,–
UTI Bond Sgtd-17022020 Reg Ann IDCW-P,–,–,–,–,–,–
UTI Bond Sgtd-17022020 Reg Fl IDCW-P,–,–,–,–,–,–
UTI Bond Sgtd-17022020 Reg Gr,–,–,–,–,–,–
UTI Bond Sgtd-17022020 Reg HY IDCW-P,–,–,–,–,–,–
UTI Bond Sgtd-17022020 Reg Qt IDCW-P,–,–,–,–,–,–
UTI BSE Housing Index Dir Gr,–,–,–,–,–,–
UTI BSE Housing Index Reg Gr,–,–,–,–,–,–
UTI BSE Low Volatility Index Dir Gr,–,–,–,–,13.59,0.76
UTI BSE Low Volatility Index Reg Gr,–,–,–,–,13.58,0.73
UTI Children's Hybrid- Dir,–,–,–,–,6.23,0.7
UTI Children's Hybrid-Dir -ScholarshipPl,–,–,–,–,6.23,0.7
UTI Children's Hybrid- Reg,–,–,–,–,6.22,0.67
UTI Children's Hybrid- Scholarship Plan,–,–,–,–,6.22,0.67
UTI Credit Risk Sgtd-06032020 DrFlIDCW-P,–,–,–,–,–,–
UTI Credit Risk Sgtd-06032020 Dir Gr,–,–,–,–,–,–
UTI Credit Risk Sgtd-06032020 DrHYIDCW-P,–,–,–,–,–,–
UTI Credit Risk Sgtd-06032020 DrMnIDCW-P,–,–,–,–,–,–
UTI Credit Risk Sgtd-06032020 DrQtIDCW-P,–,–,–,–,–,–
UTI Credit Risk Sgtd-06032020 RgAnIDCW-P,–,–,–,–,–,–
UTI Credit Risk Sgtd-06032020 RgFlIDCW-P,–,–,–,–,–,–
UTI Credit Risk Sgtd-06032020 Reg Gr,–,–,–,–,–,–
UTI Credit Risk Sgtd-06032020 RgHYIDCW-P,–,–,–,–,–,–
UTI Credit Risk Sgtd-06032020 RgMnIDCW-P,–,–,–,–,–,–
UTI Credit Risk Sgtd-06032020 RgQtIDCW-P,–,–,–,–,–,–
UTI Credit Risk Sgtd-13092019 DrAnIDCW-P,–,–,–,–,–,–
UTI Credit Risk Sgtd-13092019 DrFlIDCW-P,–,–,–,–,–,–
UTI Credit Risk Sgtd-13092019 Dir Gr,–,–,–,–,–,–
UTI Credit Risk Sgtd-13092019 DrHYIDCW-P,–,–,–,–,–,–
UTI Credit Risk Sgtd-13092019 DrMnIDCW-P,–,–,–,–,–,–
UTI Credit Risk Sgtd-13092019 DrQtIDCW-P,–,–,–,–,–,–
UTI Credit Risk Sgtd-13092019 RgAnIDCW-P,–,–,–,–,–,–
UTI Credit Risk Sgtd-13092019 RgFlIDCW-P,–,–,–,–,–,–
UTI Credit Risk Sgtd-13092019 Reg Gr,–,–,–,–,–,–
UTI Credit Risk Sgtd-13092019 RgHYIDCW-P,–,–,–,–,–,–
UTI Credit Risk Sgtd-13092019 RgMnIDCW-P,–,–,–,–,–,–
UTI Credit Risk Sgtd-13092019 RgQtIDCW-P,–,–,–,–,–,–
UTI CRISIL SDL Maturity 04 33 Idx Dir Gr,–,–,–,–,–,–
UTI CRISIL SDL Maturity 04 33 Idx Reg Gr,–,–,–,–,–,–
UTI CRISIL SDL Maturity 06 27 Idx Dir Gr,–,–,–,–,–,–
UTI CRISIL SDL Maturity 06 27 Idx Reg Gr,–,–,–,–,–,–
UTI Dynamic Bd Sgtd-17022020 DirAnnIDCWP,–,–,–,–,–,–
UTI Dynamic Bd Sgtd-17022020 Dir FlIDCWP,–,–,–,–,–,–